name,prefecture,city,lv01Nm,link,hyoka,comi,yado,onsen_num,dai,roten,sauna,kinen,kokyu,tanjun,enka,tansan,iou,housya,ryusan,sansei,gantetsu,nisan,youso
箱根温泉,神奈川県,箱根町,仙石原,http://www.hakone-ryokan.or.jp,4.22,78705,234,212,150,146,39,205,45,True,True,True,True,True,True,True,False,False,False
由布院温泉,大分県,由布市,湯布院町川上,http://www.yufuin.gr.jp,4.52,22264,139,134,45,97,3,130,21,True,True,True,True,True,True,False,True,False,False
伊豆高原温泉,静岡県,伊東市,八幡野,なし,4.52,22918,135,133,24,77,9,129,21,True,True,False,False,True,True,False,False,False,False
別府温泉郷,大分県,別府市,観海寺,http://www.gokuraku-jigoku-beppu.com/,4.25,54139,126,117,62,75,24,114,11,True,True,True,True,True,True,True,True,False,False
草津温泉,群馬県,草津町,大字草津,http://www.kusatsu-onsen.ne.jp,4.30,34133,121,115,53,37,8,110,8,False,True,True,True,True,True,True,False,False,False
白馬八方温泉,長野県,白馬村,大字北城,http://hakuba-happo-onsen.jp,4.31,8239,123,114,49,27,15,113,6,True,True,True,False,True,False,False,False,False,False
那須温泉郷,栃木県,那須町,大字高久丙,http://www.nasuonsen.com,4.19,35195,113,101,45,61,14,101,9,True,True,True,True,True,True,True,False,False,False
奥飛騨温泉郷,岐阜県,高山市,奥飛騨温泉郷平湯,http://www.okuhida.or.jp/,4.31,13414,110,96,54,91,6,87,3,True,True,True,True,False,False,False,False,False,False
湯沢温泉郷,新潟県,湯沢町,大字土樽,http://www.yuzawaonsen.jp,4.19,18139,92,83,49,26,14,80,2,True,True,True,True,True,True,False,False,False,False
妙高高原温泉郷,新潟県,妙高市,大字関川,http://myoko-note.jp/spa/,4.23,5129,97,81,44,15,3,80,2,True,True,True,True,True,True,False,True,False,False
熱海温泉,静岡県,熱海市,西熱海町一丁目,http://www.atamispa.com,4.12,40267,77,71,50,49,18,70,15,True,True,True,False,True,True,False,True,False,False
片品温泉郷,群馬県,片品村,大字戸倉,http://www.oze-info.com/onsen/index.html,4.33,2611,72,65,37,7,3,63,0,True,True,False,True,False,False,False,False,False,False
湯田中渋温泉郷,長野県,山ノ内町,大字平穏,http://www.yudanaka-onsen.info,4.33,11441,75,65,39,33,7,61,5,True,True,True,True,True,True,False,True,False,False
鳥羽温泉郷,三重県,鳥羽市,相差町,http://www.toba-onsen.com,4.24,36938,73,64,59,46,12,70,6,True,True,True,False,False,True,False,False,False,False
城崎温泉,兵庫県,豊岡市,城崎町今津,http://www.kinosaki-spa.gr.jp,4.24,17015,67,63,31,22,6,62,6,True,True,False,True,False,True,False,False,False,False
白浜温泉,和歌山県,白浜町,－,http://www.nanki-shirahama.com/index.php,4.10,30855,61,58,36,25,11,58,3,False,True,True,True,True,False,False,False,False,False
湯河原温泉,神奈川県,熱海市,泉,http://www.yugawara.or.jp,4.16,13361,61,55,40,38,9,51,11,True,True,False,False,True,True,False,False,False,False
乗鞍高原温泉,長野県,松本市,安曇,http://www.spa-norikura.com,4.42,3914,64,55,12,36,2,52,0,True,False,True,True,True,False,True,False,False,False
加賀温泉郷,石川県,小松市,粟津町,http://www.tabimati.net/,4.10,34392,57,53,50,50,16,52,6,True,True,False,False,True,True,False,False,False,False
野沢温泉,長野県,野沢温泉村,大字豊郷,http://nozawakanko.jp,4.28,3589,60,51,25,8,3,58,2,True,True,False,True,True,True,False,False,False,False
鳴子温泉郷,宮城県,大崎市,鳴子温泉,http://www.naruko.gr.jp,4.01,13658,63,50,35,27,1,48,1,True,True,True,True,True,True,False,False,False,False
伊東温泉,静岡県,伊東市,末広町,http://www.ito.or.jp,4.23,29583,51,49,33,32,9,47,9,True,True,False,False,False,True,False,False,False,False
鉄輪温泉,大分県,別府市,御幸,http://www.kannawaryokan.com,4.22,8971,53,49,19,32,12,47,3,True,True,True,True,True,True,True,True,False,False
石和温泉,山梨県,笛吹市,石和町市部,http://www.isawaonsen.or.jp,4.11,19624,52,47,41,39,13,45,1,True,False,False,True,False,True,False,False,False,False
塩原温泉郷,栃木県,那須塩原市,塩原,http://www.siobara.or.jp/,4.27,14550,53,47,33,35,5,42,3,True,True,True,True,False,True,True,False,False,False
仙石原温泉,神奈川県,箱根町,仙石原,http://www.sengokuhara-onsen.com,4.24,13689,51,46,31,29,6,45,11,True,True,True,True,True,True,True,False,False,False
富士河口湖温泉,山梨県,富士河口湖町,船津,http://www.fujisan.ne.jp,4.07,24039,51,46,34,28,13,50,7,True,True,True,False,True,True,False,False,False,False
強羅温泉,神奈川県,箱根町,強羅,http://hakone-gora.com,4.24,19287,48,44,28,23,7,42,9,True,True,True,True,True,True,True,False,False,False
赤倉温泉,新潟県,妙高市,大字赤倉,http://www.akakura.gr.jp,4.28,2654,52,44,25,6,2,44,0,True,True,True,False,True,True,False,False,False,False
河津温泉郷,静岡県,河津町,見高,http://www.kawazu-onsen.com,4.56,4116,51,44,16,28,4,39,3,True,True,False,False,True,True,False,False,False,False
水上温泉郷,群馬県,みなかみ町,湯原,http://www.minakami-onsen.com,4.34,15546,49,44,25,26,4,43,4,True,False,True,True,True,True,False,False,False,False
松崎温泉郷,静岡県,松崎町,江奈,http://izumatsu-ryokan.jp/,4.23,2657,46,42,15,14,0,35,0,True,True,True,False,True,True,False,False,False,False
伊香保温泉,群馬県,渋川市,伊香保町伊香保,http://www.ikaho-kankou.com,4.13,28488,43,41,34,30,10,41,3,True,True,True,True,True,True,False,True,False,False
下呂温泉,岐阜県,下呂市,湯之島,http://www.gero-spa.or.jp,4.16,24715,41,41,33,27,7,39,7,True,False,False,True,False,False,False,False,False,False
越後湯沢温泉,新潟県,湯沢町,大字湯沢,https://www.snow-country-tourism.jp/,4.25,11302,43,40,22,17,11,37,1,True,True,False,True,False,True,False,False,False,False
別府温泉,大分県,別府市,中央町,http://www.gokuraku-jigoku-beppu.com/,4.12,27369,39,39,30,25,7,39,3,True,True,True,False,True,False,False,False,False,False
箱根湯本温泉,神奈川県,箱根町,湯本,http://www.hakoneyumoto.com,4.14,23639,42,38,33,36,12,38,7,True,True,False,True,True,True,False,False,False,False
山中湖温泉,山梨県,山中湖村,山中,なし,4.30,3020,41,38,18,12,5,41,3,True,False,False,False,False,False,False,False,False,False
鬼怒川温泉,栃木県,日光市,鬼怒川温泉滝,なし,4.15,33993,39,37,32,33,17,37,7,True,True,False,False,True,False,False,False,False,False
日光温泉,栃木県,日光市,所野,なし,4.25,9285,39,37,15,21,3,38,5,True,False,False,False,False,False,False,False,False,False
有馬温泉,兵庫県,神戸市北区,有馬町,http://www.arima-onsen.com,4.22,21059,40,37,33,26,15,37,13,True,True,False,False,True,True,False,True,False,False
道後温泉郷,愛媛県,松山市,二番町三丁目,https://dogo.jp/,4.34,37581,38,36,27,24,10,37,3,True,False,False,True,False,False,False,False,False,False
土肥温泉,静岡県,伊豆市,土肥,http://www.toi-annai.com,4.37,9945,37,35,17,21,4,30,3,True,True,False,False,True,True,False,False,False,False
飛騨高山温泉,岐阜県,高山市,西之一色町二丁目,なし,4.28,22746,36,35,28,21,9,35,5,True,True,True,False,True,False,False,False,False,False
伊豆長岡温泉,静岡県,伊豆の国市,古奈,http://izuspa.com,4.21,17313,35,34,33,31,9,34,2,True,False,False,True,False,False,False,False,False,False
南阿蘇温泉,熊本県,南阿蘇村,大字久石,http://minamiaso-onsen.jp,4.39,9791,40,34,13,16,8,35,3,True,False,True,True,True,True,True,False,False,False
飯坂温泉,福島県,福島市,飯坂町,http://www.iizaka.com,3.83,7750,38,33,27,10,3,33,0,True,False,False,False,False,True,False,False,False,False
蔵王温泉,山形県,山形市,蔵王温泉,http://www.zao-spa.or.jp,4.39,12052,37,32,19,21,5,32,1,False,True,False,True,True,True,True,True,False,False
塩原温泉,栃木県,那須塩原市,塩原,http://www.siobara.or.jp/,4.21,10416,36,32,21,23,3,27,1,True,True,True,False,False,True,False,False,False,False
四万温泉,群馬県,中之条町,大字四万,http://shimaonsen.com,4.31,11182,32,32,17,26,1,32,3,True,True,True,False,True,True,False,False,False,False
夕日ヶ浦温泉,京都府,京丹後市,網野町浜詰,なし,4.38,4042,32,31,23,19,0,30,9,True,False,False,False,False,False,False,False,False,False
新穂高温泉,岐阜県,高山市,奥飛騨温泉郷神坂,http://shinhotaka.com,4.37,2233,36,30,14,29,1,28,0,True,True,True,True,False,False,False,False,False,False
遠刈田温泉,宮城県,不明,不明,http://togatta.jp,4.38,5693,30,29,17,16,4,28,3,True,True,True,True,True,True,False,True,False,False
道後温泉,愛媛県,松山市,道後鷺谷町,http://www.dogo.or.jp/,4.39,21486,29,29,20,18,4,29,3,True,False,False,False,False,False,False,False,False,False
黒川温泉,熊本県,南小国町,大字満願寺,http://www.kurokawaonsen.or.jp,4.58,6286,32,29,20,26,4,29,2,True,True,True,True,True,True,True,False,False,False
片品温泉,群馬県,片品村,大字土出,なし,4.41,1054,30,28,18,4,2,26,0,True,False,False,True,False,False,False,False,False,False
戸倉上山田温泉,長野県,千曲市,上山田温泉一丁目,http://chikuma-kanko.com/modules/contents/index.php?content_id=4,4.17,10263,32,28,27,20,8,28,3,True,False,False,True,False,False,False,False,False,False
上諏訪温泉,長野県,諏訪市,高島二丁目,http://www.suwako-onsen.com,4.20,18501,29,28,18,15,3,26,2,True,False,True,True,False,False,False,False,False,False
渋温泉,長野県,山ノ内町,大字平穏,http://www.shibuonsen.net,4.22,4632,30,27,16,13,1,24,1,True,True,False,True,True,True,False,True,False,False
越前玉川温泉,福井県,越前町,茂原,なし,4.42,1590,30,27,12,2,0,27,6,True,True,True,False,False,True,False,False,False,False
嬉野温泉,佐賀県,嬉野市,嬉野町大字岩屋川内,http://spa-u.net,4.20,13798,29,27,22,22,5,26,1,True,True,True,False,False,False,False,True,False,False
雲見温泉,静岡県,松崎町,雲見,http://kumomikankou.com,4.38,1341,28,26,10,10,0,20,0,True,True,False,False,False,True,False,False,False,False
弓ヶ浜温泉,静岡県,南伊豆町,湊,なし,4.30,1375,26,26,5,7,0,21,0,True,True,False,False,False,True,False,False,False,False
湯の川温泉,北海道,函館市,湯川町一丁目,http://hakodate-yunokawa.jp,4.24,11967,26,25,22,18,8,25,4,False,True,False,False,False,False,False,False,False,False
新那須温泉,栃木県,那須町,大字湯本,http://www.nasuonsen.com,4.04,10106,26,25,15,13,4,25,3,True,True,True,True,False,False,True,False,False,False
池の平温泉,新潟県,妙高市,大字関川,http://www.ikenotaira.jp,4.37,1169,28,25,11,2,1,24,0,True,True,True,True,False,True,False,False,False,False
穂高温泉郷,長野県,安曇野市,穂高有明,http://www.hotakaonsen.com,4.35,1732,27,24,10,10,0,23,1,True,False,False,True,False,False,False,False,False,False
網代温泉,静岡県,熱海市,下多賀,http://www.ajirospa.com,4.09,6404,27,24,7,13,2,22,3,True,True,False,False,False,True,False,False,False,False
今井浜温泉,静岡県,河津町,見高,https://www.kawazu-onsen.com/yado/imaispa.html,4.66,2258,25,24,6,11,3,21,1,True,True,False,False,False,False,False,False,False,False
久美浜温泉郷,京都府,京丹後市,久美浜町湊宮,なし,4.36,2227,25,24,13,8,0,24,3,False,True,False,True,True,True,False,False,False,False
香住温泉,兵庫県,香美町,香住区七日市,なし,4.44,2658,26,24,12,7,1,25,1,True,True,False,False,False,True,False,False,False,False
指宿温泉,鹿児島県,指宿市,東方,http://www.ibusuki.or.jp/spa/,4.12,9710,26,24,17,13,4,24,1,False,True,False,True,False,False,False,False,False,False
秩父温泉,埼玉県,秩父市,黒谷,なし,4.27,9805,28,24,21,17,2,26,0,True,True,True,True,False,False,False,False,False,False
戸狩温泉,長野県,飯山市,大字豊田,http://www.togarionsen.jp,3.76,356,25,22,12,0,0,22,0,True,False,False,False,False,False,False,False,False,False
下田温泉,静岡県,下田市,柿崎,http://hotel.shimoda100.com,3.95,6214,23,22,12,9,2,21,1,True,True,False,False,False,False,False,False,False,False
新平湯温泉,岐阜県,高山市,奥飛騨温泉郷一重ヶ根,http://shinhirayuonsen.com,4.33,3233,24,22,11,21,1,20,0,True,False,True,True,False,False,False,False,False,False
筋湯温泉,大分県,九重町,大字湯坪,http://www.sujiyu-onsen.com/,4.43,1852,25,22,7,16,1,18,0,True,True,False,False,False,False,False,False,False,False
奥日光湯元温泉,栃木県,日光市,湯元,http://www.nikkoyumoto.com,4.43,5658,23,21,16,16,1,18,1,False,True,True,True,True,True,True,True,False,False
浅間温泉,長野県,松本市,浅間温泉一丁目,http://www.asamaonsen.com,4.30,4726,25,21,18,12,2,21,0,True,False,False,True,False,False,False,False,False,False
和倉温泉,石川県,七尾市,和倉町,http://www.wakura.or.jp,4.03,11910,21,21,21,17,8,21,4,False,True,False,False,False,False,False,False,False,False
平湯温泉,岐阜県,高山市,奥飛騨温泉郷平湯,http://hirayuonsen.or.jp,4.12,4610,23,21,12,19,3,19,1,True,True,True,True,False,False,False,False,False,False
かみのやま温泉,山形県,上山市,葉山,http://kaminoyama-spa.com,4.29,7154,22,20,18,12,4,20,3,True,True,False,False,True,True,False,False,False,False
岩原温泉,新潟県,湯沢町,大字土樽,http://yuzawa.jp,4.00,774,22,20,14,2,2,17,1,True,True,False,True,False,False,False,False,False,False
山代温泉,石川県,加賀市,山代温泉,http://www.yamashiro-spa.or.jp,4.21,12483,21,20,20,20,8,20,2,True,True,False,False,True,True,False,False,False,False
三国温泉,福井県,坂井市,三国町緑ケ丘四丁目,なし,3.99,1585,23,20,9,6,1,19,3,True,True,True,True,False,True,False,False,False,False
皆生温泉,鳥取県,米子市,皆生温泉三丁目,http://www.kaike-onsen.com/index_pc.html,4.16,16888,21,20,18,15,7,20,1,False,True,False,False,False,False,False,False,False,False
湯平温泉,大分県,由布市,湯布院町湯平,http://www.yunohira-onsen.jp,4.74,1601,20,20,4,13,1,19,1,True,True,True,False,False,True,False,False,False,False
湯田中温泉,長野県,山ノ内町,大字平穏,http://www.avis.ne.jp/~yudanaka/,4.23,3767,22,19,15,10,4,19,3,True,True,True,True,False,True,False,False,False,False
昼神温泉,長野県,阿智村,智里,http://hirugamionsen.jp,4.36,7059,19,19,19,14,5,19,2,True,False,False,True,False,False,False,False,False,False
芦原温泉,福井県,あわら市,温泉四丁目,http://awara.info,4.17,16587,20,19,18,16,6,19,2,True,True,False,False,False,False,False,False,False,False
佐津温泉,兵庫県,香美町,香住区訓谷,http://kasumi-kanko.com/stay/sazu/stay_cat_sazu.html,4.54,1071,19,19,6,5,1,18,3,False,True,True,True,True,True,False,False,False,False
霧島温泉,鹿児島県,霧島市,牧園町高千穂,http://kirishimakankou.com,4.41,10234,21,19,9,17,5,19,5,True,True,True,True,False,False,False,False,False,False
熊野本宮温泉郷,和歌山県,田辺市,本宮町川湯,http://www.hongu.jp,4.39,3928,21,19,9,14,0,18,1,True,True,True,True,False,False,False,True,False,False
南知多温泉郷,愛知県,南知多町,大字内海,http://minamichita-kk.com/spa,3.96,3839,25,19,20,13,3,24,1,True,True,True,False,False,False,False,False,False,False
花巻温泉郷,岩手県,花巻市,鉛,なし,4.36,15900,24,19,16,12,6,19,3,True,True,True,True,True,True,False,False,False,False
東山温泉,福島県,会津若松市,東山町大字石山,http://www.aizu-higashiyama.com/index.html,3.94,16900,18,18,16,10,3,18,1,True,True,False,False,True,True,False,False,False,False
尾瀬戸倉温泉,群馬県,片品村,大字戸倉,なし,4.43,1044,20,18,8,0,1,17,0,True,True,False,True,False,False,False,False,False,False
猿ヶ京温泉,群馬県,みなかみ町,猿ヶ京温泉,http://www.sarugakyo-ryokan.com/,4.29,4947,20,18,13,15,1,18,0,True,True,False,False,True,True,False,False,False,False
鴨川温泉,千葉県,鴨川市,西町,http://www.kamogawa-hotel.info,4.22,7573,20,18,14,9,3,19,1,True,True,True,True,False,False,False,False,False,False
三朝温泉,鳥取県,三朝町,大字山田,http://spa-misasa.jp,4.32,6689,20,18,14,11,5,18,1,True,True,True,False,True,True,False,False,False,False
湯田温泉,山口県,山口市,湯田温泉四丁目,http://www.yudaonsen.com,4.20,13265,18,18,14,9,5,18,2,True,False,False,True,False,False,False,False,False,False
鳴子温泉,宮城県,大崎市,鳴子温泉,http://www.naruko.gr.jp,4.05,10009,19,17,14,10,0,17,0,True,True,True,True,True,True,False,False,False,False
湯野浜温泉,山形県,鶴岡市,湯野浜一丁目,http://www.yunohamaonsen.com,4.12,5744,18,17,16,9,5,17,1,True,True,False,False,True,True,False,False,False,False
苗場温泉,新潟県,湯沢町,大字三国,なし,4.19,2028,20,17,10,5,0,20,0,True,True,True,False,True,True,False,False,False,False
山中温泉,石川県,加賀市,山中温泉下谷町,https://www.yamanaka-spa.or.jp,3.99,7306,19,17,15,16,5,17,4,True,False,False,False,True,True,False,False,False,False
熱川温泉,静岡県,東伊豆町,奈良本,http://www.atagawa.net,4.24,6614,17,17,11,13,4,16,1,False,True,False,False,True,True,False,False,False,False
湯原温泉郷,岡山県,真庭市,湯原温泉,http://www.yubara.com,4.30,5535,18,17,10,12,2,17,1,True,False,False,False,False,False,False,False,False,False
八幡平温泉,岩手県,八幡平市,松尾寄木,http://www.hachimantai.or.jp/onsen/search.cgi,4.26,1607,19,16,5,4,2,16,1,True,False,False,True,False,False,False,False,False,False
秋保温泉,宮城県,仙台市太白区,秋保町湯元,http://akiuonsenkumiai.com,4.11,21611,19,16,16,12,7,18,4,False,True,False,True,True,False,False,False,False,False
湯野上温泉,福島県,下郷町,大字湯野上,http://yunokami.com,4.03,1477,23,16,11,12,0,15,1,True,False,False,True,False,False,False,False,False,False
姥子温泉,神奈川県,箱根町,仙石原,なし,4.11,7238,17,16,13,13,5,16,1,True,True,True,True,True,True,False,False,False,False
鹿教湯温泉,長野県,上田市,西内,http://www.kakeyu.or.jp,4.05,2371,20,16,16,11,0,16,0,True,False,False,False,False,False,False,False,False,False
氷見温泉郷,富山県,氷見市,阿尾,https://kitokitohimi.com/site/stay/himionsen.html,4.02,3459,18,16,13,8,1,17,0,True,True,True,False,False,False,False,False,False,False
玉造温泉,島根県,松江市,玉湯町玉造,http://tamayado.com,4.23,12372,17,16,15,14,4,16,2,True,True,False,False,True,True,False,False,False,False
湯田温泉峡,岩手県,西和賀町,湯川,http://www.yamanoideyu.com,4.20,1231,18,16,11,6,0,16,1,True,True,False,False,True,True,False,False,False,False
六日町温泉郷,新潟県,南魚沼市,小栗山,http://www.muikamachi.jp/hotspring/index.html,4.17,1910,22,16,11,7,0,16,0,True,True,False,False,False,False,False,False,False,False
定山渓温泉,北海道,札幌市南区,定山渓温泉東二丁目,http://jozankei.jp,4.17,12490,17,15,13,14,7,15,4,True,True,False,False,False,False,False,False,False,False
肘折温泉,山形県,大蔵村,大字南山,http://hijiori.jp,4.39,2023,19,15,12,5,0,15,1,True,True,True,False,False,False,False,False,False,False
磐梯熱海温泉,福島県,郡山市,熱海町熱海五丁目,http://www.bandaiatami.or.jp,4.27,5825,20,15,12,13,4,15,4,True,False,False,False,False,True,True,False,False,False
いわき湯本温泉,福島県,いわき市,常磐湯本町,http://www.iwakiyumoto.or.jp,4.15,5195,17,15,12,5,1,13,0,True,True,True,True,True,True,False,False,False,False
那須湯本温泉,栃木県,那須町,大字湯本,http://www.nasuonsen.com,4.10,2228,18,15,7,4,0,13,0,True,True,False,True,False,True,True,False,False,False
老神温泉,群馬県,沼田市,利根町老神,http://www.oigami.net,4.20,4548,17,15,10,12,2,15,0,True,False,True,True,False,False,False,False,False,False
修善寺温泉,静岡県,伊豆市,修善寺,http://shuzenji.info,4.51,4605,18,15,12,11,4,13,6,True,False,False,False,False,False,False,False,False,False
堂ヶ島温泉,静岡県,西伊豆町,仁科,なし,4.46,6086,16,15,7,8,1,15,2,True,False,False,False,False,True,False,False,False,False
稲取温泉,静岡県,東伊豆町,稲取,http://www.inatorionsen.or.jp,4.35,6111,15,15,11,9,5,14,2,True,True,False,False,False,False,False,True,False,False
天ヶ瀬温泉,大分県,日田市,天瀬町湯山,http://www.okaeriamagase.com,4.32,1211,21,15,8,13,0,14,2,True,True,True,True,False,False,False,False,False,False
登別温泉,北海道,登別市,登別温泉町,http://www.noboribetsu-spa.jp/?lang=ja,4.23,13471,16,14,13,13,6,14,3,False,True,False,True,True,True,True,True,False,False
瀬波温泉,新潟県,村上市,瀬波温泉二丁目,http://www.senami.or.jp,4.23,8050,15,14,11,9,3,14,0,False,True,False,False,False,False,False,False,False,False
小浜温泉,長崎県,雲仙市,小浜町北本町,https://obama.or.jp/,4.21,3197,18,14,12,10,1,14,0,True,True,False,False,False,False,False,False,False,False
杖立温泉,熊本県,日田市,天瀬町出口,http://tsuetate-onsen.com,4.33,2710,19,14,9,7,10,12,1,True,True,True,False,False,False,False,False,False,False
洞爺湖温泉,北海道,壮瞥町,字洞爺湖温泉,http://www.laketoya.com,3.97,12106,14,13,12,11,6,13,0,True,True,True,False,True,True,False,False,False,False
鶯宿温泉,岩手県,雫石町,鴬宿,http://www.ousyukuonsen.com,3.88,4084,18,13,9,6,3,11,1,True,False,False,True,False,False,False,False,False,False
天童温泉,山形県,天童市,鎌田本町二丁目,http://www.tendoonsen.or.jp,4.16,4566,14,13,14,10,2,14,2,True,False,False,False,True,True,False,False,False,False
湯西川温泉,栃木県,日光市,湯西川,なし,4.32,7234,16,13,11,11,0,14,0,True,False,False,False,False,False,False,False,False,False
下部温泉,山梨県,身延町,上之平,http://www.shimobe.org,4.21,2328,18,13,7,3,2,14,0,True,True,False,True,False,False,False,False,False,False
月岡温泉,新潟県,新発田市,月岡温泉,http://www.tsukiokaonsen.gr.jp,4.44,7209,16,13,13,11,5,13,4,False,True,False,True,True,True,False,False,False,False
蓼科温泉,長野県,茅野市,北山,なし,4.20,5568,13,13,9,9,4,13,1,True,True,False,False,True,True,True,False,False,False
内海温泉,愛知県,南知多町,大字内海,http://utsumikannkou.main.jp,3.91,2603,17,13,14,9,2,16,0,True,True,False,False,False,False,False,False,False,False
湯の山温泉,三重県,菰野町,大字菰野,http://www.yunoyama-onsen.com,4.16,4636,13,13,11,9,3,13,0,True,True,True,True,False,True,False,False,False,False
勝浦温泉,和歌山県,那智勝浦町,大字勝浦,http://katsuuraonsen.jp,4.02,11037,13,13,8,6,1,13,1,True,True,False,True,False,False,False,False,False,False
湯本温泉,山口県,長門市,深川湯本,http://yumotoonsen.com,4.04,4034,13,13,12,8,2,11,1,True,False,False,False,False,False,False,False,False,False
古湯温泉,佐賀県,佐賀市,富士町大字古湯,http://www.fuji-spa.com,4.38,1428,14,13,10,6,2,13,1,True,False,False,False,False,True,False,False,False,False
長湯温泉,大分県,竹田市,直入町大字長湯,http://www.nagayu-onsen.com/index.php,4.55,1097,15,13,9,11,2,12,1,True,False,True,False,False,False,False,True,True,False
阿蘇内牧温泉,熊本県,阿蘇市,内牧,http://onsen.aso.ne.jp,4.08,4359,17,13,11,8,1,13,1,True,False,True,True,True,True,False,False,False,False
湯之谷温泉郷,新潟県,魚沼市,大湯温泉,http://www.yunotani.or.jp/onsenkyo.html,3.85,1404,18,13,10,8,1,13,0,True,False,False,False,True,False,False,False,False,False
小野川温泉,山形県,米沢市,小野川町,http://www.onogawa.jp/index.html/,4.30,2030,14,12,12,8,1,12,1,False,True,False,True,False,True,False,False,False,False
湯の小屋温泉,群馬県,みなかみ町,藤原,なし,4.11,3033,12,12,3,6,1,12,0,True,False,False,True,False,False,False,False,False,False
白子温泉,千葉県,白子町,中里,http://www.shirako-onsen.jp,4.29,1593,15,12,12,6,0,12,1,False,True,False,False,False,False,False,False,False,False
大平台温泉,神奈川県,箱根町,大平台,http://www.ohiradai.com,4.24,632,14,12,4,9,0,10,0,True,True,False,False,False,True,False,False,False,False
芦ノ湖温泉,神奈川県,箱根町,元箱根,なし,4.15,2864,13,12,8,7,1,11,2,True,False,False,True,False,False,False,False,False,False
美ヶ原温泉,長野県,松本市,大字里山辺,https://www.mcci.or.jp/www/utsukushi/,4.35,5132,13,12,10,9,2,12,0,True,False,False,False,False,False,False,False,False,False
日田温泉,大分県,日田市,隈一丁目,http://www.hita-onsen.com,4.28,3379,14,12,9,8,3,14,1,True,True,True,False,False,True,False,False,False,False
宝泉寺温泉,大分県,九重町,大字町田,http://www.housenji.jp,4.19,1701,15,12,6,12,0,12,1,True,True,False,False,False,False,False,False,False,False
人吉温泉,熊本県,人吉市,上青井町,http://hitoyoshionsen.net,4.15,3239,19,12,8,5,2,15,0,True,True,True,False,True,True,False,False,False,False
別所温泉,長野県,上田市,別所温泉,http://www.bessho-spa.jp/,4.39,3362,12,12,9,10,2,12,4,False,False,False,True,False,False,False,False,False,False
湯川温泉,岩手県,西和賀町,湯川,http://www.yamanoideyu.com/stay/index.html,4.34,1079,12,11,7,5,0,11,1,True,True,False,False,True,False,False,False,False,False
さくらんぼ東根温泉,山形県,東根市,温泉町一丁目,http://www.higashineonsen.com,4.04,893,14,11,9,4,1,9,0,True,True,True,True,True,False,False,False,False,False
両津温泉,新潟県,佐渡市,原黒,なし,3.82,1077,12,11,9,5,0,11,0,False,True,True,False,False,False,False,False,False,False
間人温泉郷,京都府,京丹後市,丹後町間人,なし,4.48,1244,11,11,9,7,1,11,3,True,False,False,False,True,True,False,False,False,False
天橋立温泉,京都府,宮津市,字文珠,なし,4.11,3348,11,11,9,9,1,11,3,False,True,True,False,False,False,False,True,False,False
洲本温泉,兵庫県,洲本市,海岸通一丁目,なし,4.21,12645,11,11,9,10,9,10,3,True,True,False,False,True,True,False,False,False,False
龍神温泉,和歌山県,田辺市,龍神村龍神,http://www.ryujin-kanko.jp/contents/spa/index.html,4.51,1734,11,11,6,3,0,11,0,False,False,True,False,False,False,False,False,False,False
湯郷温泉,岡山県,美作市,湯郷,http://spa-yunogo.or.jp,4.11,5502,12,11,11,9,2,11,0,False,True,False,False,True,False,False,False,False,False
武雄温泉,佐賀県,武雄市,武雄町大字昭和,http://www.takeo-kk.net,4.19,3786,13,11,9,6,2,11,1,True,False,False,False,False,False,False,False,False,False
雲仙温泉,長崎県,雲仙市,小浜町雲仙,http://www.unzen.org,4.44,3829,12,11,9,10,4,12,3,True,False,False,True,True,True,True,True,False,False
山鹿温泉,熊本県,山鹿市,宗方通,http://www.y-kankoukyoukai.com,4.14,1928,12,11,8,4,0,10,0,True,False,False,False,False,True,False,False,False,False
下田温泉,熊本県,天草市,天草町下田北,http://amakusa-shimoda-onsen.jp,4.11,1839,11,11,9,6,0,11,1,True,True,True,False,False,False,False,False,False,False
利尻富士温泉,北海道,利尻富士町,鴛泊,なし,4.33,761,10,10,4,2,0,10,0,False,True,True,False,False,False,False,False,False,False
ウトロ温泉,北海道,斜里町,ウトロ東,なし,4.29,5443,11,10,8,7,3,10,0,True,True,True,False,False,False,False,False,False,False
層雲峡温泉,北海道,上川町,字層雲峡,http://www.sounkyo.net,3.53,6618,10,10,8,8,5,10,0,True,False,True,True,False,False,False,False,False,False
阿寒湖温泉,北海道,釧路市,阿寒町阿寒湖温泉二丁目,http://akanko-spa.jp,4.06,4777,13,10,7,6,2,9,1,True,True,True,False,False,False,False,False,False,False
浅虫温泉,青森県,青森市,大字浅虫,http://www.asamushi.com/,4.23,3740,11,10,8,7,1,8,0,True,True,False,False,True,True,False,False,False,False
田沢湖高原温泉郷,秋田県,仙北市,田沢湖生保内,http://tazawakokougen.jp,4.13,2033,12,10,8,5,0,10,0,False,False,True,True,True,True,False,False,False,False
銀山温泉,山形県,尾花沢市,大字銀山新畑,http://www.ginzanonsen.jp,4.56,1017,10,10,6,4,0,8,0,False,True,True,True,True,True,False,False,False,False
赤湯温泉,山形県,南陽市,赤湯,http://www.akayu-onsen.com,4.26,2968,13,10,9,8,0,9,1,False,True,False,True,False,False,False,False,False,False
宮ノ下温泉,神奈川県,箱根町,宮ノ下,http://www.miyanoshita.com,4.29,2576,11,10,6,7,3,10,4,True,True,False,False,False,False,False,False,False,False
大町温泉郷,長野県,大町市,平,http://www.omachionsen.jp,4.21,4218,10,10,10,9,2,10,0,True,False,False,False,False,False,False,False,False,False
白骨温泉,長野県,松本市,安曇,http://www.shirahone.org,4.48,3887,12,10,9,9,0,9,1,False,True,True,True,False,False,False,False,False,False
下諏訪温泉,長野県,下諏訪町,－,http://shimosuwa.com,4.26,1105,10,10,3,4,0,8,0,True,True,False,False,False,True,False,False,False,False
輪島温泉,石川県,輪島市,マリンタウン,http://www.wajimaonsen.com/index.shtml,4.08,3325,11,10,4,3,2,11,0,False,True,True,False,False,False,False,False,False,False
湯ヶ島温泉,静岡県,伊豆市,湯ケ島,http://www.amagigoe.jp/index.html,3.88,1745,11,10,7,6,1,10,1,True,True,False,False,True,True,False,False,False,False
舘山寺温泉,静岡県,浜松市西区,舘山寺町,http://www.kanzanji.gr.jp,4.18,6494,11,10,10,8,3,11,1,False,True,False,False,False,False,False,False,False,False
福地温泉,岐阜県,高山市,奥飛騨温泉郷福地,http://www.fukujionsen.com,4.34,921,10,10,7,10,0,8,1,True,False,True,False,False,False,False,False,False,False
雄琴温泉,滋賀県,大津市,雄琴六丁目,なし,4.34,7269,10,10,8,8,3,10,4,True,True,True,False,False,False,False,False,False,False
柴山温泉,兵庫県,香美町,香住区浦上,なし,4.04,456,11,10,6,2,1,10,3,True,False,False,False,True,False,False,False,False,False
うずしお温泉,兵庫県,南あわじ市,阿那賀,http://awajiinfo.com/uzusio-onsen/,4.38,1714,10,10,5,2,1,7,0,False,False,True,False,False,False,False,False,False,False
松江宍道湖温泉,島根県,松江市,西茶町,http://www.shinjiko-onsen.jp/,4.32,11885,10,10,6,4,0,10,1,False,True,False,False,True,True,False,False,False,False
琴平温泉,香川県,琴平町,－,なし,4.04,7932,10,10,9,5,3,10,2,True,True,True,False,True,True,False,False,False,False
原鶴温泉,福岡県,朝倉市,杷木久喜宮,http://www.harazuru.jp,3.96,3654,17,10,10,9,2,10,0,True,True,True,True,False,False,False,True,False,False
小田温泉,熊本県,南小国町,大字満願寺,http://www.otaonsen.jp,4.50,1585,15,10,7,10,0,9,1,True,True,True,True,True,True,False,False,False,False
日奈久温泉,熊本県,八代市,日奈久中西町,http://www.hinagu.jp,4.14,1106,17,10,5,1,1,10,0,True,True,False,True,False,True,False,False,False,False
霧島神宮温泉,鹿児島県,霧島市,霧島田口,http://kirishimakankou.com,3.89,1862,14,10,6,6,3,10,2,True,False,True,True,False,True,False,False,False,False
えちごせきかわ温泉郷,新潟県,関川村,大字湯沢,http://www.sekikawa-onsen.com/,4.23,792,16,10,9,4,0,10,1,True,True,False,False,True,True,False,False,False,False
信州高山温泉郷,長野県,高山村,大字奥山田,http://shinshu-takayama-onsenkyo.com/,4.48,964,14,10,6,7,0,9,1,True,True,False,True,False,True,False,False,False,False
新川渓谷温泉郷,鹿児島県,霧島市,牧園町下中津川,なし,4.43,1403,16,10,7,6,1,10,1,False,True,True,False,False,False,False,False,False,False
稚内温泉,北海道,稚内市,中央二丁目,なし,4.12,4884,9,9,6,1,3,9,0,False,True,True,False,False,False,False,False,False,False
十和田湖温泉郷,青森県,十和田市,大字奥瀬,なし,4.36,2362,11,9,8,5,1,9,2,True,True,True,True,True,False,False,False,False,False
東鳴子温泉,宮城県,大崎市,鳴子温泉,http://higasinaruko.michikusa.jp,3.58,1664,12,9,9,7,0,9,0,True,True,True,True,True,True,False,False,False,False
土湯温泉,福島県,福島市,土湯温泉町,http://www.tcy.jp,4.35,1749,10,9,7,7,2,9,2,True,False,True,False,False,False,False,False,False,False
中ノ沢温泉,福島県,猪苗代町,大字蚕養,なし,3.94,1394,11,9,7,7,1,8,0,False,True,False,True,True,False,True,False,False,False
岳温泉,福島県,二本松市,岳温泉一丁目,http://www.dakeonsen.or.jp,4.05,2740,12,9,7,6,2,9,0,True,False,False,False,False,False,True,False,False,False
芦ノ牧温泉,福島県,会津若松市,大戸町大字芦牧,http://www.aizu-ashinomaki.jp,4.28,5413,10,9,9,9,3,9,1,True,True,False,False,True,True,False,False,False,False
中禅寺温泉,栃木県,日光市,中宮祠,http://www.chuzenji.jp,4.14,3472,10,9,6,6,1,9,2,True,False,False,True,False,True,False,False,False,False
岩室温泉,新潟県,新潟市西蒲区,岩室温泉,http://www.iwamurokankou.com,4.47,2097,11,9,8,8,0,10,3,True,True,True,True,False,True,False,False,False,False
弥彦温泉,新潟県,弥彦村,大字弥彦,http://www.e-yahiko.com,4.24,1940,13,9,7,3,1,9,0,True,True,False,True,False,False,False,False,False,False
六日町温泉,新潟県,南魚沼市,坂戸,http://www.muikamachi-onsen.jp/,4.13,990,11,9,7,5,0,9,0,True,True,False,False,False,False,False,False,False,False
宇奈月温泉,富山県,黒部市,宇奈月温泉,http://www.unazuki-onsen.com,4.38,8427,12,9,9,8,4,9,1,True,False,False,False,False,False,False,False,False,False
湯涌温泉,石川県,金沢市,湯涌荒屋町,http://yuwaku.gr.jp,4.50,1558,9,9,8,8,0,9,3,False,True,False,True,False,True,False,False,False,False
片山津温泉,石川県,加賀市,潮津町,http://www.katayamazu-spa.or.jp,4.07,5894,9,9,9,9,1,9,0,False,True,False,False,False,False,False,False,False,False
下賀茂温泉,静岡県,南伊豆町,下賀茂,なし,4.16,950,10,9,4,6,0,8,0,True,True,False,False,False,False,False,False,False,False
浜坂温泉,兵庫県,新温泉町,芦屋,http://www.hamasaka.com,4.16,597,10,9,3,1,0,9,1,False,True,False,False,False,False,False,False,False,False
萩温泉,山口県,萩市,大字椿東,なし,4.30,9656,9,9,9,8,3,9,1,False,True,False,False,False,False,False,False,False,False
たら竹崎温泉,佐賀県,太良町,大字大浦乙,なし,4.24,938,9,9,6,4,1,9,1,True,True,True,False,False,False,False,False,False,False
平山温泉,熊本県,山鹿市,平山,http://www.hirayama-onsen.jp,4.21,1511,15,9,6,9,3,9,1,True,False,False,True,True,True,False,False,False,False
菊池温泉,熊本県,菊池市,隈府,http://www.kikuchikanko.ne.jp,3.63,1126,14,9,7,4,0,9,0,True,False,False,True,True,True,False,False,False,False
植木温泉,熊本県,熊本市北区,植木町米塚,http://www.ueki-onsenkumiai.com,4.76,650,10,9,5,8,0,6,0,True,True,True,True,False,False,False,False,False,False
亀川温泉,大分県,別府市,大字野田,なし,4.39,2109,9,9,3,5,1,9,1,True,True,False,False,False,True,False,False,False,False
わいた温泉郷,熊本県,小国町,大字西里,http://waita.info,4.49,543,10,9,5,8,1,9,1,True,True,False,True,False,True,False,False,False,False
ニセコ温泉郷,北海道,ニセコ町,字ニセコ,https://www.niseko-ta.jp/resorts/hotspring/,4.04,2423,9,9,9,9,2,9,4,False,True,True,True,True,True,False,False,False,False
松島温泉,宮城県,松島町,磯崎,なし,4.27,7418,9,9,9,7,4,9,2,True,True,True,False,True,False,False,False,False,False
土湯温泉郷,福島県,福島市,土湯温泉町,なし,4.35,1749,10,9,7,7,2,9,2,True,False,True,False,False,False,False,False,False,False
網走湖畔温泉,北海道,網走市,新町一丁目,なし,3.92,6375,10,8,9,4,5,10,1,True,True,False,False,False,False,False,False,False,False
十勝川温泉,北海道,音更町,十勝川温泉南十三丁目,http://www.tokachigawa.net,4.24,4654,9,8,7,7,6,8,1,True,True,True,False,False,False,False,False,False,False
黒石温泉郷,青森県,黒石市,大字袋,http://kuroishi.or.jp/stay_onsen,4.24,661,12,8,7,2,0,8,0,True,True,False,False,True,True,False,False,False,False
繋温泉,岩手県,盛岡市,繋,http://www.tsunagionsen.com,4.25,4386,8,8,6,6,3,7,0,True,False,False,True,False,False,False,False,False,False
台温泉,岩手県,花巻市,台,なし,4.27,1383,13,8,5,3,0,8,1,True,True,True,True,True,False,False,False,False,False
鬼首温泉,宮城県,大崎市,鳴子温泉鬼首,http://www.naruko.gr.jp/shukuhaku/spa/03/,―,84,10,8,1,3,0,8,0,True,True,False,False,False,False,False,False,False,False
赤倉温泉,山形県,最上町,大字富澤,http://akakura-spa.com,4.29,312,9,8,7,4,0,8,0,True,False,False,False,True,False,False,False,False,False
檜枝岐温泉,福島県,檜枝岐村,字下ノ原,http://www.oze-info.jp,4.56,546,9,8,4,2,0,8,0,True,False,False,False,False,False,False,False,False,False
水上温泉,群馬県,みなかみ町,湯原,http://www.minakami-onsen.com,4.24,8189,11,8,8,4,2,9,0,True,False,True,False,True,True,False,False,False,False
養老渓谷温泉,千葉県,大多喜町,粟又,http://www.yorokeikoku.com,4.28,1136,10,8,6,3,1,8,0,True,True,True,False,True,False,False,False,False,False
天津小湊温泉,千葉県,鴨川市,天津,なし,4.17,5897,8,8,8,7,1,8,0,True,True,True,False,False,False,False,False,False,False
白浜温泉,千葉県,南房総市,白浜町白浜,なし,3.87,7754,8,8,7,2,2,8,1,True,True,True,False,False,False,False,False,False,False
塔之沢温泉,神奈川県,箱根町,塔之澤,なし,4.38,1771,8,8,7,6,0,8,4,True,False,False,False,False,False,False,False,False,False
咲花温泉,新潟県,阿賀野市,小松,http://www.sakihana.jp,3.89,2850,8,8,8,7,0,8,0,False,True,False,True,True,False,False,False,False,False
松之山温泉,新潟県,十日町市,松之山湯本,なし,4.55,683,10,8,6,5,0,7,1,False,True,False,False,False,False,False,False,False,False
ほたる温泉,長野県,山ノ内町,大字平穏,なし,3.63,1182,8,8,7,6,0,8,0,True,False,True,True,True,False,False,False,False,False
湯村温泉,兵庫県,新温泉町,湯,なし,4.46,3991,9,8,6,5,2,8,0,True,True,True,False,True,True,False,True,False,False
湯の峰温泉,和歌山県,田辺市,本宮町湯峯,http://www.hongu.jp/onsen/yunomine,4.44,451,9,8,5,5,0,8,0,False,True,True,True,False,False,False,True,False,False
鳥取温泉,鳥取県,鳥取市,永楽温泉町,なし,4.35,5350,8,8,7,1,1,8,0,False,True,True,False,False,True,False,False,False,False
はわい温泉,鳥取県,湯梨浜町,大字はわい温泉,http://www.hawai-togo.jp,4.13,1870,8,8,7,5,0,8,0,False,True,False,False,True,True,False,False,False,False
湯坪温泉,大分県,九重町,大字湯坪,http://www.kokonoe-k.com/spring03/,―,305,17,8,0,7,0,8,0,True,True,False,True,False,False,False,False,False,False
玉名温泉,熊本県,玉名市,立願寺,http://tamanaonsen.kumanomoto.com,4.09,1836,11,8,7,8,3,7,0,True,False,False,False,False,True,False,False,False,False
松島温泉,熊本県,上天草市,松島町合津,なし,4.36,2229,9,8,5,4,0,8,0,True,True,False,False,False,False,False,False,False,False
妙見温泉,鹿児島県,霧島市,牧園町下中津川,http://www.myoken-onsen.com,4.37,1061,11,8,5,5,1,8,1,False,True,True,False,False,False,False,False,False,False
梅ヶ島温泉郷,静岡県,静岡市葵区,梅ヶ島,http://www.umegashima.net/,4.56,699,11,8,4,2,0,8,0,False,False,False,True,False,False,False,False,False,False
川場温泉郷,群馬県,川場村,大字川場湯原,なし,4.29,565,10,8,2,2,0,8,1,True,True,False,False,False,False,False,False,False,False
川湯温泉,北海道,弟子屈町,川湯温泉一丁目,なし,3.69,2560,9,7,6,6,2,6,1,False,True,True,True,False,True,True,True,False,False
大鰐温泉,青森県,大鰐町,大字蔵館,http://www.aomoricolony.com/~owanionsen/pege/home.html,4.28,1059,9,7,3,1,0,6,0,True,True,False,False,True,True,False,False,False,False
川渡温泉,宮城県,大崎市,鳴子温泉,http://kawatabi.jp,―,295,9,7,3,2,0,5,0,True,False,True,True,False,True,False,False,False,False
小安峡温泉,秋田県,湯沢市,皆瀬,http://www.oyasukyo.jp,―,501,9,7,4,5,0,5,0,True,True,False,False,False,True,False,False,False,False
湯田川温泉,山形県,鶴岡市,湯田川,http://www.yutagawaonsen.com,4.78,881,8,7,5,2,0,7,0,False,False,False,False,True,True,False,False,False,False
板室温泉,栃木県,那須塩原市,百村,http://www.itamuro.com,3.65,918,8,7,6,4,0,7,0,True,False,False,False,True,False,False,False,False,False
谷川温泉,群馬県,みなかみ町,谷川,なし,4.68,1883,7,7,5,6,1,7,1,True,False,False,False,False,False,False,False,False,False
磯部温泉,群馬県,安中市,磯部一丁目,なし,4.20,2889,7,7,5,4,1,7,1,False,True,True,False,False,False,False,True,False,False
千倉温泉,千葉県,南房総市,千倉町瀬戸,なし,4.18,2886,8,7,6,2,0,7,0,True,True,True,True,False,False,False,False,False,False
奥湯河原温泉,神奈川県,湯河原町,宮上,なし,4.40,1606,7,7,5,6,0,6,4,False,True,False,False,True,True,False,False,False,False
芦安温泉,山梨県,南アルプス市,芦安芦倉,なし,4.59,500,9,7,2,5,1,7,0,True,False,False,False,True,True,False,False,False,False
奈川渋沢温泉,長野県,松本市,奈川,なし,3.80,124,9,7,4,2,0,7,0,True,False,True,False,False,False,False,False,False,False
早太郎温泉,長野県,駒ヶ根市,赤穂,http://hayataro.org,4.32,2685,8,7,6,4,2,7,1,True,False,False,False,False,False,False,False,False,False
粟津温泉,石川県,小松市,粟津町,http://www.awazuonsen.com,4.08,8709,8,7,6,5,2,6,0,True,False,False,False,True,False,False,False,False,False
梅ヶ島温泉,静岡県,静岡市葵区,梅ヶ島,http://www.umegashima.net,4.53,613,9,7,4,1,0,7,0,False,False,False,True,False,False,False,False,False,False
宇佐美温泉,静岡県,伊東市,宇佐美,なし,4.30,513,7,7,1,2,0,7,0,True,True,False,False,False,True,False,False,False,False
河津七滝温泉,静岡県,河津町,梨本,http://www.nanadaru.com,―,417,9,7,2,7,1,6,0,True,False,False,False,True,False,False,False,False,False
松崎温泉,静岡県,松崎町,江奈,http://izumatsu-ryokan.jp,3.64,1026,8,7,4,3,0,7,0,False,False,False,False,True,True,False,False,False,False
西浦温泉,愛知県,蒲郡市,西浦町,http://www.nishiuraonsen.com,3.85,4450,7,7,7,7,1,7,1,True,True,False,False,False,False,False,False,False,False
十津川温泉,奈良県,十津川村,大字平谷,http://totsukawa.info/joho/totsukawa_onsen_gou/2totsukawa_onsen.html,4.25,999,8,7,4,6,1,6,1,False,True,True,True,False,False,False,False,False,False
七釜温泉,兵庫県,新温泉町,七釜,http://www.hamasaka.com/html/info_shitikama.html,―,212,8,7,2,1,0,6,1,False,False,False,False,False,True,False,False,False,False
赤穂温泉,兵庫県,赤穂市,さつき町,http://ako-kankou.jp,4.17,4668,7,7,7,7,3,7,1,True,True,False,False,True,False,False,False,False,False
川湯温泉,和歌山県,田辺市,本宮町川湯,http://www.hongu.jp/onsen/kawayu,4.23,2408,8,7,2,5,0,6,0,True,True,True,False,False,False,False,False,False,False
吉岡温泉,鳥取県,鳥取市,吉岡温泉町,http://yoshiokaonsen.com,―,271,10,7,0,0,0,5,0,True,False,False,False,False,False,False,False,False,False
美又温泉,島根県,浜田市,金城町追原,なし,―,738,7,7,2,1,1,6,0,True,False,False,False,False,False,False,False,False,False
俵山温泉,山口県,長門市,俵山,http://tawarayamaonsen.com,4.49,538,8,7,1,2,0,8,0,True,False,False,True,False,False,False,False,False,False
奥久慈温泉郷,茨城県,大子町,大字袋田,なし,3.97,2577,10,7,6,3,0,7,0,True,True,False,False,True,True,False,False,False,False
五頭温泉郷,新潟県,阿賀野市,村杉,http://gozu.jp,4.35,531,12,7,5,4,0,7,0,True,False,False,False,True,True,False,False,False,False
観海寺温泉,大分県,別府市,観海寺,なし,4.64,11075,7,7,3,6,2,7,2,True,True,False,True,False,True,False,False,False,False
摩周温泉,北海道,弟子屈町,湯の島二丁目,なし,―,575,7,6,2,1,0,6,0,True,True,True,False,False,False,False,False,False,False
ニセコ昆布温泉,北海道,ニセコ町,字ニセコ,なし,4.12,2061,6,6,6,6,2,6,2,False,True,True,False,True,False,False,False,False,False
支笏湖温泉,北海道,千歳市,支笏湖温泉,http://www.shikotsuko.com,4.39,2079,6,6,3,5,3,6,3,False,True,True,False,True,False,False,False,False,False
長万部温泉,北海道,長万部町,字長万部,http://www.osyamanbe-kankou.jp/onsenkumiai/,3.72,622,7,6,1,1,0,6,0,False,True,False,False,False,False,False,False,False,False
下風呂温泉,青森県,風間浦村,大字下風呂,http://www.shimohuro.com,―,145,10,6,1,1,1,3,0,False,True,False,True,True,False,False,False,False,False
中山平温泉,宮城県,大崎市,鳴子温泉,http://www.nakayamadaira.com,4.02,571,9,6,5,5,0,6,0,True,True,True,True,True,False,False,False,False,False
青根温泉,宮城県,川崎町,青根温泉,"http://www.town.kawasaki.miyagi.jp/18,615,66,178.html",4.32,873,7,6,3,3,0,6,1,True,False,False,False,False,False,False,False,False,False
大湯温泉,秋田県,鹿角市,十和田大湯,http://www.ink.or.jp/~o-yu/,4.22,1716,7,6,6,3,1,6,0,True,True,False,False,False,False,False,False,False,False
男鹿温泉,秋田県,男鹿市,北浦湯本,http://www.e-ogaonsen.com,4.12,2160,6,6,5,4,1,6,0,False,True,False,False,False,False,False,False,False,False
あつみ温泉,山形県,鶴岡市,湯温海,http://www.atsumi-spa.or.jp,4.26,3181,8,6,4,2,1,6,0,False,True,False,False,True,False,False,False,False,False
川治温泉,栃木県,日光市,川治温泉川治,なし,4.08,3750,7,6,5,4,2,6,0,True,False,False,False,False,False,False,False,False,False
平潟港温泉,茨城県,北茨城市,平潟町,なし,3.74,664,13,6,4,1,0,6,0,False,True,False,True,False,False,False,False,False,False
湯檜曽温泉,群馬県,みなかみ町,湯桧曽,なし,―,988,7,6,6,3,0,6,0,True,False,False,False,False,False,False,False,False,False
鹿沢温泉,群馬県,嬬恋村,大字田代,http://www.kazawaonsen.com,3.88,282,7,6,4,3,0,6,0,True,False,True,False,False,False,False,False,False,False
七沢温泉,神奈川県,厚木市,七沢,なし,4.32,1145,9,6,6,6,0,8,0,True,False,False,False,False,False,False,False,False,False
湯村温泉,山梨県,甲府市,湯村三丁目,http://www.yumura.com,4.22,4346,7,6,6,4,1,6,1,True,True,False,False,True,True,False,False,False,False
鵜の浜温泉,新潟県,上越市,大潟区雁子浜,http://www.o-kankou.com/tomaru/,3.98,773,7,6,5,3,0,5,0,False,True,False,False,False,False,False,True,False,False
上の原高原温泉,新潟県,南魚沼市,小栗山,なし,4.10,828,10,6,4,1,0,6,0,True,True,False,False,False,False,False,False,False,False
関温泉,新潟県,妙高市,大字関山,なし,3.90,253,11,6,3,3,0,6,1,False,True,True,False,False,False,False,True,False,False
発哺温泉,長野県,山ノ内町,大字平穏,なし,3.90,276,6,6,6,3,1,6,0,False,False,False,True,False,False,False,False,False,False
志賀の郷温泉,石川県,志賀町,大津,なし,4.29,935,6,6,2,2,1,6,0,True,True,True,False,False,True,False,False,False,False
寸又峡温泉,静岡県,川根本町,千頭,http://www.okuooi.gr.jp/wordpress/onsen/o_sumatakyo/,4.05,451,9,6,3,1,0,5,0,False,False,False,True,False,True,False,False,False,False
伊豆山温泉,静岡県,熱海市,伊豆山,http://www.izusan.com,4.10,2533,8,6,5,4,2,6,1,True,True,False,False,True,False,False,False,False,False
湯谷温泉,愛知県,新城市,能登瀬,http://www.yuya-spa.com,4.32,1390,6,6,4,4,0,6,0,False,True,False,False,False,False,False,False,False,False
三谷温泉,愛知県,蒲郡市,三谷町,http://www.miyaspa.com,4.00,4714,6,6,5,6,4,6,0,True,True,False,False,False,False,False,False,False,False
栃尾温泉,岐阜県,高山市,奥飛騨温泉郷栃尾,http://www.okuhida.or.jp/archives/category/lodging/tochio,4.41,924,9,6,5,5,0,6,0,True,True,True,True,False,False,False,False,False,False
長良川温泉,岐阜県,岐阜市,長良,http://nagaragawa.org,4.46,4223,6,6,6,5,1,6,0,True,False,True,False,False,False,False,True,False,False
洞川温泉,奈良県,天川村,大字洞川,http://www.dorogawaonsen.jp,4.49,1608,12,6,8,5,0,11,0,True,False,False,False,False,False,False,False,False,False
湯の花温泉,京都府,亀岡市,本梅町平松,http://www.yunohana-onsen.com/index.html,4.18,1882,6,6,6,5,2,6,2,True,False,False,False,True,True,False,False,False,False
嵐山温泉,京都府,京都市右京区,嵯峨天龍寺芒ノ馬場町,なし,4.55,3956,7,6,5,4,0,7,2,True,False,False,False,False,False,False,False,False,False
ハチ北温泉,兵庫県,香美町,村岡区大笹,なし,―,174,7,6,4,1,0,6,0,True,False,False,False,True,True,False,False,False,False
湯の川温泉,島根県,出雲市,斐川町学頭,http://www.yunokawaonsen.jp,4.36,1371,6,6,4,4,1,6,1,False,True,False,False,True,True,False,False,False,False
宮浜温泉,広島県,廿日市市,宮浜温泉二丁目,なし,4.27,1100,6,6,4,2,1,6,2,True,False,False,False,True,True,False,False,False,False
明礬温泉,大分県,別府市,明礬,なし,4.66,853,9,6,3,3,1,5,0,True,False,True,True,False,True,True,False,False,False
長者原温泉,大分県,九重町,大字田野,http://www.kokonoe-k.com/spring02/,4.08,538,8,6,5,5,0,7,0,True,True,True,True,False,True,True,False,False,False
湯の児温泉,熊本県,水俣市,大迫,http://www.city.minamata.lg.jp/376.html,―,312,6,6,3,5,1,6,0,True,True,True,False,False,False,False,False,False,False
京町温泉,宮崎県,えびの市,大字向江,http://www.kyomachionsen.com,4.30,680,8,6,6,3,0,6,0,True,True,True,False,False,True,False,False,False,False
日当山温泉,鹿児島県,霧島市,隼人町姫城一丁目,http://hinatayama.net,4.06,820,7,6,5,3,1,6,2,True,True,True,False,False,False,False,False,False,False
旭岳温泉,北海道,東川町,勇駒別,http://www.welcome-higashikawa.jp/info/?c=10,―,2118,7,5,3,3,2,4,0,False,True,True,False,True,True,False,False,False,False
白金温泉,北海道,美瑛町,字白金,http://www.biei-shiroganeonsen.com,3.76,1672,6,5,4,5,4,5,0,False,True,False,False,True,False,False,False,False,False
ぬかびら源泉郷,北海道,上士幌町,字ぬかびら源泉郷,https://nukabilife.wixsite.com/nukabilife/blank-9,4.35,644,7,5,5,2,1,6,0,False,True,True,False,False,False,False,False,False,False
朝里川温泉,北海道,小樽市,朝里川温泉二丁目,http://www.otaru-asari.co.jp,4.24,1692,5,5,3,5,3,5,2,True,True,False,False,True,True,False,False,False,False
北湯沢温泉,北海道,伊達市,大滝区北湯沢温泉町,なし,―,3275,6,5,4,3,3,5,0,True,True,False,False,False,False,False,False,False,False
虎杖浜温泉,北海道,白老町,字虎杖浜,http://www.shiraoi.net/n-html/page-onsen.html,―,1255,15,5,5,4,4,5,1,True,True,True,False,False,False,False,False,False,False
百沢温泉,青森県,弘前市,大字百沢,http://www.iwakisan.com/hot_spring/hyakuzawa.html,―,68,6,5,3,1,1,4,0,False,True,True,False,False,False,False,True,False,False
十和田湖畔温泉,青森県,十和田市,大字奥瀬,なし,4.03,2834,6,5,6,2,1,6,0,True,True,True,False,True,False,False,False,False,False
花巻温泉,岩手県,花巻市,湯本,なし,4.33,5604,5,5,5,3,4,5,1,True,True,True,False,False,True,False,False,False,False
瀬見温泉,山形県,最上町,大字大堀,http://semi-onsen.com,4.40,1086,7,5,4,1,0,5,0,True,True,False,False,True,True,False,False,False,False
白布温泉,山形県,米沢市,大字関,http://www.shirabu.jp,4.56,637,5,5,5,3,0,5,1,False,False,False,True,True,True,False,False,False,False
穴原温泉,福島県,福島市,飯坂町湯野,なし,―,1602,6,5,5,3,2,5,0,True,False,False,False,False,False,False,False,False,False
裏磐梯早稲沢温泉,福島県,北塩原村,大字桧原,なし,―,62,9,5,2,2,0,5,0,True,False,False,False,True,True,False,False,False,False
万座温泉,群馬県,嬬恋村,大字干俣,http://www.manzaonsen.gr.jp/index.php,4.15,5000,7,5,5,5,0,4,0,False,True,False,True,True,True,True,False,False,False
犬吠埼温泉,千葉県,銚子市,犬吠埼,なし,4.27,2897,8,5,6,4,1,8,1,False,True,True,False,False,False,False,False,False,False
宮城野温泉,神奈川県,箱根町,宮城野,なし,―,443,5,5,3,0,0,5,1,True,True,True,False,False,True,False,False,False,False
小涌谷温泉,神奈川県,箱根町,小涌谷,なし,4.35,2739,5,5,4,4,3,5,2,True,True,False,False,False,False,False,False,False,False
大湯温泉,新潟県,魚沼市,大湯温泉,http://www.yunotani.or.jp/onsenkyo/ooyu.html,3.95,1092,8,5,3,3,1,5,0,True,False,False,False,False,False,False,False,False,False
山田温泉,長野県,高山村,大字奥山田,http://shinshu-takayama-onsenkyo.com/hot_spring_facility/#yamada,―,687,6,5,3,3,0,4,1,False,True,False,False,False,False,False,False,False,False
河津浜温泉,静岡県,河津町,浜,なし,―,410,6,5,3,3,0,5,1,True,True,False,False,True,False,False,False,False,False
蓮台寺温泉,静岡県,下田市,蓮台寺,なし,―,534,5,5,4,4,0,5,0,True,False,False,False,False,False,False,False,False,False
濁河温泉,岐阜県,下呂市,小坂町落合,なし,―,190,5,5,5,4,0,5,0,False,True,True,False,True,True,False,False,False,False
答志島温泉,三重県,鳥羽市,答志町,http://www.ymd7.com/trk.htm,4.27,587,6,5,4,4,0,6,0,True,True,True,False,False,False,False,False,False,False
加太淡嶋温泉,和歌山県,和歌山市,加太,http://www.kada.jp/onsen/,―,2217,7,5,4,3,1,6,1,True,True,True,False,False,False,False,False,False,False
椿温泉,和歌山県,白浜町,椿,http://www.tubakionsen.com,―,203,5,5,2,1,0,4,0,True,False,False,True,False,False,False,False,False,False
奥津温泉,岡山県,鏡野町,奥津,http://www.okayama-kanko.jp/spot/okutsu.html,―,815,7,5,3,1,0,5,1,True,False,False,False,False,True,False,False,False,False
川棚温泉,山口県,下関市,豊浦町大字川棚,http://www.kawatana.com,4.36,1436,8,5,4,3,1,5,2,True,True,False,False,True,True,False,False,False,False
塩江温泉郷,香川県,高松市,塩江町上西乙,なし,―,1200,6,5,4,2,4,5,0,False,False,False,True,False,False,False,False,False,False
鈍川温泉,愛媛県,今治市,玉川町鈍川,http://www.nibukawa.net,4.12,835,5,5,4,1,0,5,0,True,True,True,False,False,False,False,False,False,False
足摺温泉,高知県,土佐清水市,足摺岬,http://www.ashizuri-onsen.com/,3.84,1464,6,5,5,3,1,5,0,True,False,False,False,True,True,False,False,False,False
筑後川温泉,福岡県,うきは市,浮羽町古川,http://www.fukuoka-onsen.com/chikugogawa.html,―,1054,5,5,4,2,0,5,0,True,False,False,True,True,True,False,False,False,False
壱岐湯ノ本温泉,長崎県,壱岐市,勝本町立石西触,なし,4.52,396,7,5,5,3,1,5,2,False,True,False,False,False,False,False,True,False,False
青島温泉,宮崎県,宮崎市,青島一丁目,なし,4.30,3100,6,5,5,4,5,6,0,False,True,True,True,False,False,False,False,False,False
馬頭温泉郷,栃木県,那珂川町,小口,http://bato-onsenkyo.com,4.04,786,9,5,2,4,0,5,0,True,True,True,False,True,False,False,False,False,False
片瀬温泉,静岡県,東伊豆町,片瀬,なし,―,941,5,5,2,3,0,3,0,False,True,False,False,False,False,False,False,False,False
小土肥温泉,静岡県,伊豆市,小土肥,なし,―,844,5,5,3,2,0,5,1,False,True,False,False,False,True,False,False,False,False
志賀山温泉,長野県,山ノ内町,大字平穏,なし,―,186,5,5,5,3,2,5,0,False,False,False,True,False,False,False,False,False,False
尾岱沼温泉,北海道,別海町,尾岱沼港町,なし,―,273,5,4,2,1,0,4,0,False,True,False,False,False,False,False,False,False,False
中標津温泉,北海道,中標津町,東二十条北一丁目,なし,―,141,5,4,4,3,2,4,0,True,True,False,False,False,False,False,False,False,False
カルルス温泉,北海道,登別市,カルルス町,http://www.noboribetsu-spa.jp/?lang=ja,―,514,4,4,2,2,0,3,0,True,False,False,False,False,True,False,False,False,False
金田一温泉,岩手県,二戸市,金田一,なし,―,529,6,4,4,1,0,4,0,True,False,False,False,False,False,False,False,False,False
玄武温泉,岩手県,雫石町,長山,http://www.shizukuishi-kanko.gr.jp/hotspring04.php,―,589,5,4,2,3,0,5,0,False,True,True,False,False,False,False,False,False,False
作並温泉,宮城県,仙台市青葉区,作並,http://www.sakunami-spa.com,―,4767,4,4,4,4,1,4,1,True,True,False,False,True,False,False,False,False,False
水沢温泉,秋田県,仙北市,田沢湖生保内,http://mizusawa-onsenkyo.jp,―,537,4,4,3,4,0,4,1,False,True,False,True,False,True,True,False,False,False
月山志津温泉,山形県,西川町,大字志津,http://www.gassan-shizuonsen.net,―,215,8,4,2,1,0,5,0,False,True,False,False,False,True,False,False,False,False
新甲子温泉,福島県,西郷村,大字真船,http://nishigo-kankou.jp/onsen/index.php,―,328,7,4,2,2,0,4,0,True,False,False,False,True,False,False,False,False,False
大丸温泉,栃木県,那須町,大字湯本,http://www.nasuonsen.com,―,1142,5,4,3,4,0,4,0,True,False,False,False,True,False,False,False,False,False
上塩原温泉,栃木県,那須塩原市,上塩原,なし,―,897,5,4,3,4,0,4,0,True,True,True,False,False,False,False,False,False,False
新湯温泉,栃木県,那須塩原市,湯本塩原,なし,―,2043,4,4,4,3,0,4,0,False,False,False,True,False,False,True,False,False,False
川俣温泉,栃木県,日光市,川俣,なし,―,388,4,4,2,2,0,4,0,False,True,True,False,False,False,False,False,False,False
袋田温泉,茨城県,大子町,大字袋田,なし,―,1784,4,4,3,2,0,4,0,True,False,False,False,False,False,False,False,False,False
筑波山温泉,茨城県,つくば市,筑波,なし,―,745,4,4,4,4,1,4,0,True,False,False,False,False,False,False,False,False,False
上牧温泉,群馬県,みなかみ町,上牧,なし,―,1771,4,4,3,2,0,3,0,False,True,False,False,True,True,False,False,False,False
尻焼温泉,群馬県,中之条町,大字入山,http://www.nakanojo-kanko.jp/onsen/shiriyaki.shtml,―,320,4,4,3,3,0,4,0,False,True,False,False,True,False,False,False,False,False
沢渡温泉,群馬県,中之条町,大字上沢渡,http://www.sawatari-onsen.sakura.ne.jp,―,407,7,4,3,2,0,4,0,True,True,False,False,True,True,False,False,False,False
大島温泉,東京都,大島町,元町三丁目,なし,―,531,4,4,4,3,0,4,0,False,True,False,False,False,False,False,False,False,False
高瀬温泉,新潟県,関川村,大字湯沢,http://www.sekikawa-onsen.com/takase/,―,299,7,4,4,2,0,4,0,False,True,False,False,True,True,False,False,False,False
雲母温泉,新潟県,関川村,大字湯沢,http://www.sekikawa-onsen.com/kira/,―,240,4,4,3,0,0,4,0,True,True,False,False,True,True,False,False,False,False
村杉温泉,新潟県,阿賀野市,村杉,http://gozu.jp,―,372,7,4,3,2,0,4,0,True,False,False,False,True,True,False,False,False,False
湯田上温泉,新潟県,田上町,大字田上,なし,―,1420,4,4,4,4,1,4,0,True,True,False,False,True,False,False,False,False,False
折立温泉,新潟県,魚沼市,下折立,http://www.yunotani.or.jp/onsenkyo/oritate.html,―,168,4,4,4,2,0,4,0,True,False,False,False,False,False,False,False,False,False
夜間瀬温泉,長野県,山ノ内町,大字夜間瀬,なし,―,447,5,4,3,1,0,4,0,True,False,False,False,False,False,False,False,False,False
穂波温泉,長野県,山ノ内町,大字佐野,http://www.avis.ne.jp/~honami/,―,871,6,4,1,3,1,3,0,True,True,False,False,False,False,False,False,False,False
角間温泉,長野県,山ノ内町,大字佐野,http://www.kakumaonsen.jp,―,399,5,4,2,0,0,4,0,True,True,False,False,True,False,False,False,False,False
霊泉寺温泉,長野県,上田市,平井,http://reisenjionsen.com,―,352,5,4,3,1,0,4,0,True,False,False,False,True,False,False,False,False,False
沢渡温泉,長野県,松本市,安曇,なし,―,908,5,4,2,4,0,4,0,True,False,False,False,False,False,False,False,False,False
庄川温泉郷,富山県,砺波市,庄川町金屋,なし,―,986,7,4,4,4,1,4,1,True,True,True,False,False,False,False,True,False,False
戸田温泉,静岡県,沼津市,戸田,http://www.heda-kanko.com,―,977,4,4,3,3,0,4,0,True,False,False,False,True,True,False,False,False,False
北川温泉,静岡県,東伊豆町,奈良本,http://www.hokkawa-onsen.com,―,1420,4,4,4,4,1,4,0,False,True,False,False,False,False,False,False,False,False
みはま温泉,愛知県,美浜町,大字奥田,なし,―,353,5,4,4,1,0,5,0,False,True,True,False,False,False,False,False,False,False
平瀬温泉,岐阜県,白川村,大字平瀬,http://hiraseonsen.jp,―,126,9,4,0,1,0,2,0,False,True,False,True,False,False,False,False,False,False
長島温泉,三重県,桑名市,長島町浦安,なし,―,1655,4,4,4,3,3,4,1,True,False,False,False,False,False,False,False,False,False
榊原温泉,三重県,津市,榊原町,http://www.sakakibaraonsen.gr.jp,―,1604,6,4,4,2,1,4,1,True,False,False,False,False,False,False,False,False,False
鷺の湯温泉,島根県,安来市,古川町,なし,―,1260,4,4,3,3,1,4,1,False,True,False,False,True,True,False,False,False,False
温泉津温泉,島根県,大田市,温泉津町温泉津,http://yunotsu-onsen.com/,―,1162,5,4,3,1,0,4,0,False,True,False,False,False,False,False,False,False,False
二日市温泉,福岡県,筑紫野市,湯町一丁目,なし,―,1358,4,4,3,0,0,4,0,True,False,False,False,False,False,False,False,False,False
平戸温泉,長崎県,平戸市,大久保町,なし,―,1739,5,4,4,3,1,4,0,False,True,True,False,False,False,False,False,False,False
島原温泉,長崎県,島原市,霊南一丁目,http://www.shimabaraonsen.com,―,2877,6,4,4,3,3,4,0,False,True,True,False,False,False,False,True,False,False
はげの湯温泉,熊本県,小国町,大字西里,なし,―,357,4,4,2,3,1,4,0,False,True,False,True,False,False,False,False,False,False
湯山温泉,熊本県,水上村,大字湯山,なし,―,101,4,4,1,1,0,4,0,True,False,False,True,False,False,False,False,False,False
柴尾温泉,鹿児島県,さつま町,紫尾,http://shibionsen.web.fc2.com,―,348,4,4,3,3,0,4,1,True,False,False,True,False,False,False,False,False,False
乳頭温泉郷,秋田県,仙北市,田沢湖生保内,http://www.nyuto-onsenkyo.com,―,414,5,4,3,4,0,3,0,True,False,True,True,False,True,False,False,False,False
掘田温泉,大分県,別府市,堀田,なし,―,1969,4,4,3,3,1,4,2,True,True,True,True,False,False,False,False,False,False
甲府温泉,山梨県,甲府市,中央一丁目,なし,―,6428,4,4,3,3,1,4,0,False,True,True,True,False,False,False,False,False,False
浜島温泉,三重県,志摩市,浜島町浜島,なし,―,2986,4,4,4,4,1,4,1,True,True,False,False,False,False,False,False,False,False
豊富温泉,北海道,豊富町,字豊富温泉,http://toyotomi-kanko.net/main/,―,223,3,3,3,1,1,3,0,False,True,True,False,False,False,False,False,False,False
羅臼温泉,北海道,羅臼町,湯ノ沢町,なし,―,422,6,3,2,2,0,2,0,False,True,False,True,False,False,False,False,False,False
温根湯温泉,北海道,北見市,留辺蘂町温根湯温泉,http://www.onneyuonsen.jp/index.html,―,995,3,3,3,2,1,3,0,True,False,False,True,False,False,False,False,False,False
十勝岳温泉,北海道,上富良野町,－,なし,―,350,3,3,2,2,2,3,0,False,False,False,False,True,True,True,True,False,False
嶽温泉,青森県,弘前市,大字常盤野,http://www.dake-onsen.com,―,249,8,3,0,1,0,3,0,False,True,False,True,True,True,True,False,False,False
松川温泉,岩手県,八幡平市,松尾寄木,なし,―,96,3,3,3,3,0,2,0,False,False,False,True,False,False,True,False,False,False
大沢温泉,岩手県,花巻市,湯口,http://www.oosawaonsen.com,―,1543,3,3,3,3,0,3,0,True,False,False,False,False,False,False,False,False,False
湯本温泉,岩手県,西和賀町,湯本,http://www.yamanoideyu.com/stay/index.html,―,128,4,3,3,1,0,3,0,False,True,False,False,True,True,False,False,False,False
夏油温泉,岩手県,北上市,和賀町岩崎新田,なし,―,164,3,3,3,3,0,3,0,False,True,False,False,True,False,False,False,False,False
鎌先温泉,宮城県,白石市,福岡蔵本,http://www.shiroishi.ne.jp/stay/accommodations.html,―,1648,3,3,3,2,0,3,1,False,True,False,False,False,True,False,False,False,False
由良温泉,山形県,鶴岡市,由良三丁目,http://www.tsuruokakanko.com/tsuruoka/spa/yura.html,―,770,3,3,2,1,1,3,0,False,True,False,False,True,True,False,False,False,False
黒沢温泉,山形県,山形市,大字黒沢,なし,―,979,4,3,3,2,1,3,0,False,False,False,False,True,True,False,False,False,False
熱塩温泉,福島県,喜多方市,熱塩加納町熱塩,http://atsushio-spa.com/top/,―,470,3,3,2,1,1,3,0,True,False,False,False,False,False,False,False,False,False
柳津温泉,福島県,柳津町,大字柳津,なし,―,626,5,3,3,2,0,3,0,False,True,False,False,False,False,False,False,False,False
二岐温泉,福島県,天栄村,大字湯本,なし,―,169,5,3,3,3,0,3,0,True,False,False,False,True,True,False,False,False,False
奥久慈温泉郷・大子温泉,茨城県,大子町,大字池田,なし,―,793,6,3,3,1,0,3,0,False,True,False,False,True,True,False,False,False,False
鎌田温泉,群馬県,片品村,大字鎌田,なし,―,113,3,3,1,2,0,3,0,True,False,False,False,False,False,False,False,False,False
花咲温泉,群馬県,片品村,大字花咲,なし,―,34,4,3,3,0,0,3,0,True,False,False,False,False,False,False,False,False,False
湯宿温泉,群馬県,みなかみ町,湯宿温泉,なし,―,235,4,3,2,1,0,3,0,True,False,False,False,True,False,False,False,False,False
赤城温泉,群馬県,前橋市,－,http://www.akg5.jp,―,343,4,3,2,3,0,3,0,False,False,True,False,False,False,False,False,False,False
奥多摩温泉,東京都,奥多摩町,氷川,なし,―,29,4,3,1,0,0,2,0,False,False,False,True,False,False,False,False,False,False
中川温泉,神奈川県,山北町,中川,http://www.town.yamakita.kanagawa.jp/contents_detail.php?frmId=245,―,750,4,3,3,3,1,3,0,True,False,False,False,False,False,False,False,False,False
芦之湯温泉,神奈川県,箱根町,芦之湯,なし,―,754,4,3,2,2,0,3,1,False,False,True,True,False,True,False,False,False,False
蛸川温泉,神奈川県,箱根町,元箱根,なし,―,1688,3,3,2,3,0,2,1,False,True,False,False,False,True,False,False,False,False
塩山温泉,山梨県,甲州市,塩山上於曽,http://www.enzan.net/yado/onsen/ryokan.htm,―,123,4,3,2,1,0,3,0,True,False,False,True,False,False,False,False,False,False
三川温泉,新潟県,阿賀町,五十沢,なし,―,24,5,3,1,0,0,3,0,False,True,False,False,True,True,False,False,False,False
蓬平温泉,新潟県,長岡市,蓬平町,http://yomogihira-spa.jp,―,380,3,3,3,3,1,3,1,False,False,True,True,False,False,False,False,False,False
銀山平温泉,新潟県,魚沼市,下折立,http://www.yunotani.or.jp/onsenkyo/ginzandaira.html,―,9,3,3,2,3,0,3,0,True,False,False,False,False,False,False,False,False,False
燕温泉,新潟県,妙高市,大字関山,なし,―,215,3,3,2,2,0,3,0,True,True,True,True,True,False,False,False,False,False
安代温泉,長野県,山ノ内町,大字平穏,なし,―,726,3,3,2,1,0,3,0,True,True,False,False,True,False,False,False,False,False
上林温泉,長野県,山ノ内町,大字平穏,http://www.kanbayashi-onsen.com,―,521,4,3,2,3,0,3,1,True,True,False,False,True,True,False,False,False,False
木崎湖温泉,長野県,大町市,平,なし,―,―,5,3,0,0,0,2,0,True,False,False,False,False,False,False,False,False,False
葛温泉,長野県,大町市,平,なし,―,57,3,3,2,3,0,1,0,True,False,False,False,False,False,False,False,False,False
春日温泉,長野県,佐久市,春日,なし,―,142,4,3,1,2,1,3,0,True,False,False,False,False,False,False,False,False,False
天竜峡温泉,長野県,飯田市,川路,http://www.tenryukyou.com,―,261,3,3,2,0,0,3,2,True,False,False,False,False,False,False,False,False,False
辰口温泉,石川県,能美市,辰口町,なし,―,1036,3,3,3,3,2,3,2,False,True,False,False,False,True,False,False,False,False
白山一里野温泉,石川県,白山市,尾添,http://ichirino.gr.jp,―,209,9,3,1,2,1,5,0,False,True,True,False,False,False,False,False,False,False
白峰温泉,石川県,白山市,白峰,なし,―,266,4,3,1,0,0,3,0,False,False,True,False,False,False,False,False,False,False
大仁温泉,静岡県,伊豆の国市,吉田,なし,―,1113,4,3,1,2,0,3,0,True,True,False,False,False,True,False,False,False,False
赤沢温泉,静岡県,伊東市,赤沢,なし,―,1441,4,3,3,3,3,4,1,True,True,False,False,True,True,False,False,False,False
倉真温泉,静岡県,掛川市,倉真,なし,―,235,3,3,2,0,0,3,0,False,False,False,True,False,False,False,False,False,False
湯ヶ野温泉,静岡県,河津町,湯ケ野,https://www.kawazu-onsen.com/yado/yuganospa.html,―,130,4,3,1,2,0,2,0,False,False,False,False,True,True,False,False,False,False
峰温泉,静岡県,河津町,峰,なし,―,475,5,3,2,3,0,3,1,True,True,False,False,False,False,False,False,False,False
岩地温泉,静岡県,松崎町,岩地,なし,―,26,3,3,0,0,0,2,0,False,True,False,False,False,False,False,False,False,False
湯屋温泉,岐阜県,下呂市,小坂町湯屋,なし,―,473,3,3,2,2,0,3,0,True,True,True,False,False,False,False,False,False,False
柿野温泉,岐阜県,土岐市,鶴里町柿野,なし,―,362,4,3,3,1,0,3,0,True,False,False,False,True,True,False,False,False,False
湯泉地温泉,奈良県,十津川村,大字小原,http://totsukawa.info/joho/totsukawa_onsen_gou/,―,121,3,3,1,1,1,3,1,False,False,False,True,False,False,False,False,False,False
木津温泉,京都府,京丹後市,網野町木津,なし,―,248,3,3,1,2,0,3,0,True,False,False,False,False,False,False,False,False,False
串本温泉,和歌山県,串本町,サンゴ台,なし,―,2864,4,3,2,2,1,3,0,False,True,False,True,False,False,False,False,False,False
東郷温泉,鳥取県,湯梨浜町,大字引地,http://www.hawai-togo.jp,―,1149,3,3,3,2,1,3,0,False,True,True,False,True,False,False,False,False,False
鞆の浦温泉,広島県,福山市,鞆町鞆,なし,―,1623,5,3,3,3,0,4,1,True,False,False,False,True,True,False,False,False,False
一の俣温泉,山口県,下関市,豊田町大字一ノ俣,なし,―,790,4,3,3,2,1,3,0,False,False,False,True,False,False,False,False,False,False
湯野温泉,山口県,周南市,大字湯野,なし,―,526,4,3,3,1,0,3,0,True,False,False,True,True,True,False,False,False,False
柳川温泉,福岡県,柳川市,三橋町下百町,なし,―,656,3,3,3,2,2,3,0,False,True,True,False,False,False,False,False,False,False
深耶馬渓温泉,大分県,中津市,耶馬溪町大字深耶馬,なし,―,153,4,3,1,1,0,3,0,True,False,False,False,False,False,False,False,False,False
湯の鶴温泉,熊本県,水俣市,湯出,http://www.city.minamata.lg.jp/377.html,―,75,5,3,3,2,0,3,0,True,False,False,True,False,False,False,False,False,False
吹上温泉,鹿児島県,日置市,吹上町湯之浦,なし,―,158,5,3,3,1,1,3,0,False,False,False,True,False,False,False,False,False,False
渡瀬温泉,和歌山県,田辺市,本宮町渡瀬,http://www.hongu.jp/onsen/wataze/,―,698,3,3,1,3,0,3,1,True,True,True,False,False,False,False,False,False,False
壮瞥温泉,北海道,壮瞥町,字壮瞥温泉,なし,―,94,3,3,2,0,0,3,0,False,True,False,False,True,True,False,False,False,False
福渡温泉,栃木県,那須塩原市,塩原,http://www.siobara.or.jp/,―,428,4,3,1,2,1,3,1,False,True,False,False,False,True,False,False,False,False
酸ヶ湯温泉,青森県,青森市,大字荒川,なし,―,1381,3,3,2,1,2,3,1,True,True,False,True,False,True,True,False,False,False
平賀温泉郷,青森県,平川市,町居,なし,―,511,3,3,2,2,2,3,0,False,True,False,False,False,False,False,False,False,False
鉛温泉,岩手県,花巻市,鉛,なし,―,7370,3,3,3,3,2,3,1,True,False,False,False,True,False,False,False,False,False
沼尻温泉,福島県,猪苗代町,大字蚕養,なし,―,48,3,3,2,2,0,2,1,False,True,False,True,True,False,True,False,False,False
川場温泉,群馬県,川場村,大字川場湯原,なし,―,238,3,3,1,1,0,3,1,True,False,False,False,False,False,False,False,False,False
礼文島温泉,北海道,礼文町,大字香深村,なし,―,193,2,2,2,2,0,2,1,False,True,False,False,False,True,False,False,False,False
斜里温泉,北海道,斜里町,港町,なし,―,1094,4,2,2,1,0,2,0,False,True,True,False,False,False,False,False,False,False
仁伏温泉,北海道,弟子屈町,字サワンチサップ,なし,―,203,2,2,1,2,0,2,0,True,False,False,False,False,False,False,False,False,False
然別湖温泉,北海道,鹿追町,字ウリマク,なし,―,431,2,2,2,2,0,2,0,False,True,True,False,False,False,False,False,False,False
岩内温泉,北海道,岩内町,字野束,http://www.town.iwanai.hokkaido.jp/?page_id=603,―,687,4,2,2,2,2,3,0,False,True,True,False,False,False,False,False,False,False
薬研温泉,青森県,むつ市,大畑町,http://ohatakanko.com,―,227,3,2,1,0,0,2,0,True,False,False,False,False,False,False,False,False,False
鯵ヶ沢温泉,青森県,鰺ヶ沢町,大字舞戸町,なし,―,673,2,2,2,2,0,2,0,False,True,False,False,False,False,False,False,False,False
巣郷温泉,岩手県,西和賀町,巣郷,なし,―,24,2,2,1,0,0,2,0,True,True,False,False,True,False,False,False,False,False
大滝温泉,秋田県,大館市,十二所,なし,―,89,3,2,2,0,0,2,0,False,True,False,False,False,True,False,False,False,False
湯瀬温泉,秋田県,鹿角市,八幡平,なし,―,483,4,2,2,1,1,2,0,True,False,False,True,False,False,False,False,False,False
森岳温泉,秋田県,三種町,森岳,なし,―,281,2,2,2,0,1,2,0,False,True,False,False,False,False,False,False,False,False
秋の宮温泉郷,秋田県,湯沢市,秋ノ宮,http://www.yuzawamarugoto.com/menu_04/akinomiyaonsenkyo/akinomiyaonsenkyo.html,―,298,7,2,2,2,1,2,0,False,True,False,True,False,False,False,False,False,False
高湯温泉,福島県,福島市,町庭坂,http://www.takayuonsen.jp/index.html,―,883,4,2,2,2,0,2,0,False,False,False,True,True,False,False,False,False,False
西山温泉,福島県,柳津町,大字砂子原,http://www.yanaidu.com/onsen/onsen.html,―,―,4,2,0,2,0,0,0,False,True,False,True,False,False,False,False,False,False
岩瀬湯本温泉,福島県,天栄村,大字湯本,なし,―,94,3,2,1,0,0,2,0,False,True,False,False,False,False,False,False,False,False
元湯温泉,栃木県,那須塩原市,湯本塩原,なし,―,665,2,2,2,1,0,2,0,False,True,True,True,False,False,False,False,False,False
川原湯温泉,群馬県,長野原町,大字川原湯,http://www.kawarayu.jp,―,19,2,2,0,1,0,2,0,False,False,False,False,False,True,False,False,False,False
藪塚温泉,群馬県,太田市,藪塚町,なし,―,309,5,2,3,1,1,4,0,True,False,True,False,False,False,False,False,False,False
亀山温泉,千葉県,君津市,豊田旧菅間田,なし,―,341,2,2,1,1,0,2,0,False,True,True,False,False,False,False,False,False,False
西山温泉,山梨県,早川町,湯島,なし,―,657,2,2,2,1,1,2,1,False,True,False,False,False,True,False,False,False,False
出湯温泉,新潟県,阿賀野市,出湯,なし,―,22,4,2,1,1,0,2,0,True,False,False,False,True,False,False,False,False,False
麒麟山温泉,新潟県,阿賀町,鹿瀬,なし,―,430,2,2,2,2,0,2,0,False,True,False,False,True,False,False,False,False,False
柵口温泉,新潟県,糸魚川市,大字田麦平,なし,―,156,3,2,1,1,1,2,0,True,True,True,False,False,False,False,False,False,False
清津峡温泉,新潟県,十日町市,小出,なし,―,62,3,2,2,1,0,2,0,False,True,False,True,False,False,False,False,False,False
二居温泉,新潟県,湯沢町,大字三国,なし,―,―,3,2,0,0,0,2,0,True,False,False,False,False,False,False,False,False,False
切明温泉,長野県,栄村,大字堺,http://sakae-akiyamago.com/soak/396/,―,60,2,2,1,2,0,1,0,False,True,False,False,False,True,False,False,False,False
松代温泉,長野県,長野市,松代町西寺尾,なし,―,1659,3,2,2,2,1,2,0,False,True,False,False,False,False,False,False,False,False
田沢温泉,長野県,青木村,大字田沢,なし,―,251,4,2,2,2,0,2,0,False,False,False,True,False,False,False,False,False,False
崖の湯温泉,長野県,松本市,大字内田,なし,―,50,4,2,1,1,0,2,0,False,False,True,False,False,True,False,False,False,False
毒沢鉱泉,長野県,下諏訪町,－,なし,―,178,2,2,1,0,1,2,0,False,False,False,False,True,False,True,False,False,False
下條温泉,長野県,下條村,睦沢,http://shimojo-kanko.jp/onsen-higaeri.html,―,565,2,2,2,2,0,2,0,False,False,False,True,False,False,False,False,False,False
神通峡春日温泉,富山県,富山市,春日,なし,―,248,2,2,2,2,2,2,1,False,True,False,False,False,False,False,False,False,False
黒潮温泉,静岡県,焼津市,本町一丁目,なし,―,159,2,2,1,0,0,1,0,False,True,False,False,False,False,False,False,False,False
宇久須温泉,静岡県,西伊豆町,宇久須,なし,―,300,2,2,0,0,0,2,0,False,False,False,False,False,True,False,False,False,False
尾張温泉,愛知県,蟹江町,源氏三丁目,なし,―,414,2,2,2,1,0,2,0,True,False,False,False,False,False,False,False,False,False
山海温泉,愛知県,南知多町,大字山海,なし,―,883,3,2,2,3,1,3,1,False,True,False,False,False,False,False,False,False,False
下島温泉,岐阜県,下呂市,小坂町落合,なし,―,220,2,2,1,1,0,2,0,True,False,True,False,False,False,False,False,False,False
鬼岩温泉,岐阜県,瑞浪市,日吉町,http://www.oniiwaonsen.com,―,400,2,2,2,1,1,2,0,True,False,False,False,True,True,False,False,False,False
犬鳴山温泉,大阪府,泉佐野市,大木,なし,―,357,4,2,3,3,1,3,0,False,False,False,True,False,False,False,False,False,False
宝塚温泉,兵庫県,宝塚市,栄町二丁目,なし,―,1977,2,2,2,1,0,2,0,False,True,False,False,False,False,False,False,False,False
湯川温泉,和歌山県,那智勝浦町,大字湯川,なし,―,56,2,2,0,0,0,1,0,True,False,False,True,False,False,False,False,False,False
岩井温泉,鳥取県,岩美町,大字岩井,http://yukamuri.net,―,281,2,2,1,1,0,2,0,False,False,False,False,True,True,False,False,False,False
鹿野温泉,鳥取県,鳥取市,鹿野町今市,なし,―,459,2,2,2,2,0,2,0,True,False,False,False,False,False,False,False,False,False
三瓶温泉,島根県,大田市,三瓶町志学,なし,―,592,3,2,2,2,1,2,0,False,True,False,False,False,False,False,True,False,False
湯抱温泉,島根県,美郷町,湯抱,なし,―,―,3,2,0,0,0,2,0,False,True,True,False,False,False,False,False,False,False
有福温泉,島根県,江津市,有福温泉町,http://www.arifuku.net,―,236,2,2,2,1,0,2,1,True,False,False,False,False,False,False,False,False,False
脇田温泉,福岡県,宮若市,脇田,http://www.wakakanko.jp,―,513,6,2,2,2,2,2,0,True,False,False,False,False,False,False,False,False,False
船小屋温泉,福岡県,筑後市,大字尾島,http://www.funagoya.org,―,344,3,2,2,1,0,3,0,True,False,False,False,False,False,False,False,False,False
熊の川温泉,佐賀県,佐賀市,富士町大字上熊川,http://www.fuji-spa.com,―,89,2,2,1,0,0,2,0,False,False,False,False,True,True,False,False,False,False
九酔渓温泉,大分県,九重町,大字田野,http://kyusuikei.com,―,49,2,2,1,1,1,1,0,False,False,True,False,False,False,False,False,False,False
山川温泉,熊本県,小国町,大字北里,なし,―,79,3,2,1,2,0,2,1,True,False,False,True,False,True,False,False,False,False
田の原温泉,熊本県,南小国町,大字満願寺,なし,―,69,2,2,1,2,0,1,0,False,True,True,False,True,False,False,False,False,False
湯之尾温泉,鹿児島県,伊佐市,菱刈川北,なし,―,55,5,2,1,2,0,2,0,False,True,True,False,False,False,False,False,False,False
宮之城温泉,鹿児島県,さつま町,湯田,なし,―,311,7,2,2,1,0,2,0,True,False,False,True,False,False,False,False,False,False
川内高城温泉,鹿児島県,薩摩川内市,湯田町,http://www.sendaitakionsen.com/onsen,―,33,6,2,1,0,1,2,0,False,False,False,True,False,False,False,False,False,False
安楽温泉,鹿児島県,霧島市,牧園町宿窪田,なし,―,342,5,2,2,1,0,2,0,False,False,True,False,False,False,False,False,False,False
市比野温泉,鹿児島県,薩摩川内市,樋脇町市比野,なし,―,175,5,2,2,1,1,2,0,True,False,False,False,False,True,False,False,False,False
湯之元温泉,鹿児島県,日置市,東市来町湯田,なし,―,―,5,2,0,1,0,2,0,False,False,False,True,True,False,False,False,False,False
鹿屋温泉,鹿児島県,鹿屋市,向江町,http://www.kanoya.in/onsen/,―,951,2,2,2,0,2,2,0,False,False,True,False,False,False,False,False,False,False
うなぎ温泉,鹿児島県,指宿市,山川成川,なし,―,73,3,2,0,1,0,2,0,True,False,False,False,False,False,False,False,False,False
吉奈温泉,静岡県,伊豆市,吉奈,なし,―,839,2,2,2,2,0,2,2,True,False,False,False,False,False,False,False,False,False
浮島温泉,静岡県,西伊豆町,仁科,なし,―,95,2,2,1,1,0,2,0,False,True,False,False,False,False,False,False,False,False
浜村温泉,鳥取県,鳥取市,気高町勝見,なし,―,263,3,2,2,2,0,2,0,False,True,False,False,True,False,False,False,False,False
荒尾温泉,熊本県,荒尾市,本井手,http://arao.kumanomoto.com,―,1068,2,2,2,1,0,2,0,True,False,False,False,False,False,False,False,False,False
屈斜路湖畔温泉郷,北海道,弟子屈町,字サワンチサップ,なし,―,203,3,2,1,2,0,2,0,True,False,False,False,False,False,False,False,False,False
ニセコ東山温泉,北海道,ニセコ町,字東山,なし,―,153,2,2,2,2,0,2,2,False,True,True,False,False,True,False,False,False,False
鹿部温泉,北海道,鹿部町,字鹿部,なし,―,39,4,2,3,1,0,3,0,False,True,False,False,False,True,False,False,False,False
寒河江温泉,山形県,寒河江市,元町一丁目,なし,―,370,2,2,2,1,0,2,0,True,True,True,False,False,False,False,False,False,False
奥鬼怒温泉郷,栃木県,日光市,川俣,なし,―,338,3,2,1,2,0,2,0,True,True,True,True,False,False,False,False,False,False
鷹の巣温泉,新潟県,関川村,大字湯沢,なし,―,253,2,2,2,2,0,2,1,False,True,False,False,False,True,False,False,False,False
上高地温泉,長野県,松本市,安曇,なし,―,422,3,2,3,2,0,3,2,True,False,False,False,False,False,False,False,False,False
旭温泉,島根県,浜田市,旭町木田,なし,―,906,3,2,2,2,0,2,0,True,False,False,False,False,False,False,False,False,False
玉川温泉,秋田県,仙北市,田沢湖玉川,https://www.tamagawa-onsen.jp/,―,1440,2,2,2,1,2,2,0,False,True,False,False,False,False,True,True,False,False
岩尾別温泉,北海道,不明,不明,なし,―,61,1,1,1,1,0,1,0,False,True,True,False,False,False,False,False,False,False
女満別温泉,北海道,大空町,女満別湖畔三丁目,なし,―,123,2,1,1,1,1,1,0,True,False,False,False,False,False,False,False,False,False
標茶温泉,北海道,標茶町,桜八丁目,http://www.sip.or.jp/~kankou/stay/stay-top.html,―,127,2,1,1,1,0,1,0,True,False,False,False,False,False,False,False,False,False
盃温泉,北海道,泊村,大字興志内村,なし,―,65,2,1,0,1,0,1,0,False,False,False,False,False,False,False,False,False,False
ニセコ湯本温泉,北海道,不明,不明,なし,―,209,1,1,1,1,0,1,0,False,False,False,True,False,False,False,False,False,False
蟠渓温泉,北海道,壮瞥町,字蟠溪,なし,―,59,2,1,1,1,0,1,0,False,True,False,False,True,True,False,False,False,False
網張温泉,岩手県,不明,不明,http://www.shizukuishi-kanko.gr.jp/hotspring03.php,―,309,1,1,1,1,0,1,0,False,False,False,True,False,False,False,False,False,False
平泉温泉,岩手県,不明,不明,なし,―,210,1,1,1,0,0,1,0,False,True,False,False,False,False,False,False,False,False
小原温泉,宮城県,白石市,小原,http://www.shiroishi.ne.jp/stay/accommodations.html,―,23,2,1,1,1,0,1,0,True,True,False,False,False,True,False,False,False,False
横向温泉,福島県,猪苗代町,大字若宮,なし,―,107,3,1,1,1,0,1,0,True,False,False,False,False,False,False,False,False,False
宮下温泉,福島県,不明,不明,なし,―,―,1,1,0,0,0,0,0,False,True,True,False,False,True,False,False,False,False
玉梨温泉,福島県,不明,不明,なし,―,62,1,1,1,1,0,1,0,False,True,True,False,False,False,False,False,False,False
母畑温泉,福島県,石川町,大字母畑,なし,―,410,4,1,1,1,1,1,0,True,False,False,False,False,False,False,False,False,False
湯ノ花温泉,福島県,南会津町,湯ノ花,なし,―,9,3,1,0,0,0,1,0,True,False,False,False,False,False,False,False,False,False
木賊温泉,福島県,南会津町,宮里,なし,―,―,2,1,0,0,0,1,0,True,False,False,False,False,False,False,False,False,False
湯岐温泉,福島県,塙町,大字湯岐,なし,―,166,2,1,1,0,0,1,0,True,False,False,False,False,False,False,False,False,False
喜連川温泉,栃木県,不明,不明,なし,―,241,1,1,1,1,0,1,0,False,False,False,False,False,False,False,False,False,False
飯山温泉,神奈川県,厚木市,飯山,なし,―,319,2,1,1,1,0,2,0,True,False,False,False,False,False,False,False,False,False
増富温泉,山梨県,北杜市,須玉町小尾,なし,―,15,5,1,0,0,0,1,0,False,True,True,True,True,False,False,False,True,False
寺泊海岸温泉,新潟県,長岡市,寺泊大町,なし,―,236,2,1,1,1,0,1,0,False,True,True,False,False,False,False,False,False,False
御神楽温泉,新潟県,不明,不明,なし,―,60,1,1,1,1,0,1,0,False,False,True,False,False,False,False,False,False,False
西谷温泉,新潟県,長岡市,西谷,なし,―,184,2,1,0,0,0,1,0,False,False,False,True,False,False,False,False,False,False
奥山田温泉,長野県,不明,不明,http://shinshu-takayama-onsenkyo.com/hot_spring_facility/#okuyamada,―,5,1,1,1,0,0,1,0,False,False,False,True,False,False,False,False,False,False
牛岳温泉,富山県,不明,不明,なし,―,―,1,1,1,0,0,1,0,False,True,False,False,False,False,False,False,False,False
コンヤ温泉,静岡県,静岡市葵区,梅ヶ島,なし,―,86,2,1,0,1,0,1,0,False,False,False,True,False,False,False,False,False,False
畑毛温泉,静岡県,不明,不明,なし,―,56,1,1,1,1,0,1,0,True,False,False,False,False,False,False,False,False,False
船原温泉,静岡県,不明,不明,なし,―,41,1,1,1,1,0,1,0,True,False,False,False,False,False,False,False,False,False
大川温泉,静岡県,不明,不明,なし,―,511,1,1,1,1,0,1,1,False,True,False,False,False,True,False,False,False,False
大沢温泉,静岡県,松崎町,大澤,なし,―,12,2,1,0,0,0,1,0,False,False,False,False,False,True,False,False,False,False
馬瀬川温泉,岐阜県,不明,不明,なし,―,113,1,1,1,1,1,1,0,True,False,False,False,False,False,False,False,False,False
武田尾温泉,兵庫県,宝塚市,玉瀬,なし,―,235,2,1,1,1,0,1,1,False,False,False,False,True,False,False,False,False,False
あわくら温泉,岡山県,不明,不明,なし,―,6,1,1,1,0,0,1,0,False,False,False,False,False,True,False,False,False,False
関金温泉,鳥取県,倉吉市,関金町関金宿,なし,―,176,3,1,1,0,0,1,0,False,False,False,False,True,True,False,False,False,False
湯の山温泉,広島県,不明,不明,なし,―,6,1,1,0,0,0,1,0,False,False,False,False,True,False,False,False,False,False
湯ノ浦温泉,愛媛県,不明,不明,なし,―,1738,1,1,1,1,1,1,0,False,False,False,False,False,False,False,False,False,False
用井温泉,高知県,不明,不明,なし,―,309,1,1,1,0,1,1,0,True,False,False,False,False,False,False,False,False,False
博多温泉,福岡県,福岡市南区,三宅三丁目,なし,―,231,2,1,1,1,0,1,0,False,True,False,False,False,False,False,False,False,False
小地獄温泉,長崎県,雲仙市,小浜町雲仙,なし,―,343,3,1,1,1,0,1,0,False,False,False,True,False,False,False,False,False,False
龍門温泉,大分県,九重町,大字松木,なし,―,22,2,1,0,1,0,1,0,True,False,False,False,False,False,False,False,False,False
筌の口温泉,大分県,九重町,大字田野,http://www.kokonoe-k.com/spring06/,―,39,2,1,1,1,0,1,0,False,True,True,False,False,True,False,False,False,False
岳の湯温泉,熊本県,不明,不明,なし,―,16,1,1,1,1,0,1,0,True,False,False,False,False,False,False,False,False,False
満願寺温泉,熊本県,南小国町,大字満願寺,なし,―,―,3,1,0,1,0,1,0,True,False,False,False,False,False,False,False,False,False
白川温泉,熊本県,不明,不明,なし,―,249,1,1,1,1,0,1,0,False,False,False,True,True,False,False,False,False,False
菊鹿温泉,熊本県,山鹿市,菊鹿町池永,http://kikuka.jp,―,118,3,1,1,1,1,1,0,True,False,False,False,False,True,False,False,False,False
湯浦温泉,熊本県,不明,不明,なし,―,252,1,1,1,0,0,1,0,True,False,False,False,False,False,False,False,False,False
えびの高原温泉,宮崎県,不明,不明,なし,―,148,1,1,1,1,1,1,0,False,False,True,False,False,False,False,False,False,False
北郷温泉,宮崎県,不明,不明,なし,―,46,1,1,1,1,0,1,0,False,False,True,False,False,False,False,False,False,False
白根温泉,群馬県,不明,不明,なし,―,26,1,1,1,0,0,1,0,True,False,False,False,False,False,False,False,False,False
玉山温泉,福島県,不明,不明,なし,―,13,1,1,0,0,0,1,0,True,True,True,False,False,False,False,True,False,False
浜脇温泉,大分県,別府市,浜脇二丁目,なし,―,215,2,1,0,0,0,1,0,False,True,True,False,False,False,False,False,False,False
丸瀬布温泉,北海道,不明,不明,なし,―,228,1,1,1,1,0,1,1,True,False,False,False,False,False,False,False,False,False
形原温泉,愛知県,不明,不明,http://www.katahara-spa.jp/,―,58,1,1,1,1,0,1,0,True,False,False,False,False,False,False,False,False,False
強首温泉郷,秋田県,大仙市,強首,なし,―,81,3,1,2,1,0,2,0,False,True,False,False,False,False,False,False,False,False
大塩裏磐梯温泉,福島県,不明,不明,なし,―,205,1,1,1,1,0,1,0,False,False,False,False,False,False,False,False,False,False
池ノ湯温泉,北海道,不明,不明,なし,―,―,0,0,0,0,0,0,0,False,False,False,False,False,False,False,False,False,False
和琴温泉,北海道,不明,不明,なし,―,―,1,0,0,0,0,0,0,True,False,False,False,False,False,False,False,False,False
コタン温泉,北海道,不明,不明,なし,―,―,0,0,0,0,0,0,0,False,False,False,False,False,False,False,False,False,False
濁川温泉,北海道,森町,字濁川,なし,―,―,6,0,0,0,0,0,0,False,True,True,False,False,False,False,False,False,False
湯野川温泉,青森県,むつ市,川内町,なし,―,―,2,0,0,0,0,0,0,True,False,False,False,False,False,False,False,False,False
湯段温泉,青森県,弘前市,大字常盤野,http://www.iwakisan.com/hot_spring/yudan.html,―,―,2,0,0,0,0,0,0,False,True,True,False,False,False,False,False,False,False
国見温泉,岩手県,雫石町,橋場,http://www.shizukuishi-kanko.gr.jp/hotspring02.php,―,―,2,0,0,0,0,0,0,False,False,True,True,False,False,False,False,False,False
矢巾温泉,岩手県,矢巾町,大字煙山,なし,―,―,2,0,0,0,0,0,0,True,False,False,False,False,False,False,False,False,False
泥湯温泉,秋田県,不明,不明,なし,―,―,1,0,0,0,0,0,0,True,False,False,False,False,False,True,False,False,False
岩蔵温泉,東京都,青梅市,小曾木五丁目,http://iwakuraonsen.jp/index-p.html,―,―,2,0,0,0,0,0,0,False,False,False,False,False,False,False,False,False,False
鶴巻温泉,神奈川県,秦野市,鶴巻北二丁目,なし,―,―,2,0,0,0,0,0,0,False,True,False,False,False,False,False,False,False,False
底倉温泉,神奈川県,不明,不明,なし,―,―,1,0,0,0,0,0,0,False,True,False,False,False,False,False,False,False,False
二ノ平温泉,神奈川県,箱根町,小涌谷,なし,―,―,2,0,0,0,0,0,0,False,True,True,False,False,True,False,False,False,False
奈良田温泉,山梨県,不明,不明,なし,―,―,0,0,0,0,0,0,0,False,False,False,False,False,False,False,False,False,False
道志温泉,山梨県,不明,不明,なし,―,―,1,0,0,0,0,0,0,False,False,False,False,False,False,True,False,False,False
湯沢温泉,新潟県,関川村,大字湯沢,http://www.sekikawa-onsen.com/yusawa/,―,―,3,0,0,0,0,0,0,True,False,False,False,False,False,False,False,False,False
浦佐温泉,新潟県,南魚沼市,浦佐,なし,―,―,2,0,0,0,0,0,0,False,True,False,False,False,True,False,False,False,False
小谷温泉,長野県,小谷村,大字中土,http://www.vill.otari.nagano.jp/kanko/accommodations/otarionsen/,―,―,3,0,0,0,0,0,0,False,False,True,False,False,False,False,False,False,False
接岨峡温泉,静岡県,不明,不明,http://www.okuooi.gr.jp/wordpress/onsen/o_sessokyo/,―,―,0,0,0,0,0,0,0,False,False,False,False,False,False,False,False,False,False
千頭温泉,静岡県,不明,不明,http://www.okuooi.gr.jp/wordpress/onsen/o_senzu/,―,―,0,0,0,0,0,0,0,False,False,False,False,False,False,False,False,False,False
笹戸温泉,愛知県,豊田市,平畑町,なし,―,―,2,0,0,0,0,0,0,False,False,False,False,True,False,False,False,False,False
出石温泉,兵庫県,不明,不明,なし,―,―,0,0,0,0,0,0,0,False,False,False,False,False,False,False,False,False,False
湯来温泉,広島県,広島市佐伯区,湯来町大字多田,なし,―,97,2,0,1,1,0,1,0,False,False,False,False,False,False,False,False,False,False
大河内温泉,山口県,不明,不明,なし,―,―,1,0,0,0,0,0,0,False,False,False,False,False,False,False,False,False,False
三丘温泉,山口県,不明,不明,なし,―,―,1,0,0,0,0,0,0,False,False,False,False,False,False,False,False,False,False
星乃岡温泉,愛媛県,不明,不明,http://hoshinooka.net/,―,―,1,0,0,0,0,0,0,True,False,False,False,False,False,False,False,False,False
薬王寺温泉,福岡県,不明,不明,なし,―,―,1,0,0,0,0,0,0,False,False,False,False,True,False,False,False,False,False
三加和温泉,熊本県,不明,不明,なし,―,―,0,0,0,0,0,0,0,False,False,False,False,False,False,False,False,False,False
阿久根温泉,鹿児島県,阿久根市,港町,http://akune-kankourenmi.jimdo.com/,―,―,2,0,0,0,0,0,0,True,False,False,False,False,False,False,False,False,False
入来温泉,鹿児島県,不明,不明,なし,―,―,0,0,0,0,0,0,0,False,False,False,False,False,False,False,False,False,False
藺牟田温泉,鹿児島県,薩摩川内市,祁答院町藺牟田,なし,―,―,2,0,0,0,0,0,0,True,False,False,False,False,False,False,False,False,False
海潟温泉,鹿児島県,不明,不明,なし,―,―,1,0,0,0,0,0,0,False,False,False,True,False,False,False,False,False,False
七味温泉,長野県,高山村,大字奥山田,http://shinshu-takayama-onsenkyo.com/hot_spring_facility/#sichimi,―,―,3,0,0,0,0,0,0,False,True,False,True,False,True,False,False,False,False
柴石温泉,大分県,不明,不明,なし,―,―,1,0,0,0,0,0,0,True,True,False,False,False,True,False,False,False,False
川汲温泉,北海道,不明,不明,なし,―,―,1,0,0,0,0,0,0,True,False,False,False,False,False,False,False,False,False
山の神温泉,岩手県,不明,不明,なし,―,―,0,0,0,0,0,0,0,False,False,False,False,False,False,False,False,False,False
沓掛温泉,長野県,不明,不明,なし,―,―,0,0,0,0,0,0,0,False,False,False,False,False,False,False,False,False,False
