都道府県名,所在地,東経（゜）,東経（′）,東経（″),北緯（゜）,北緯（′）,北緯（″),標高（ｍ）,水源種別,利用目的,井戸深度,採水標高,気温,水温,湧出量,水質（外観臭味）,ｐＨ,ＲｐＨ,Ｒｎ(マッヘ),比重,密度,蒸発残留物,電気伝導度,水比抵抗,ＥＨ,ＫＭｎＯ４消費,Ｈ＋,Ｌｉ＋,Na＋,Ｋ＋,Ｒｂ＋,Ｃｓ＋,ＮＨ４＋,Ｍｇ２＋,Ｃａ２＋,Ｓｒ２＋,Ｂａ２＋,Ａｌ３＋,Ｍｎ２＋,Ｆｅ２＋,Ｆｅ３＋,Ｔ−Ｆｅ,Ｃｕ２＋,Ｚｎ２＋,Ｐｂ２＋,Ｓｉ４＋,Ｆ−,Ｃｌ−,Ｂｒ−,I−,OH−,ＮＯ２−,ＮＯ３−,ＨＳ−,Ｓ２Ｏ３2−,ＨＳＯ４−,ＳＯ４２−,ＳＯ３２−,Ｈ２ＰＯ４−,ＨＰＯ４２−,ＰＯ４３−,ＨＣＯ３−,ＣＯ３２−,ＨＳｉＯ３−,ＳｉＯ３２−,ＢＯ２−,Ｈ２ＳＯ４,Ｈ３ＰＯ４,ＨＡｓＯ２,ＡｓＯ２-,ＳｉO２,Ｈ２ＳｉＯ３,ＨＢＯ２,dis.O2,Free H2S,free CO2,Ｔ−ＣＯ２,Ｔ−Ａｓ,Ｔ−Ｈｇ,Ｔ−Ｐ,Ｔ−Ｂ,単位,調査日,文献名
佐賀県,有明町廻里津,130,7,20,33,9,0,,井戸,用水,,,,23.6,,,7.3,7.5,,,,,,,,3.7,,,16,4.9,,,0.1,4.6,8,,,,,0.06,0.05,,,,,,,7.8,,,,0,,,,,2,,,,,67.1,,,,,,,,,68.6,,,,,3.5,,,,0.13,,,1960/1,"筑後川下流平野の地下水,地調月報,1961"
佐賀県,白石町,130,9,0,33,9,40,,井戸,用水,,,,20,,,7.3,7.4,,,,,,,,3.8,,,24.9,7,,,0.2,4,6.8,,,,,0.15,0,,,,,,,7.8,,,,0,,,,,2,,,,,86,,,,,,,,,63.4,,,,,4.4,,,,0.37,,,1960/1,"筑後川下流平野の地下水,地調月報,1961"
佐賀県,白石町,130,8,30,33,10,50,,井戸,用水,,,,20.2,,,7.3,7.3,,,,,,,,0.4,,,17.4,5.7,,,0,3.6,7.4,,,,,0,0.05,,,,,,,10.7,,,,0,,,,,3,,,,,61,,,,,,,,,68.6,,,,,3.5,,,,0.14,,,1960/1,"筑後川下流平野の地下水,地調月報,1961"
佐賀県,福富町,130,11,20,33,11,0,,井戸,用水,,,,21.6,,Ｈ2Ｓ臭,7.2,7.7,,,,,,,,24.6,,,259.5,24.9,,,7,41.4,49.8,,,,,0.11,0,,,,,,,419.1,,,,0,,,,,2,,,,,297.6,,,,,,,,,55,,,,,,,,,0.65,,,1960/1,"筑後川下流平野の地下水,地調月報,1961"
佐賀県,牛津町,130,12,0,33,14,20,,井戸,用水,151.5,,,19.2,,,7.7,7.7,,,,,,,,1.7,,,26.1,1.7,,,0.3,5.2,18.6,,,,,0,0.02,,,,,,,12.1,,,,0,,,,,0,,,,,113.4,,,,,,,,,25.4,,,,,1.7,,,,0.16,,,1960/1,"筑後川下流平野の地下水,地調月報,1961"
佐賀県,佐賀市,130,18,20,33,17,10,,井戸,用水,,,,20.1,,,7.3,7.5,,,,,,,,3,,,21.2,0.7,,,0.2,3.1,11.4,,,,,0.1,0,,,,,,,5.8,,,,0,,,,,0,,,,,84.1,,,,,,,,,37.4,,,,,2.6,,,,0.3,,,1960/1,"筑後川下流平野の地下水,地調月報,1961"
佐賀県,佐賀市,130,17,20,33,15,20,,井戸,用水,,,,22.3,,,7.4,7.5,,,,,,,,2.3,,,23.3,1.5,,,0,4.6,15.2,,,,,0.15,0,,,,,,,5,,,,0,,,,,2,,,,,111,,,,,,,,,38.6,,,,,4.4,,,,0.21,,,1960/1,"筑後川下流平野の地下水,地調月報,1961"
佐賀県,佐賀市,130,17,30,33,15,20,,井戸,用水,,,,19.2,,,7.3,7.4,,,,,,,,6.3,,,30.8,1.8,,,0.1,7.1,12.6,,,,,0.24,0,,,,,,,8.9,,,,0,,,,,0,,,,,126.8,,,,,,,,,47.6,,,,,7.1,,,,0.28,,,1960/1,"筑後川下流平野の地下水,地調月報,1961"
佐賀県,佐賀市,130,18,0,33,15,10,,井戸,用水,,,,19.2,,,7.3,7.5,,,,,,,,6.3,,,27.8,1.2,,,0.3,8,16.6,,,,,0.25,0.05,,,,,,,13.1,,,,0,,,,,2,,,,,125.6,,,,,,,,,46.6,,,,,9.8,,,,0.21,,,1960/1,"筑後川下流平野の地下水,地調月報,1961"
佐賀県,佐賀市,130,17,40,33,14,50,,井戸,用水,,,,21.2,,,7.1,7.4,,,,,,,,7.9,,,38.8,2.2,,,1,5.1,9.2,,,,,0.53,0,,,,,,,6.2,,,,0,,,,,1,,,,,132.9,,,,,,,,,55,,,,,9.8,,,,0.63,,,1960/1,"筑後川下流平野の地下水,地調月報,1961"
佐賀県,佐賀市喜瀬新町,130,15,30,33,13,10,,井戸,用水,,,,22.6,,,7.4,7.7,,,,,,,,12.6,,,40.5,6.9,,,1.8,4.7,14.4,,,,,0.12,0,,,,,,,3.6,,,,0,,,,,2,,,,,154.9,,,,,,,,,65.4,,,,,7.1,,,,0.65,,,1960/1,"筑後川下流平野の地下水,地調月報,1961"
佐賀県,東与賀町,130,17,20,33,12,0,,井戸,用水,,,,22.9,,ガス徴,7.3,7.5,,,,,,,,14.9,,,92.6,15.2,,,4,17.1,17.5,,,,,0.38,0,,,,,,,84.6,,,,0,,,,,3,,,,,291.5,,,,,,,,,66.2,,,,,,,,,0.65,,,1960/1,"筑後川下流平野の地下水,地調月報,1961"
佐賀県,東与賀町,130,16,50,33,10,30,,井戸,用水,204,,,21.6,,ガス徴,7.3,7.6,,,,,,,,13.6,,,77,15.8,,,8,15.8,14.5,,,,,0.5,0,,,,,,,36.9,,,,0,,,,,1,,,,,272.5,,,,,,,,,66.2,,,,,,,,,0.16,,,1960/1,"筑後川下流平野の地下水,地調月報,1961"
佐賀県,川副町,130,18,40,33,12,40,,井戸,用水,,,,25.3,,ガス徴,7.5,7.8,,,,,,,,17.7,,,138.8,16.8,,,3.6,9.8,16.6,,,,,0.45,0,,,,,,,59.4,,,,0,,,,,0,,,,,372.1,,,,,,,,,71,,,,,,,,,0.36,,,1960/1,"筑後川下流平野の地下水,地調月報,1961"
佐賀県,川副町,130,19,30,33,11,10,,井戸,用水,,,,24.3,,混合水,7.6,,,,,,,,,15,,,81.2,10,,,3.6,3.3,6.2,,,,,,,,,,,,,7,,,,0,,,,,1,,,,,219,,,,,,,,,71.4,,,,,,,,,1.2,,,1960/1,"筑後川下流平野の地下水,地調月報,1961"
佐賀県,川副町,130,20,50,33,10,20,,井戸,用水,,,,19.1,,,6.8,7.5,,,,,,,,8,,,695,41.8,,,4.4,107.5,122.4,,,,,0.61,0,,,,,,,1452.5,,,,0,,,,,17,,,,,248.8,,,,,,,,,66.2,,,,,,,,,0,,,1960/1,"筑後川下流平野の地下水,地調月報,1961"
佐賀県,諸富町,130,21,10,33,14,0,,井戸,用水,,,,18.8,,,7.3,7.6,,,,,,,,16.7,,,56.1,8.7,,,1,8.6,13,,,,,0.05,0.03,,,,,,,13.5,,,,0,,,,,5,,,,,206.1,,,,,,,,,78,,,,,8,,,,0.6,,,1960/1,"筑後川下流平野の地下水,地調月報,1961"
佐賀県,佐賀市,130,22,0,33,14,50,,井戸,用水,153,,,23.7,,,6.5,7,,,,,,,,3.5,,,50.8,8.2,,,0,5.6,11.1,,,,,,,,,,,,,68.2,,,,,,,,,3,,,,,50,,,,,,,,,76.6,,,,,,,,,0,,,1960/1,"筑後川下流平野の地下水,地調月報,1961"
佐賀県,千代田町,130,21,0,33,15,30,,井戸,用水,,,,16.6,,,7.5,,,,,,,,,11.5,,,205,33.7,,,13,111.1,106.1,,,,,0.08,0,,,,,,,827.1,,,,0,,,,,0,,,,,122.7,,,,,,,,,22.5,,,,,,,,,0,,,1960/1,"筑後川下流平野の地下水,地調月報,1961"
佐賀県,佐賀市,130,19,30,33,16,10,,井戸,用水,250,,,23.8,,,7.5,8,,,,,,,,18,,,70.8,3.8,,,0.3,6.6,20.6,,,,,0.1,0.05,,,,,,,18.1,,,,0,,,,,5,,,,,239.1,,,,,,,,,38,,,,,8.9,,,,,,,1960/1,"筑後川下流平野の地下水,地調月報,1961"
佐賀県,神崎市,130,22,20,33,18,20,,井戸,用水,,,,21.2,,Ｈ2Ｓ臭,7.3,7.6,,,,,,,,6.2,,,33.3,1.4,,,0.2,6.8,20.7,,,,,0.36,0,,,,,,,5.7,,,,0,,,,,1,,,,,157.3,,,,,,,,,38,,,,,6.2,,,,0.14,,,1960/1,"筑後川下流平野の地下水,地調月報,1961"
佐賀県,三根町,130,26,0,33,17,30,,井戸,用水,,,,20.9,,Ｈ2Ｓ臭,7.5,7.6,,,,,,,,15.5,,,48.5,3.9,,,0.7,1.6,3.3,,,,,0.24,0.07,,,,,,,4.9,,,,0,,,,,3,,,,,115.9,,,,,,,,,60,,,,,2.6,,,,0.91,,,1960/1,"筑後川下流平野の地下水,地調月報,1961"
佐賀県,鳥栖市,130,30,10,33,21,30,,井戸,用水,,,,17.8,,,6.9,7.1,,,,,,,,1.8,,,18,1.2,,,0.1,1.5,7.9,,,,,0,0.05,,,,,,,7,,,,0,,,,,0,,,,,61.9,,,,,,,,,55,,,,,10.7,,,,0.04,,,1960/1,"筑後川下流平野の地下水,地調月報,1961"
佐賀県,鳥栖市,130,30,50,33,22,10,,井戸,用水,,,,17.7,,,6.2,7.1,,,,,,,,1.8,,,17.2,3.6,,,0.1,4.4,17.6,,,,,0,0.02,,,,,,,16.7,,,,0.01,,,,,25,,,,,48.8,,,,,,,,,38,,,,,28.7,,,,0.02,,,1960/1,"筑後川下流平野の地下水,地調月報,1961"
佐賀県,鳥栖市,130,31,40,33,22,30,,井戸,用水,,,,18,,,7.1,,,,,,,,,5.8,,,14.6,1.5,,,0.2,2.2,7.4,,,,,0.16,0,,,,,,,6,,,,0.01,,,,,0,,,,,54.9,,,,,,,,,46.6,,,,,1.7,,,,0.16,,,1960/1,"筑後川下流平野の地下水,地調月報,1961"
佐賀県,鳥栖市,130,31,40,33,23,0,,井戸,用水,,,,20.1,,,8.4,8.4,,,,,,,,0.3,,,16.9,2.4,,,0.1,0.5,13.9,,,,,0,0.01,,,,,,,16.4,,,,0,,,,,3,,,,,33.6,,,,,,,,,20,,,,,0,,,,0.01,,,1960/1,"筑後川下流平野の地下水,地調月報,1961"
佐賀県,鳥栖市,130,31,50,33,23,10,,井戸,用水,60,,,17.6,,,8.5,8.5,,,,,,,,2.8,,,11.5,0.6,,,0.2,0,9.7,,,,,0,0.03,,,,,,,0.7,,,,0,,,,,2,,,,,28.7,,,,,,,,,19,,,,,0,,,,0.05,,,1960/1,"筑後川下流平野の地下水,地調月報,1961"
佐賀県,鳥栖市,130,31,30,33,23,10,,井戸,用水,,,,17.8,,,7.2,7.4,,,,,,,,2.8,,,27,1,,,0.1,11.8,58.8,,,,,0,0.01,,,,,,,68.1,,,,0.01,,,,,21,,,,,129.3,,,,,,,,,48,,,,,12.5,,,,0.05,,,1960/1,"筑後川下流平野の地下水,地調月報,1961"
佐賀県,鳥栖市,130,30,10,33,23,30,,井戸,用水,,,,20.2,,,7.4,7.5,,,,,,,,6.1,,,15.7,0.8,,,0.1,3.2,15.4,,,,,0,0.03,,,,,,,6,,,,0,,,,,0,,,,,84.1,,,,,,,,,45.4,,,,,1.7,,,,0.09,,,1960/1,"筑後川下流平野の地下水,地調月報,1961"
佐賀県,鳥栖市,130,32,10,33,24,10,,井戸,用水,,,,,,,7.9,7.9,,,,,,,,9.4,,,21.5,0.6,,,0.3,0.2,1.2,,,,,0,0.05,,,,,,,5.7,,,,0.07,,,,,3,,,,,40.2,,,,,,,,,20,,,,,0,,,,0.36,,,1960/1,"筑後川下流平野の地下水,地調月報,1961"
佐賀県,鳥栖市,130,32,10,33,23,40,,井戸,用水,,,,18.6,,,8.5,8.5,,,,,,,,7.1,,,25.5,0.5,,,0.8,0.2,2,,,,,0,0.05,,,,,,,0.9,,,,0,,,,,3,,,,,41.5,,,,,,,,,17.4,,,,,0,,,,0.3,,,1960/1,"筑後川下流平野の地下水,地調月報,1961"
佐賀県,鳥栖市,130,32,40,33,22,30,,井戸,用水,50,,,18.4,,,6.1,6.8,,,,,,,,0.93,,,12.8,4.9,,,0.6,5.7,18.1,,,,2.1,0.23,,0.23,,,,,,14.4,,,,0,,,,,21,,,,,,,,,,,,,,57.3,,,,,,,,,,,,1964-11-04 00:00:00,"佐賀・福岡県筑後平野東部地域における工業用地下水源,地調月報,1966"
佐賀県,鳥栖市,130,32,0,33,21,40,,井戸,用水,50,,,18.6,,,7.4,7.6,,,,,,,,0.68,,,14.1,1.9,,,0.4,1.7,10.5,,,,0,0.14,,0.14,,,,,,3.6,,,,0,,,,,0,,,,,,,,,,,,,,50.5,,,,,,,,,,,,1964-11-04 00:00:00,"佐賀・福岡県筑後平野東部地域における工業用地下水源,地調月報,1966"
佐賀県,鳥栖市,130,31,50,33,23,10,,井戸,用水,,,,20.9,,,8.2,,,,,,,,,0.57,,,14.1,2,,,0.3,0.2,14.2,,,,0,,,0.2,,,,,,13.7,,,,0.12,,,,,5.4,,,,,,,,,,,,,,18,,,,,,,,,,,,1964-11-04 00:00:00,"佐賀・福岡県筑後平野東部地域における工業用地下水源,地調月報,1966"
佐賀県,鳥栖市,130,31,50,33,22,20,,井戸,用水,,,,17.9,,,6.5,7,,,,,,,,0.71,,,18.5,1.8,,,0,2.8,10.3,,,,,0,,0,,,,,,11,,,,0,,,,,5.3,,,,,,,,,,,,,,44.3,,,,,,,,,,,,1964-11-04 00:00:00,"佐賀・福岡県筑後平野東部地域における工業用地下水源,地調月報,1966"
佐賀県,鳥栖市,130,31,40,33,22,30,,井戸,用水,,,,18.5,,,7,7.1,,,,,,,,0.6,,,15.5,1.2,,,0.2,2,8.6,,,,0,0.22,,0.23,,,,,,4.5,,,,0,,,,,2.3,,,,,,,,,,,,,,43.3,,,,,,,,,,,,1964-11-04 00:00:00,"佐賀・福岡県筑後平野東部地域における工業用地下水源,地調月報,1966"
佐賀県,鳥栖市,130,31,0,33,22,50,,井戸,用水,,,,18.6,,,6.9,7.4,,,,,,,,0.83,,,10.8,1.1,,,0.4,3.2,20.7,,,,,,,0.41,,,,,,7.5,,,,,,,,,7.4,,,,,,,,,,,,,,26.4,,,,,,,,,,,,1964-11-04 00:00:00,"佐賀・福岡県筑後平野東部地域における工業用地下水源,地調月報,1966"
佐賀県,鳥栖市,130,31,10,33,22,50,,井戸,用水,,,,18.4,,,8.2,,,,,,,,,0.69,,,16.4,1.2,,,0.4,1.4,20.9,,,,,,,0.18,,,,,,8.4,,,,,,,,,6.6,,,,,,,,,,,,,,26,,,,,,,,,,,,1964-11-04 00:00:00,"佐賀・福岡県筑後平野東部地域における工業用地下水源,地調月報,1966"
佐賀県,鳥栖市,130,31,10,33,22,20,,井戸,用水,,,,17.9,,,6.3,6.8,,,,,,,,0.83,,,16.4,4,,,0.3,4.8,25.3,,,,,0.04,,0.05,,,,,,18.8,,,,0,,,,,33.4,,,,,,,,,,,,,,41.5,,,,,,,,,,,,1964-11-04 00:00:00,"佐賀・福岡県筑後平野東部地域における工業用地下水源,地調月報,1966"
佐賀県,鳥栖市,130,30,10,33,21,50,,井戸,用水,,,,18.5,,,6.4,7,,,,,,,,0.6,,,8.6,2,,,0.3,2.4,11.8,,,,0.1,0.05,,0.06,,,,,,6.1,,,,,,,,,4,,,,,,,,,,,,,,40.7,,,,,,,,,,,,1964-11-04 00:00:00,"佐賀・福岡県筑後平野東部地域における工業用地下水源,地調月報,1966"
佐賀県,鳥栖市,130,31,40,33,20,30,,井戸,用水,40,,,19.2,,,7.7,7.8,,,,,,,,1.87,,,135.2,8,,,0.9,2.8,24.5,,,,0.1,0.08,,0.08,,,,,,51.3,,,,0,,,,,3,,,,,,,,,,,,,,55.9,,,,,,,,,,,,1964-11-04 00:00:00,"佐賀・福岡県筑後平野東部地域における工業用地下水源,地調月報,1966"
佐賀県,鳥栖市,130,30,50,33,20,30,,井戸,用水,,,,21.7,,,7.9,7.9,,,,,,,,1.01,,,135.2,3,,,,0,4.4,,,,,,,0.03,,,,,,134.9,,,,,,,,,2,,,,,,,,,,,,,,,,,,,,,,,,,,1964-11-04 00:00:00,"佐賀・福岡県筑後平野東部地域における工業用地下水源,地調月報,1966"
佐賀県,多久温泉,,,,,,,,湧泉,温泉・鉱泉,,,,20.5,1,,5.1,,,1.0042,,6162,,,,,0.01,,44.64,30.29,,,4.25,74.42,286.2,,,116,60,80.05,23.08,,,,,,,28.72,,,,,,,,,112.3,,,,,22.27,,,,,,,,,,,,,,524.5,,,,,,,1963-04-13 00:00:00,"佐賀県の温泉について（第7報）,佐賀県衛研所報,1971"
佐賀県,厳木温泉,,,,,,,,湧泉,温泉・鉱泉,,,,14.5,50,,6.2,,,0.9993,,1011,,,,,0.0006,,55.32,2.827,,,11.241,87.61,110.9,,,0.4,2.125,2.64,,,,,,,,12.17,,,,,,,,,617,,,,,97.82,0.018,,,,,,,,,,,,,148.2,,,,,,,1968-02-27 00:00:00,"佐賀県の温泉について（第7報）,佐賀県衛研所報,1971"
佐賀県,岩屋温泉,,,,,,,,湧泉,温泉・鉱泉,,,,19.7,60,,6.6,,,1.0011,,3249,,,,,0.0002,,747,7.819,,,0.3,59.8,141.6,,,0.334,1.2,1880,,,,,,,,13.97,,,,,,,,,1802,,,,,461.2,0.12,,,0.004,,,,,,,1696,,,277.2,,,,,,,1971-02-25 00:00:00,"佐賀県の温泉について（第7報）,佐賀県衛研所報,1971"
佐賀県,佐里温泉,,,,,,,,井戸,温泉・鉱泉,540,,,36.5,50,,9.2,,,0.9987,,588,,,,,,,196.8,30.2,,,,0.522,10.34,,,0.16,,0.1,,,,,,,,120.2,,,0.272,,,,,,191.9,,,,,77.03,7.189,,,12.16,,,,,,,13.06,,0.003,0.114,,,,,,,1967-02-02 00:00:00,"佐賀県の温泉について（第7報）,佐賀県衛研所報,1971"
佐賀県,川上温泉,,,,,,,,井戸,温泉・鉱泉,450,,,21.5,60,,7,,,1.0007,,2456,,,,,,,425.6,46.13,,,,107.5,317.6,,,0.01,0.24,0.4,,,,,,,,179.4,,,,,,,,,4.115,,,,,2452,1.41,,,0.094,,,,,,,15.49,,,589.2,,,,,,,1967-02-23 00:00:00,"佐賀県の温泉について（第7報）,佐賀県衛研所報,1971"
佐賀県,古湯温泉,130,12,30,33,22,10,,湧泉,温泉・鉱泉,,,,34.5,80,,9,,,0.9972,,159,,,,,,,39.1,5.078,,,,2.451,8.08,,,0.012,,0.03,,,,,,,,23.27,,,0.17,,,,,,14.79,,,,,77.85,4.59,,,,,,,,,,,,,0.184,,,,,,,1965-07-21 00:00:00,"佐賀県の温泉について（第7報）,佐賀県衛研所報,1971"
佐賀県,古湯温泉,130,12,30,33,22,10,,井戸,温泉・鉱泉,164.5,,,43,90,,9.5,,,0.9972,,186,,,,,,,48.43,5.839,,,,1.838,5.05,,,0.337,,0.13,,,,,,,,25.07,,,0.544,,,,,,16.52,,,,,62.97,11.61,,,,,,,,,,,,,0.048,,,,,,,1965-07-21 00:00:00,"佐賀県の温泉について（第7報）,佐賀県衛研所報,1971"
佐賀県,古湯温泉,130,12,30,33,22,10,,井戸,温泉・鉱泉,250,,,35,124,,9.5,,,0.9986,,149.5,,,,,,,50.96,3.123,,,,0.507,2.51,,,0.016,,0.142,,,,,,,,24.01,,,0.544,,,,,,19.25,,,,,50.14,13.88,,,,,,,,,,,,,0.039,,,,,,,1967-07-10 00:00:00,"佐賀県の温泉について（第7報）,佐賀県衛研所報,1971"
佐賀県,古湯温泉,130,12,30,33,22,10,,井戸,温泉・鉱泉,205,,,40.5,70,,9.6,,,0.9983,,199.5,,,,,,,62.19,13.06,,,,0.127,1.464,,,0.12,,0.1,,,,,,,,25.88,,,0.68,,,,,,17.61,,,,,86.09,20.33,,,,,,,,,,,,,0.048,,,,,,,1967-10-06 00:00:00,"佐賀県の温泉について（第7報）,佐賀県衛研所報,1971"
佐賀県,熊ノ川温泉,130,14,30,33,21,50,,湧泉,温泉・鉱泉,,,,32,20,,8.5,,,1.0012,,157,,,,,,,42.09,1.607,,,,1.15,5.428,,,0.07,,0.122,,,,,,,,22.39,,,0.054,,,,,,15.3,,,,,83.52,1.542,,,,,,,,,,,,,0.902,,,,,,,1966-11-05 00:00:00,"佐賀県の温泉について（第7報）,佐賀県衛研所報,1971"
佐賀県,武雄溝ノ上温泉,,,,,,,,井戸,温泉・鉱泉,100,,,26.9,39,,8.9,,,0.9996,,174,,,,,,,62.5,7.938,,,0.032,0.158,2.701,,,0.055,,0.076,,,,,,,,18.27,,,0.136,,,,,,6.502,,,,,165.2,7.507,,,0.867,,,,,,,1.923,,0.009,0.516,,,,,,,1969-12-24 00:00:00,"佐賀県の温泉について（第7報）,佐賀県衛研所報,1971"
佐賀県,武雄溝ノ上温泉,,,,,,,,井戸,温泉・鉱泉,501,,,25.5,57,,8.7,,,0.9994,,213,,,,,,,43.44,4.4,,,0.14,1.584,5.663,,,1.17,0.037,1.47,,,,,,,,10.73,,,0.085,,,,,,7.654,,,,,121.9,36,,,0.799,,,,,,,2.725,,0.002,0.5866,,,,,,,1970-05-25 00:00:00,"佐賀県の温泉について（第7報）,佐賀県衛研所報,1971"
佐賀県,武雄溝ノ上温泉,,,,,,,,井戸,温泉・鉱泉,500,,,32.2,80,,9.15,,,0.9986,,259,,,,,,,76,1.1,,,0.04,0.079,2.091,,,0.174,0.01,0.368,,,,,,,,34.04,,,0.221,,,,,,0.164,,,,,120.5,8.999,,,1.186,,,,,,,1.619,,0.004,0.231,,,,,,,1970-07-21 00:00:00,"佐賀県の温泉について（第7報）,佐賀県衛研所報,1971"
佐賀県,伊万里温泉,,,,,,,,井戸,温泉・鉱泉,150,,,21,150,,8.35,,,1.0016,,2643,,,,,,,1100,5.7,,,0.94,0.845,6.273,,,0.21,,0.2,,,,,,,,814.5,,,0.038,,,,,,6.173,,,,,1490,19.54,,,1.661,,,,,,,12.75,,0.061,16.12,,,,,,,1970-07-22 00:00:00,"佐賀県の温泉について（第7報）,佐賀県衛研所報,1971"
佐賀県,高串温泉,,,,,,,,井戸,温泉・鉱泉,700,,,29.2,40,,8.5,,,0.9998,,1522,,,,,,,607.5,5.453,,,0.022,0.97,1.999,,,0.16,0.015,0.13,,,,,,,,123.4,,,0.054,,,,,,0.987,,,,,1366,25.2,,,1.233,,,,,,,6.731,,,10.51,,,,,,,1971-01-11 00:00:00,"佐賀県の温泉について（第7報）,佐賀県衛研所報,1971"
佐賀県,肥前町,,,,,,,,井戸,温泉・鉱泉,316,,,16.9,,Ｈ2Ｓ臭,8.62,8.8,,,,458.4,,1650,-220,,,,183,2,,,,0,8,,,,,0.69,,,,,,,,32.5,,,,,,,,,3.9,,,,,434.5,,,,,,,,,,,,,,,,,,,,,,"諌早炭田北部の地下水,松下久道教授記念論文集,1971"
佐賀県,,,,,,,,,井戸,温泉・鉱泉,55,,,19.9,,Ｈ2Ｓ臭,8,8.7,,,,834.5,,770,-240,,,,299,1.3,,,,11.5,20.3,,,,,0,,,,,,,,370.4,,,,,,,,,4.9,,,,,269.7,6.2,,,,,,,,,,,,1.64,,,,,,,,,"諌早炭田北部の地下水,松下久道教授記念論文集,1971"
佐賀県,神崎温泉 ,130,21,52,33,21,2,,不明,温泉・鉱泉,230,,14.5,21,50,,9.1,,19.26,0.998,,111,,,,,,,29,0.45,,,,3.078,2.616,,,0.13,0.006,0.145,,,,,,,0.7,8.244,,,0.185,,,,,,5.185,,0.001,0.181,,72.02,3.427,3.522,0.006,,,,0.005,0.002,,22.16,,,,0.215,,,,,,mg/kg,1977-05-10 00:00:00,"佐賀県の温泉について（第10報）,佐賀県衛生研究所報,1981"
佐賀県,相知温泉 ,129,59,59,33,21,4,,不明,温泉・鉱泉,100,,33,19.3,360,,6.83,,,0.9994,,1925,,,,,,,503,5.1,,,0.45,51.72,45.03,,,0.06,0.13,3.5,,,,,,,0.369,15.75,,,,,,0.138,,,786.1,,,,,718.3,0.27,0.046,,,,,,,,33.13,,,0.251,276.3,,,,,,mg/kg,1978-09-05 00:00:00,"佐賀県の温泉について（第10報）,佐賀県衛生研究所報,1981"
佐賀県,玄海町温泉 ,129,51,57,33,27,13,,不明,温泉・鉱泉,430,,5.5,26.5,125,,8.6,,,0.9991,,741,,,,,,,310.3,1.4,,,,1.6,1.9,,,0.09,0.007,0.04,,,,,,,5.6,53,,,,,,,,,22.6,,,,,630.9,28.5,,,,,,,,,19.5,9.2,,,2.7,,,,,,mg/kg,1980-03-12 00:00:00,"佐賀県の温泉について（第10報）,佐賀県衛生研究所報,1981"
佐賀県,,130,13,22,32,57,8,,不明,温泉・鉱泉,,,23,21,,,6.65,,2.45,,,514,940,,,,,0.11,113,8.59,,,,36.7,29.7,0.05,,,0.09,,,0.29,,0.04,,,,141,,,,,,,,,21.3,,,,,326,,,,,,,,,,,,,,,,,,,,,1982-10-12 00:00:00,"佐賀県西部温泉群の地球化学的研究,温泉工学会誌,1983"
佐賀県,,130,12,30,32,58,57,,不明,温泉・鉱泉,,,23,23,,,7.4,,2.58,,,253,371,,,,,0.05,43.8,5.02,,,,18.5,9.15,,,,,,,0.49,,0.1,,,,11.5,,,,,,,,,1.98,,,,,222,,,,,,,,,,,,,,,,,,,,,1982-10-12 00:00:00,"佐賀県西部温泉群の地球化学的研究,温泉工学会誌,1983"
佐賀県,,130,3,54,33,0,18,,不明,温泉・鉱泉,,,22.5,28,,,7.3,,0.79,,,245,333,,,,,0.02,34.8,11.5,,,,8.46,16.6,,,,,,,,,,,,,3.75,,,,,,,,,6.08,,,,,190,,,,,,,,,,,,,,,,,,,,,1982-10-12 00:00:00,"佐賀県西部温泉群の地球化学的研究,温泉工学会誌,1983"
佐賀県,,130,4,9,33,5,28,,不明,温泉・鉱泉,,,27,23,,,8.45,,1.57,,,652,1140,,,,,0.11,281,1.83,,,,1.37,0.272,,,,,,,,,,,,,3.56,,,,,,,,,2.67,,,,,702,19,,,,,,,,,,,,,,,,,,,,1982-10-12 00:00:00,"佐賀県西部温泉群の地球化学的研究,温泉工学会誌,1983"
佐賀県,,130,5,18,33,5,58,,不明,温泉・鉱泉,,,27,16.5,,,8.2,,2.69,,,953,1550,,,,,,356,19.4,,,,9.72,3.08,,,,0.07,,,0.29,0.06,0.22,,,,106,,,,,,,,,7.23,,,,,763,,,,,,,,,,,,,,,,,,,,,1982-10-12 00:00:00,"佐賀県西部温泉群の地球化学的研究,温泉工学会誌,1983"
佐賀県,,129,59,7,33,5,34,,不明,温泉・鉱泉,,,30,80,,,7.45,,2.99,,,1360,2380,,,,,1.14,495,31,,,,0.989,8.42,,,,,,,,,,,,,231,,,,,,,,,12.3,,,,,970,,,,,,,,,,,,,,,,,,,,,1982-10-12 00:00:00,"佐賀県西部温泉群の地球化学的研究,温泉工学会誌,1983"
佐賀県,,130,0,18,33,7,55,,不明,温泉・鉱泉,,,28,20,,,8.43,,2.91,,,986,1760,,,,,0.24,429,1.73,,,,1.21,1.54,,,,,,,,,,,,,7.43,,,,,,,,,3.17,,,,,891,117,,,,,,,,,,,,,,,,,,,,1982-10-12 00:00:00,"佐賀県西部温泉群の地球化学的研究,温泉工学会誌,1983"
佐賀県,,130,0,58,33,11,35,,不明,温泉・鉱泉,,,24,48.5,,,8.29,,1.58,,,609,1070,,,,,0.3,241,1.6,,,,0.385,3.26,0.11,,,,,,,,0.02,,,,101,,,,,,,,,3.48,,,,,434,13.9,,,,,,,,,,,,,,,,,,,,1982-10-12 00:00:00,"佐賀県西部温泉群の地球化学的研究,温泉工学会誌,1983"
佐賀県,,129,51,51,33,11,26,,不明,温泉・鉱泉,,,31,19.5,,,8.9,,2.16,,,405,757,,,,,0.09,185,1.6,,,,0.604,1.27,,,,,,,0.29,,0.02,,,,12.5,,,,,,,,,3.45,,,,,372,34,,,,,,,,,,,,,,,,,,,,1982-10-12 00:00:00,"佐賀県西部温泉群の地球化学的研究,温泉工学会誌,1983"
佐賀県,,129,58,3,33,14,53,,不明,温泉・鉱泉,,,25.5,18,,,7.13,,1.19,,,237,406,,,,,0.02,24.6,1.4,,,,10.1,45.3,0.49,,,0.05,,,0.66,,0.02,,,,12.6,,,,,,,,,21.5,,,,,201,,,,,,,,,,,,,,,,,,,,,1982-10-12 00:00:00,"佐賀県西部温泉群の地球化学的研究,温泉工学会誌,1983"
佐賀県,,129,52,42,33,15,41,,不明,温泉・鉱泉,,,26.5,21,,,8.4,,2.47,,,2097,3760,,,,,0.07,876,3.61,,,,1.21,2.54,,,,,,,,,0.02,,,,557,,,,,,,,,5.07,,,,,1251,30.7,,,,,,,,,,,,,,,,,,,,1982-10-12 00:00:00,"佐賀県西部温泉群の地球化学的研究,温泉工学会誌,1983"
佐賀県,,129,58,54,33,20,1,,不明,温泉・鉱泉,,,22,35.5,,,9.1,,2.43,,,580,927,,,,,0.3,205,1.03,,,,0.22,10.3,,,,,,,,,,,,,136,,,,,,,,,208,,,,,38.7,5.86,,,,,,,,,,,,,,,,,,,,1982-10-12 00:00:00,"佐賀県西部温泉群の地球化学的研究,温泉工学会誌,1983"
佐賀県,,129,59,59,33,21,4,,不明,温泉・鉱泉,,,19.5,18,,,6.85,,1.1,,,1709,2300,,,,,0.15,513,5.32,,,,26.2,68.3,0.61,,,,,,0.29,,,,,,10.2,,,,,,,,,749,,,,,818,,,,,,,,,,,,,,,,,,,,,1982-10-12 00:00:00,"佐賀県西部温泉群の地球化学的研究,温泉工学会誌,1983"
佐賀県,,129,56,46,33,22,45,,不明,温泉・鉱泉,,,24.5,16,,,9.19,,1.9,,,582,860,,,,,0.07,236,0.75,,,,0.385,0.815,,,,,,,,,,,,,44,,,,,,,,,6.4,,,,,401,59.8,,,,,,,,,,,,,,,,,,,,1982-10-12 00:00:00,"佐賀県西部温泉群の地球化学的研究,温泉工学会誌,1983"
佐賀県,,129,52,11,33,24,20,,不明,温泉・鉱泉,,,23.2,19.2,,,7.74,,1.03,,,225,347,,,,,,61.4,0.675,,,,4.29,19.9,0.11,,,,,,0.29,,0.03,,,,18,,,,,,,,,14.6,,,,,196,,,,,,,,,,,,,,,,,,,,,1982-10-12 00:00:00,"佐賀県西部温泉群の地球化学的研究,温泉工学会誌,1983"
佐賀県,,129,49,17,33,25,29,,不明,温泉・鉱泉,,,29.5,23.9,,,8.9,,0.54,,,948,1690,,,,,0.25,415,1.23,,,,0.659,0.453,,,,,,,,,,,,,43.6,,,,,,,,,3.37,,,,,860,66,,,,,,,,,,,,,,,,,,,,1982-10-12 00:00:00,"佐賀県西部温泉群の地球化学的研究,温泉工学会誌,1983"
佐賀県,,129,51,3,33,26,27,,不明,温泉・鉱泉,,,19,24.5,,,8.7,,1.01,,,683,1190,,,,,0.27,297,1.25,,,,0.33,1.36,,,,,,,,,,,,,39.3,,,,,,,,,2.58,,,,,622,39.5,,,,,,,,,,,,,,,,,,,,1982-10-12 00:00:00,"佐賀県西部温泉群の地球化学的研究,温泉工学会誌,1983"
佐賀県,,129,51,42,33,27,9,,不明,温泉・鉱泉,,,19.8,20,,,7.95,,2.47,,,548,891,,,,,0.27,214,1.73,,,,7.2,21.6,0.3,,,0.07,,,0.29,,0.06,,,,35.4,,,,,,,,,13,,,,,528,8.76,,,,,,,,,,,,,,,,,,,,1982-10-12 00:00:00,"佐賀県西部温泉群の地球化学的研究,温泉工学会誌,1983"
佐賀県,,129,52,31,33,27,54,,不明,温泉・鉱泉,,,17,17.5,,,8.65,,7.27,,,178,304,,,,,0.2,56.1,0.54,,,,1.7,7.7,0.11,,,,,,,,,,,,23.2,,,,,,,,,13.7,,,,,89.7,,,,,,,,,,,,,,,,,,,,,1982-10-12 00:00:00,"佐賀県西部温泉群の地球化学的研究,温泉工学会誌,1983"
佐賀県,,129,56,15,33,30,58,,不明,温泉・鉱泉,,,15,16,,,8.43,,,,,54,104,,,,,,14.8,1.79,,,,2.75,5.53,,,,0.27,,,11.9,,0.1,,,,10.3,,,,,,,,,1.93,,,,,47.3,,,,,,,,,,,,,,,,,,,,,1982-10-12 00:00:00,"佐賀県西部温泉群の地球化学的研究,温泉工学会誌,1983"
佐賀県,,129,56,15,33,30,58,,不明,温泉・鉱泉,,,22.5,17,,,5.95,,1.03,,,104,140,,,,,,17.2,2.53,,,,3.63,5.43,,,,0.11,,,5.5,,0.05,,,,25.8,,,,,,,,,4,,,,,19.6,,,,,,,,,,,,,,,,,,,,,1982-10-12 00:00:00,"佐賀県西部温泉群の地球化学的研究,温泉工学会誌,1983"
佐賀県,佐賀市北川副町,130,19,0,33,14,10,3.1,井戸,観測井,200.7,,,24,,,7.1,,,,,,600,,,13,,,67.3,8.1,,,1.98,11.9,19.6,,,,,,,1.32,,,,,,42.5,,,,,,,,,1,,,,,174,,,,,,,,,45,,,,,4.41,,,,,,,1972,"地下水利用適正化調査に係る地下水位等観測井についての資料,工業用水,1983"
佐賀県,佐賀市高木勢町,130,17,30,33,17,0,5.4,井戸,観測井,158.3,,,20,,,8.3,,,,,,200,,,10.3,,,6.8,0.8,,,1.23,8.2,13.4,,,,,,,1.72,,,,,,63.9,,,,,,,,,0.7,,,,,121,,,,,,,,,41.5,,,,,3.23,,,,,,,1972,"地下水利用適正化調査に係る地下水位等観測井についての資料,工業用水,1983"
佐賀県,佐賀市久保田町,130,14,30,33,14,10,2.7,井戸,観測井,204.5,,,21,,,7.7,,,,,,300,,,11.1,,,46,2.8,,,0.9,4.6,9.8,,,,,,,0.25,,,,,,49,,,,,,,,,0.1,,,,,163,,,,,,,,,40.4,,,,,1.76,,,,,,,1972,"地下水利用適正化調査に係る地下水位等観測井についての資料,工業用水,1983"
佐賀県,佐賀市久保田町,130,14,30,33,14,10,2.7,井戸,観測井,73.3,,,21,,,7.1,,,,,,300,,,2.8,,,12,7.8,,,1.76,14.2,34,,,,,,,4.66,,,,,,22.1,,,,,,,,,3.4,,,,,139,,,,,,,,,39.4,,,,,14.1,,,,,,,1972,"地下水利用適正化調査に係る地下水位等観測井についての資料,工業用水,1983"
佐賀県,佐賀市諸富町,130,20,30,33,12,40,2.7,井戸,観測井,177.1,,,22,,,7.3,,,,,,800,,,26.9,,,118,18,,,3.21,2.8,25.7,,,,,,,0.83,,,,,,63.1,,,,,,,,,4.8,,,,,393,,,,,,,,,50.2,,,,,10.6,,,,,,,1972,"地下水利用適正化調査に係る地下水位等観測井についての資料,工業用水,1983"
佐賀県,千代田町給食センタ−,130,22,40,33,16,20,,井戸,観測井,80,,,18,,,6.7,7.2,,,,,1910,,,6.4,,,241,19,,,5.8,50.9,63.5,,,,6.7,,,39.3,,,,,,541,,,,0,0.2,,,,,,,,,,,,,,,,,,60.5,,,,,,,,,,,,,"佐賀東部地域地下水利用適正化調査報告,工業用水,1984"
佐賀県,三根町三根中学校,130,26,10,33,17,10,,井戸,観測井,80,,,16.5,,,7.3,8.4,,,,,319,,,4.4,,,53.5,6.4,,,15.3,5.2,10,,,,0.37,,,2.13,,,,,,17.2,,,,0.02,0.1,,,,4.2,,,,,,,,,,,,,,73.3,,,,,,,,,,,,,"佐賀東部地域地下水利用適正化調査報告,工業用水,1984"
佐賀県,神崎町神崎小学校,130,22,50,33,18,0,,井戸,観測井,50,,,18,,,7.2,8.2,,,,,219,,,1.1,,,18.2,3.2,,,0.11,8,17.2,,,,0.6,,,0.38,,,,,,9.2,,,,0.02,0.3,,,,1.9,,,,,,,,,,,,,,46,,,,,,,,,,,,,"佐賀東部地域地下水利用適正化調査報告,工業用水,1984"
佐賀県,北茂安町町営住宅,130,28,50,33,18,40,,井戸,観測井,40,,,16,,,6.8,7.2,,,,,273,,,4.4,,,25,3.6,,,0.34,7.7,15,,,,1.45,,,22.7,,,,,,24.9,,,,0.01,0.2,,,,14,,,,,,,,,,,,,,82.2,,,,,,,,,,,,,"佐賀東部地域地下水利用適正化調査報告,工業用水,1984"
佐賀県,三田川町役場,130,24,20,33,19,0,,井戸,観測井,40,,,19,,,7.2,7.9,,,,,197,,,1.9,,,25,1,,,,2.5,14.7,,,,0.07,,,0.3,,,,,,1.2,,,,0.02,0.5,,,,19.3,,,,,,,,,,,,,,51.1,,,,,,,,,,,,,"佐賀東部地域地下水利用適正化調査報告,工業用水,1984"
佐賀県,,,,,,,,,不明,温泉・鉱泉,,,,91.7,,,7.37,,,,,,,,,,,1.13,480,,,,,,,,,,,,,,,,,,,238,,,,,,,,,,,,,,,,,,,,,,,,,,,,,,,,,,,1979-01-23 00:00:00,"日本のいくつかの地熱地域における熱水・温泉水のLi，Cs含有量とその地球化学的意味,地調月報,1986"
佐賀県,,,,,,,,,不明,温泉・鉱泉,,,,72.6,,,7.4,,,,,,,,,,,1.13,465,,,,,,,,,,,,,,,,,,,234,,,,,,,,,,,,,,,,,,,,,,,,,,,,,,,,,,,1979-01-23 00:00:00,"日本のいくつかの地熱地域における熱水・温泉水のLi，Cs含有量とその地球化学的意味,地調月報,1986"
佐賀県,,129,56,46,33,22,45,,不明,温泉・鉱泉,25,,,17.3,63,,6.52,,,0.9993,,498,,,,,0,,50,4.58,,,0.368,20.34,24.83,,,0.5,1.375,44.83,,,,,,,,56.12,,,,,,,,,109.7,,,,,187.2,0.03,0.019,,,,,,,,35.21,,,,180,,,,,,,1969-07-02 00:00:00,"佐賀県の温泉について（第9報）,佐賀県衛生研究所報,1978"
佐賀県,,129,58,7,33,4,27,,不明,温泉・鉱泉,89,,,26.2,35,,8.5,,,0.999,,214,,,,,,,20.4,4.4,,,0.089,3.295,5.044,,,0.28,,0.27,,,,,,,,9.26,,,0.054,,,,,,14.49,,0.005,0.282,,54.7,1.009,5.133,0.004,,,,,,,83.19,,,,0.421,,,,,,,1969-07-02 00:00:00,"佐賀県の温泉について（第9報）,佐賀県衛生研究所報,1978"
佐賀県,,129,58,7,33,4,27,,不明,温泉・鉱泉,89.5,,,28,60,,7.35,,,0.9985,,202,,,,,,,18.6,4.6,,,,3.195,7.021,,,0.282,0.132,0.195,,,,,,,0.08,7.03,,,0.004,,,,,,4.65,,0.047,0.236,,77.56,0.114,0.549,,,,,0.002,,,111.2,,,,7.458,,,,,,,1972-03-04 00:00:00,"佐賀県の温泉について（第9報）,佐賀県衛生研究所報,1978"
佐賀県,,130,0,57,33,8,20,,不明,温泉・鉱泉,500,,,29.5,15,,8.7,,,0.9991,,712,,,,,,,300,1.63,,,,0.799,1.317,,,0.005,0.037,0.118,,,,,,,1.03,13.09,,,0.061,,,,,,5.597,,,0.034,,737.1,15.26,1.7,0.001,2.409,,,,,,24.54,11.71,,,5.051,,,,,,,1971-10-29 00:00:00,"佐賀県の温泉について（第9報）,佐賀県衛生研究所報,1978"
佐賀県,,130,4,9,33,5,28,,不明,温泉・鉱泉,250,,,26.3,8,,8.85,,,0.999,,656,,,,,,,256,1.07,,,0.03,1.078,0.773,,,0.14,,0.07,,,,,,,,3.595,,,0.077,,,,,,1.975,,,,,691.5,18.1,2.15,0.014,1.922,,,,,,24.59,7.385,,,3.741,,,,,,,1970-04-03 00:00:00,"佐賀県の温泉について（第9報）,佐賀県衛生研究所報,1978"
佐賀県,,130,32,3,33,25,24,,不明,温泉・鉱泉,100,,,18.5,50,,6.61,,8.52,0.9987,,209,,,,,0,,16.7,1.8,,,,8.679,26.07,,,0.12,0.292,0.159,,,,,,,,27.42,,,,,,,,,23.62,,0.034,0.021,,114.2,0.021,0.027,,,,,,,,43.65,,,,87.87,,,,,,,1971-09-25 00:00:00,"佐賀県の温泉について（第9報）,佐賀県衛生研究所報,1978"
佐賀県,,129,59,7,33,5,34,,不明,温泉・鉱泉,30,,35,90,500,,7.8,,,0.9988,,1432,,,,,,,470,26.5,,,0.81,1.37,9.18,,,0.07,0.02,0.04,,,,,,,7.9,232,,,0.014,,,,,,11.19,,,0.095,,900,4.129,2.185,,,,,,,,143.9,,,,28.13,,,,,,mg/kg,1974-09-06 00:00:00,"佐賀県の温泉について（第9報）,佐賀県衛生研究所報,1978"
佐賀県,,130,0,18,33,7,55,,不明,温泉・鉱泉,320,,13.5,22.1,42,,8.65,,,0.9988,,670,,,,,,,240,2.47,,,,2.104,0.867,,,0.44,0.01,0.761,,,,,,,0.926,11.63,,,0.085,,,,,,10.2,,,0.012,,624.5,18.43,8.165,0.009,,,,0.001,,,82.72,,,,2.83,,,,,,mg/kg,1974-01-09 00:00:00,"佐賀県の温泉について（第9報）,佐賀県衛生研究所報,1978"
佐賀県,,129,52,16,33,15,39,,不明,温泉・鉱泉,270,,14.5,25.7,300,,8.6,,,0.999,,698,,,,,,,283.8,1.7,,,,0.9,1.6,,,0.6,,0.09,,,,,,,2.3,10.5,,,,,,,,,,,,,,647.1,49.6,,,,,,,,,23.5,5.8,,,2.9,,,,,,mg/kg,1982-04-06 00:00:00,"佐賀県の温泉について（第15報）,佐賀県衛生研究所報,1989"
佐賀県,,129,52,42,33,15,41,,不明,温泉・鉱泉,280,,25.5,23.8,150,,8.2,,,1,,1730,,,,,,,720,5.8,,,,2.3,6.6,,,0.2,,0.07,,,,,,,4.9,441.1,,,,,,,,,1.3,,,,,1104.7,61.1,,,,,,,,,22.6,22.5,,,14.9,,,,,,mg/kg,1982-09-23 00:00:00,"佐賀県の温泉について（第15報）,佐賀県衛生研究所報,1989"
佐賀県,,129,58,16,33,7,44,,不明,温泉・鉱泉,400,,9,29.6,160,,8.4,,,1.0002,,1639,,,,,,,669.9,2.6,,,,0.5,1.1,,,,,0.2,,,,,,,3.9,83.8,,,,,,,,,0.2,,,,,1604.9,87.2,,,,,,,,,42.4,10.3,,,,,,,,,mg/kg,1984-01-06 00:00:00,"佐賀県の温泉について（第15報）,佐賀県衛生研究所報,1989"
佐賀県,,129,58,54,33,20,1,,不明,温泉・鉱泉,660,,27,36.9,100,,9.4,,,0.9985,,582,,,,,,,181.3,8.7,,,,,9.5,,,0.1,,,,,,,,,9,175.8,,,0.4,,,0.6,,,177.2,,,,,7,24.1,,,2.5,,,,,,49.9,,,,,,,,,,mg/kg,1983-09-20 00:00:00,"佐賀県の温泉について（第15報）,佐賀県衛生研究所報,1989"
佐賀県,,130,12,33,33,22,4,,不明,温泉・鉱泉,165,,11.5,34.4,150,,9.5,,,0.9972,,115,,,,,,,38.8,0.5,,,,0.1,3,,,0.1,,,,,,,,,0.7,17.6,,,0.5,,,,,,11.3,,,,,38.8,21,,,,,,,,,40.9,,,,,,,,,,mg/kg,1984-03-16 00:00:00,"佐賀県の温泉について（第15報）,佐賀県衛生研究所報,1989"
佐賀県,,130,12,33,33,22,4,,不明,温泉・鉱泉,250,,9,37.2,150,,9.6,,,0.9979,,146,,,,,,,52.1,0.6,,,,,2.9,,,,,,,,,,,,1.4,22.9,,,0.7,,,,,,15.6,,,,,44.9,25.1,,,,,,,,,37.5,,,,,,,,,,mg/kg,1984-03-16 00:00:00,"佐賀県の温泉について（第15報）,佐賀県衛生研究所報,1989"
佐賀県,,130,12,33,33,22,4,,不明,温泉・鉱泉,207.65,,8,40.3,130,,9.8,,,0.9979,,164,,,,,,,56.3,0.5,,,,,3.4,,,,,,,,,,,,1.4,25.1,,,1,,,,,,17.8,,,,,41.1,32,,,,,,,,,49,,,,,,,,,,mg/kg,1984-03-16 00:00:00,"佐賀県の温泉について（第15報）,佐賀県衛生研究所報,1989"
佐賀県,,130,14,38,33,21,45,,不明,温泉・鉱泉,215,,10,25.1,60,,8,,,0.9982,,93,,,,,,,18.9,0.7,,,,0.8,12.5,,,0.2,,,,,,,,,0.2,12.2,,,,,,,,,6,,,,,70.6,,,,,,,,,,28.2,,,,3.1,,,,,,mg/kg,1984-03-16 00:00:00,"佐賀県の温泉について（第15報）,佐賀県衛生研究所報,1989"
佐賀県,,129,53,10,33,15,23,,不明,温泉・鉱泉,610,,16,28.1,100,,7.8,,,0.9987,,401,,,,,,,106.1,2.1,,,,10.5,13,,,0.4,,0.4,,,,,,,0.9,43.1,,,,,,,,,10.4,,,,,318.6,0.8,,,,,,,,,37.8,3.2,,,16.7,,,,,,mg/kg,1985-03-22 00:00:00,"佐賀県の温泉について（第16報）,佐賀県衛生研究所報,1991"
佐賀県,,129,53,37,33,13,43,,不明,温泉・鉱泉,540,,29,25.2,160,,8.3,,,0.9985,,346,,,,,,,106.2,2.6,,,,2.1,5.1,,,0.3,,0.6,,,,,,,0.5,9.8,,,,,,,,,8.6,,,,,281.8,16.9,,,,,,,,,44.3,1.5,,,,,,,,,mg/kg,1984-08-22 00:00:00,"佐賀県の温泉について（第16報）,佐賀県衛生研究所報,1991"
佐賀県,,129,58,24,33,6,29,,不明,温泉・鉱泉,400,,8,44.2,90,,7,,,0.9998,,1422,,,,,,,542.4,7.9,,,,2.1,7.2,,,,,0.3,,,,,,,5.1,169.3,,,,,,,,,1.7,,,,,1210.3,,,,,,,,,,61.6,27.9,,,136.8,,,,,,mg/kg,1985-01-27 00:00:00,"佐賀県の温泉について（第16報）,佐賀県衛生研究所報,1991"
佐賀県,,129,59,16,33,5,36,,不明,温泉・鉱泉,43,,15,78.4,70,,7,,,1.002,,1228,,,,,,,422,22.9,,,,0.9,2.7,,,,,0.2,,,,,,,7.4,202.3,,,,,,,,,19.8,,,,,811.3,0.3,,,,,,,,,126.4,36.1,,,95.6,,,,,,mg/kg,1985-03-22 00:00:00,"佐賀県の温泉について（第16報）,佐賀県衛生研究所報,1991"
佐賀県,,130,0,49,33,20,30,,不明,温泉・鉱泉,800,,20.5,41.6,158,,9,,,0.9992,,541,,,,,,,175.1,1.4,,,,,6.4,,,0.3,,0.7,,,,,,,8.8,113.9,,,0.2,,,0.4,,,111.9,,,,,20.5,19.2,,,,,,,,,32.6,7.7,,,,,,,,,mg/kg,1984-06-01 00:00:00,"佐賀県の温泉について（第16報）,佐賀県衛生研究所報,1991"
佐賀県,,130,0,58,33,11,35,,不明,温泉・鉱泉,150,,18.5,47.8,60,,8.4,,,0.9984,,597,,,,,,,220.4,2.9,,,,0.2,3,,,0.5,,0.2,,,,,,,5,87.8,,,,,,,,,0.3,,,,,395.3,26.6,,,,,,,,,39.9,8.6,,,2.6,,,,,,mg/kg,1985-04-24 00:00:00,"佐賀県の温泉について（第16報）,佐賀県衛生研究所報,1991"
佐賀県,,130,0,58,33,11,35,,不明,温泉・鉱泉,500,,26,36,250,,9.15,,,0.9984,,230,,,,,,,72.1,0.7,,,,,1.6,,,0.1,,,,,,,,,1.3,29.7,,,0.2,,,0.4,,,0.2,,,,,90.5,32.6,,,,,,,,,26.8,1.5,,,0.1,,,,,,mg/kg,1985-09-04 00:00:00,"佐賀県の温泉について（第16報）,佐賀県衛生研究所報,1991"
佐賀県,,130,0,58,33,11,35,,不明,温泉・鉱泉,100,,26,25,,,8.8,,,0.9987,,181,,,,,,,53.1,0.7,,,,0.2,3.7,,,0.2,,,,,,,,,0.4,14.4,,,0.1,,,0.2,,,11.6,,,,,77,21.3,,,,,,,,,28.5,,,,0.2,,,,,,mg/kg,1985-09-04 00:00:00,"佐賀県の温泉について（第16報）,佐賀県衛生研究所報,1991"
佐賀県,,130,5,30,33,26,8,,不明,温泉・鉱泉,500,,28.3,25.3,90,,9.9,,,0.9982,,155,,,,,,,45.1,0.2,,,,,1,,,0.1,,0.1,,,,,,,0.9,14.2,,,3.4,,,,,,15.8,,,,,,40,,,,,,,,,24.8,,,,,,,,,,mg/kg,1985-08-06 00:00:00,"佐賀県の温泉について（第16報）,佐賀県衛生研究所報,1991"
佐賀県,,130,5,53,33,17,55,,不明,温泉・鉱泉,300,,14,21.6,240,,7.9,,,0.9984,,148,,,,,,,22,0.8,,,,3.5,19.4,,,0.1,,0.3,,,,,,,0.1,9.4,,,,,,,,,16.8,,,,,94.9,5.9,,,,,,,,,16.5,,,,8,,,,,,mg/kg,1985-11-23 00:00:00,"佐賀県の温泉について（第16報）,佐賀県衛生研究所報,1991"
佐賀県,,130,11,3,33,18,23,,不明,温泉・鉱泉,700,,11.5,30.5,330,,7.75,,,0.9985,,248,,,,,,,48.1,1.3,,,,5,22.8,,,0.2,,0.3,,,,,,,1,7.2,,,,,,,,,1,,,,,210.8,,,,,,,,,,32.2,1,,,,,,,,,mg/kg,1986-02-13 00:00:00,"佐賀県の温泉について（第16報）,佐賀県衛生研究所報,1991"
佐賀県,,130,12,33,33,22,4,,不明,温泉・鉱泉,250,,16.5,43.6,204,,9.6,,,0.9983,,165,,,,,,,53.9,0.6,,,,1,1.1,,,0.2,,0.2,,,,,,,1.4,22.8,,,0.7,,,,,,14.7,,,,,23.5,39.1,,,0.9,,,,,,43,,,,,,,,,,mg/kg,1984-04-10 00:00:00,"佐賀県の温泉について（第16報）,佐賀県衛生研究所報,1991"
佐賀県,,130,28,32,33,24,29,,不明,温泉・鉱泉,160,,20,18.8,300,,7.5,,,0.9986,,0.147,,,,,,,18,0.8,,,,1.8,19.2,,,0.3,,0.2,,,,,,,0.3,7.2,,,,,,,,,2.2,,,,,112,,,,,,,,,,46.4,,,,15.1,,,,,,mg/kg,1985-10-23 00:00:00,"佐賀県の温泉について（第16報）,佐賀県衛生研究所報,1991"
佐賀県,,130,58,57,33,14,35,,不明,温泉・鉱泉,650,,26,28.8,42,,8.35,,,0.9997,,669,,,,,,,277.1,2.6,,,,0.6,0.8,,,0.8,,,,,,,,,1.3,5.7,,,,,,,,,2.9,,,,,691.7,28.1,,,,,,,,,31.6,4.9,,,5.2,,,,,,mg/kg,1985-07-05 00:00:00,"佐賀県の温泉について（第16報）,佐賀県衛生研究所報,1991"
佐賀県,,129,50,0,33,25,14,,不明,温泉・鉱泉,,,12.5,31.9,,,9.2,,,0.9991,,851,,,,,,,355.2,1,,,,,0.6,,,,,,,,,,,,5.1,40,,,0.3,,,,,,2.5,,,,,628.3,114.1,,,5.8,,,,,,29.4,,,,,,,,,,mg/kg,1987-02-06 00:00:00,"佐賀県の温泉について（平成2年度；第17報）,佐賀県衛生研究所報,1991"
佐賀県,,129,50,22,33,18,29,,不明,温泉・鉱泉,,,33.5,31.5,,,6.7,,,1.0025,,4277,,,,,,,1426.6,17.8,,,,115.3,75.9,,,,,5.2,,,,,,,0.5,510.3,,,,,,,,,3.2,,,,,3943.3,,,,,,,,,,168.1,14.6,,,960.2,,,,,,mg/kg,1986-08-28 00:00:00,"佐賀県の温泉について（平成2年度；第17報）,佐賀県衛生研究所報,1991"
佐賀県,,129,50,49,33,30,40,,不明,温泉・鉱泉,,,32,19.7,,,6.9,,,1.0016,,5458,,,,,,,969.3,6.3,,,,181,402.4,,,,0.5,2.5,,,,,,,0.1,2416.7,,,,,,,,,263.5,,,,,171.7,,,,,,,,,,95.4,,,,45.7,,,,,,mg/kg,1986-08-28 00:00:00,"佐賀県の温泉について（平成2年度；第17報）,佐賀県衛生研究所報,1991"
佐賀県,,129,58,16,33,7,44,,不明,温泉・鉱泉,,,10,17.7,,,8.85,,,1.003,,1744,,,,,,,739.8,2.4,,,,,1.5,,,,,0.1,,,,,,,3.4,14.1,,,0.1,,,,,,10.6,,,,,1474.6,222.2,,,,,,,,,38.3,6.2,,,,,,,,,mg/kg,1986-12-11 00:00:00,"佐賀県の温泉について（平成2年度；第17報）,佐賀県衛生研究所報,1991"
佐賀県,,129,58,16,33,7,44,,不明,温泉・鉱泉,,,14,39.3,,,8.1,,,0.9994,,1199,,,,,,,492.8,3.8,,,,0.8,2.3,,,,,0.2,,,,,,,3.6,43.2,,,,,,,,,1.9,,,,,1188.4,22.5,,,,,,,,,44,18.4,,,21.7,,,,,,mg/kg,1987-03-14 00:00:00,"佐賀県の温泉について（平成2年度；第17報）,佐賀県衛生研究所報,1991"
佐賀県,,129,59,16,33,5,36,,不明,温泉・鉱泉,,,14.4,91.5,,,7.4,,,0.9997,,1196,,,,,,,435.1,21,,,,0.7,4.1,,,,,,,,,,,,7.4,199.9,,,,,,,,,11.6,,,,,807.6,,,,,,,,,,116.1,35.6,,,54.2,,,,,,mg/kg,1987-03-14 00:00:00,"佐賀県の温泉について（平成2年度；第17報）,佐賀県衛生研究所報,1991"
佐賀県,,129,59,16,33,5,36,,不明,温泉・鉱泉,,,14.4,86,,,7.4,,,0.9994,,1131,,,,,,,412.2,21,,,,1,4.6,,,,,,,,,,,,7.3,190.8,,,,,,,,,18.7,,,,,748.5,,,,,,,,,,113,33.8,,,17.9,,,,,,mg/kg,1987-03-14 00:00:00,"佐賀県の温泉について（平成2年度；第17報）,佐賀県衛生研究所報,1991"
佐賀県,,130,0,58,33,11,35,,不明,温泉・鉱泉,,,28.5,24.6,,,7.7,,,0.9981,,558,,,,,,,152.7,2.6,,,,6.6,21,,,,,10,,,,,,,2.6,69.3,,,,,,,,,11.4,,,,,361.2,,,,,,,,,,51.7,4.1,,,6,,,,,,mg/kg,1986-06-27 00:00:00,"佐賀県の温泉について（平成2年度；第17報）,佐賀県衛生研究所報,1991"
佐賀県,,130,0,58,33,11,35,,不明,温泉・鉱泉,,,30,27.4,,,8.05,,,0.9988,,242,,,,,,,59.2,2.9,,,,1.2,5.8,,,0.2,,0.1,,,,,,,1.2,24.9,,,,,,,,,7.3,,,,,135.4,,,,,,,,,,40.2,0.7,,,,,,,,,mg/kg,1986-06-27 00:00:00,"佐賀県の温泉について（平成2年度；第17報）,佐賀県衛生研究所報,1991"
佐賀県,,130,0,58,33,11,35,,不明,温泉・鉱泉,,,8.5,39.4,,,8.4,,,0.9993,,518,,,,,,,193.4,2.4,,,,,4.6,,,,,,,,,,,,4.2,72,,,,,,,,,7,,,,,323.4,30,,,,,,,,,51.8,6.6,,,,,,,,,mg/kg,1987-02-12 00:00:00,"佐賀県の温泉について（平成2年度；第17報）,佐賀県衛生研究所報,1991"
佐賀県,,130,0,57,33,8,20,,不明,温泉・鉱泉,,,22,29.2,,,8.7,,,0.9988,,698,,,,,,,295.4,1.8,,,,0.3,1.1,,,,,0.2,,,,,,,1.3,12.1,,,,,,,,,1.7,,,,,594.3,102.5,,,,,,,,,16.6,12.5,,,29.1,,,,,,mg/kg,1986-10-17 00:00:00,"佐賀県の温泉について（平成2年度；第17報）,佐賀県衛生研究所報,1991"
佐賀県,,130,4,33,33,19,0,,不明,温泉・鉱泉,,,15,26.6,,,9.6,,,0.9987,,209,,,,,,,54.6,0.5,,,,0.9,2,,,0.6,,2.8,,,,,,,1.4,14.2,,,0.7,,,,,,14.1,,,,,20.5,47.6,,,4.3,,,,,,69.9,,,,,,,,,,mg/kg,1987-03-12 00:00:00,"佐賀県の温泉について（平成2年度；第17報）,佐賀県衛生研究所報,1991"
佐賀県,,130,5,18,33,5,58,,不明,温泉・鉱泉,,,21.5,30.1,,,7.8,,,0.9987,,1021,,,,,,,390.5,5.2,,,,5.6,7.4,,,,,0.2,,,,,,,0.7,43.7,,,,,,,,,0.6,,,,,1069,2.6,,,,,,,,,22.6,17.2,,,6.7,,,,,,mg/kg,1986-10-17 00:00:00,"佐賀県の温泉について（平成2年度；第17報）,佐賀県衛生研究所報,1991"
佐賀県,,130,14,38,33,21,45,,不明,温泉・鉱泉,,,10,32.8,,,9.2,,,0.9986,,163,,,,,,,44.3,0.4,,,,,2.5,,,,,,,,,,,,0.8,16.7,,,0.3,,,,,,7.5,,,,,30.2,23.4,,,,,,,,,33.4,,,,,,,,,,mg/kg,1987-02-26 00:00:00,"佐賀県の温泉について（平成2年度；第17報）,佐賀県衛生研究所報,1991"
佐賀県,,130,14,38,33,21,45,,不明,温泉・鉱泉,,,10,32.9,,,9.5,,,0.9982,,160,,,,,,,44.8,0.4,,,,,3.2,,,,,,,,,,,,0.7,19,,,0.5,,,,,,14.1,,,,,22,31,,,0.7,,,,,,43.1,,,,,,,,,,mg/kg,1987-02-26 00:00:00,"佐賀県の温泉について（平成2年度；第17報）,佐賀県衛生研究所報,1991"
佐賀県,,130,30,0,33,23,48,,不明,温泉・鉱泉,,,15,31.4,,,8,,,0.9983,,415,,,,,,,136.7,2.4,,,,2,8,,,0.1,,0.4,,,,,,,2.7,3.9,,,,,,0.3,,,4.4,,,,,385.7,,,,,,,,,,47,1.6,,,10.8,,,,,,mg/kg,1987-03-17 00:00:00,"佐賀県の温泉について（平成2年度；第17報）,佐賀県衛生研究所報,1991"
佐賀県,,129,56,18,33,12,55,,不明,温泉・鉱泉,,,28,40,,,8.2,,,0.9984,,0.694,,,,,,0,276.7,1.9,,,,0.3,2.4,,,0,0,0.4,,,,,,,2,10.1,,,0,,,,,,1.6,,,,,628,47.5,,,,,,,,,38,1.3,,,0,,,,,,mg/kg,1988-09-08 00:00:00,"佐賀県の温泉について（平成4年度；第19報）,佐賀県衛生研究所報,1993"
佐賀県,,129,56,46,33,22,45,,不明,温泉・鉱泉,,,28,20.2,,,9.1,,,0.9987,,590,,,,,,0,238.6,0.4,,,,0,0.9,,,0,0,0,,,,,,,2.7,43.9,,,0.2,,,,,,30.1,,,,,372.2,73.7,,,,,,,,,23.8,6.1,,,0,,,,,,mg/kg,1988-06-09 00:00:00,"佐賀県の温泉について（平成4年度；第19報）,佐賀県衛生研究所報,1993"
佐賀県,,129,59,7,33,5,34,,不明,温泉・鉱泉,,,29,92,,,7.4,,,0.9995,,1379,,,,,,1.2,462.4,24,,,,1.1,9.9,,,0,0,1.2,,,,,,,7.3,238,,,0,,,,,,17.6,,,,,896.5,0,,,,,,,,,152,32.6,,,65,,,,,,mg/kg,1988-08-02 00:00:00,"佐賀県の温泉について（平成4年度；第19報）,佐賀県衛生研究所報,1993"
佐賀県,,129,59,15,33,5,36,,不明,温泉・鉱泉,,,21,84,,,8.4,,,0.9991,,1076,,,,,,1,372.7,19.3,,,,0.6,3.9,,,0,0,0,,,,,,,8.4,182.8,,,0,,,,,,20.4,,,,,612.3,44.5,,,0,,,,,,101.4,26.3,,,6,,,,,,mg/kg,1988-10-04 00:00:00,"佐賀県の温泉について（平成4年度；第19報）,佐賀県衛生研究所報,1993"
佐賀県,,130,2,12,33,4,47,,不明,温泉・鉱泉,,,15.5,29.3,,,7.5,,,0.9991,,398,,,,,,0.3,104.6,6.2,,,,4.4,20,,,0,0,0.3,,,,,,,0.5,5.2,,,0,,,,,,53.9,,,,,295.3,0,,,,,,,,,22,2.5,,,15.6,,,,,,mg/kg,1988-12-20 00:00:00,"佐賀県の温泉について（平成4年度；第19報）,佐賀県衛生研究所報,1993"
佐賀県,,130,3,54,33,0,18,,不明,温泉・鉱泉,,,6,28.2,,,7.8,,,0.9989,,264,,,,,,0,32.8,10.7,,,,7.8,16.4,,,0,0,0.3,,,,,,,0.4,4,,,0,,,,,,5,,,,,192.8,0,,,,,,,,,112.1,0,,,2.3,,,,,,mg/kg,1989-03-08 00:00:00,"佐賀県の温泉について（平成4年度；第19報）,佐賀県衛生研究所報,1993"
佐賀県,,130,5,17,33,6,2,,不明,温泉・鉱泉,,,18,17.5,,,8,,,0.9994,,876,,,,,,0,289.4,15.9,,,,7.8,2.6,,,0,0,0.1,,,,,,,0.7,81.7,,,0,,,,,,40.6,,,,,617.3,16.4,,,,,,,,,50.8,5.3,,,8.2,,,,,,mg/kg,1988-11-03 00:00:00,"佐賀県の温泉について（平成4年度；第19報）,佐賀県衛生研究所報,1993"
佐賀県,,130,6,43,33,4,18,,不明,温泉・鉱泉,,,1,34.4,,,8,,,0.9988,,515,,,,,,0,174.5,4.1,,,,4,6.7,,,0,0,0.2,,,,,,,0.2,10.4,,,0,,,,,,1.2,,,,,502.9,0,,,,,,,,,65.7,3.6,,,12.3,,,,,,mg/kg,1989-02-22 00:00:00,"佐賀県の温泉について（平成4年度；第19報）,佐賀県衛生研究所報,1993"
佐賀県,,130,12,30,32,58,57,,不明,温泉・鉱泉,,,11,24.4,,,7.4,,,0.9985,,279,,,,,,0,40.2,5,,,,18,8.3,,,0,0,0.3,,,,,,,0,9.7,,,0,,,,,,1.6,,,,,227.3,0,,,,,,,,,82.8,0.5,,,9.5,,,,,,mg/kg,1989-03-08 00:00:00,"佐賀県の温泉について（平成4年度；第19報）,佐賀県衛生研究所報,1993"
佐賀県,,130,13,22,32,57,8,,不明,温泉・鉱泉,,,25,23.9,,,6.9,,,0.9988,,437,,,,,,0,77.9,7,,,,28.1,21.8,,,0.2,0,1.6,,,,,,,0.3,80,,,0,,,,,,12.3,,,,,281.1,0,,,,,,,,,53.1,0.6,,,57,,,,,,mg/kg,1988-10-04 00:00:00,"佐賀県の温泉について（平成4年度；第19報）,佐賀県衛生研究所報,1993"
佐賀県,,130,13,22,32,57,8,,不明,温泉・鉱泉,,,21,22.2,,,7.4,,,0.9986,,246,,,,,,0,26.4,4,,,,16.4,12.9,,,0.2,0,0.5,,,,,,,0.2,7.3,,,0,,,,,,1.3,,,,,194.5,0,,,0,,,,,,60.5,0.3,,,15.9,,,,,,mg/kg,1988-10-04 00:00:00,"佐賀県の温泉について（平成4年度；第19報）,佐賀県衛生研究所報,1993"
佐賀県,,130,14,38,33,21,45,,不明,温泉・鉱泉,,,30,38.7,,,9.4,,,0.9984,,176,,,,,,0,48.6,0.3,,,,0,1.7,,,0,0,0.4,,,,,,,1.1,23.8,,,0.4,,,,,,14.6,,,,,24.8,25.6,,,1.2,,,,,,21.2,,,,2.1,,,,,,mg/kg,1988-07-19 00:00:00,"佐賀県の温泉について（平成4年度；第19報）,佐賀県衛生研究所報,1993"
佐賀県,,130,16,6,33,19,27,,不明,温泉・鉱泉,,,20,19.3,,,7.6,,,1.0006,,2301,,,,,,1.8,408.1,32.2,,,,73,344.8,,,0,0.3,2.3,,,,,,,0.8,195.3,,,0,,,,,,4,,,,,2244.3,0,,,,,,,,,145.2,8.2,,,45.4,,,,,,mg/kg,1988-05-10 00:00:00,"佐賀県の温泉について（平成4年度；第19報）,佐賀県衛生研究所報,1993"
佐賀県,,130,32,3,33,25,24,,不明,温泉・鉱泉,,,19,17.9,,,6.6,,,0.9985,,203,,,,,,0,17.8,1.7,,,,7.7,31,,,0,0.2,0,,,,,,,0,20.6,,,0,,,,,,22.5,,,,,112,0,,,,,,,,,23.4,0,,,41.5,,,,,,mg/kg,1988-12-06 00:00:00,"佐賀県の温泉について（平成4年度；第19報）,佐賀県衛生研究所報,1993"
