都道府県名,所在地,東経（゜）,東経（′）,東経（″),北緯（゜）,北緯（′）,北緯（″),標高（ｍ）,水源種別,利用目的,井戸深度,採水標高,気温,水温,湧出量,水質（外観臭味）,ｐＨ,ＲｐＨ,Ｒｎ(マッヘ),比重,密度,蒸発残留物,電気伝導度,水比抵抗,ＥＨ,ＫＭｎＯ４消費,Ｈ＋,Ｌｉ＋,Na＋,Ｋ＋,Ｒｂ＋,Ｃｓ＋,ＮＨ４＋,Ｍｇ２＋,Ｃａ２＋,Ｓｒ２＋,Ｂａ２＋,Ａｌ３＋,Ｍｎ２＋,Ｆｅ２＋,Ｆｅ３＋,Ｔ−Ｆｅ,Ｃｕ２＋,Ｚｎ２＋,Ｐｂ２＋,Ｓｉ４＋,Ｆ−,Ｃｌ−,Ｂｒ−,I−,OH−,ＮＯ２−,ＮＯ３−,ＨＳ−,Ｓ２Ｏ３2−,ＨＳＯ４−,ＳＯ４２−,ＳＯ３２−,Ｈ２ＰＯ４−,ＨＰＯ４２−,ＰＯ４３−,ＨＣＯ３−,ＣＯ３２−,ＨＳｉＯ３−,ＳｉＯ３２−,ＢＯ２−,Ｈ２ＳＯ４,Ｈ３ＰＯ４,ＨＡｓＯ２,ＡｓＯ２-,ＳｉO２,Ｈ２ＳｉＯ３,ＨＢＯ２,dis.O2,free H2s,free Co2,Ｔ−ＣＯ２,Ｔ−Ａｓ,Ｔ−Ｈｇ,Ｔ−Ｐ,Ｔ−Ｂ,単位,調査日,文献名
大分県,河原（小地獄内）,,,,,,,,湧泉,温泉・鉱泉,,,,95,,,2.4,,,,,1999,,,,,,,,,,,,20.4,43.3,,,,,,,,,,,,,0.9,,,,,,,,,1287,,,,,0,,,,,,,,,299,,,,0,,,,,,,,,"本邦諸温泉の地質学的研究,地調報告,1962"
大分県,河原（北の地獄内）,,,,,,,,湧泉,温泉・鉱泉,,,,81,,,2.2,,,,,1357,,,,,,,,,,,,10.7,37.6,,,,,,,,,,,,,2.3,,,,,,,,,918,,,,,0,,,,,,,,,220,,,,0,,,,,,,,,"本邦諸温泉の地質学的研究,地調報告,1962"
大分県,河原田の湯,,,,,,,,湧泉,温泉・鉱泉,,,,69,,,4.1,,,,,318,,,,,,,,,,,,2.7,17.4,,,,,,,,,,,,,1.6,,,,,,,,,29.6,,,,,128,,,,,,,,,160,,,,0,284,,,,,,,,"本邦諸温泉の地質学的研究,地調報告,1962"
大分県,大岳の湯,,,,,,,,湧泉,温泉・鉱泉,,,,81,,,6.4,,,,,322,,,,,,,,,,,,2.5,13.6,,,,,,,,,,,,,1.7,,,,,,,,,41.9,,,,,124,,,,,,,,,167,,,,0,55,,,,,,,,"本邦諸温泉の地質学的研究,地調報告,1962"
大分県,かいせんの湯1,,,,,,,,湧泉,温泉・鉱泉,,,,57.3,,,5.8,,,,,1067,,,,,,,,,,,,5.9,75.9,,,,,,,,,,,,,338.4,,,,,,,,,269.9,,,,,63,,,,,,,,,52.5,,,,10.2,288,,,,,,,,"本邦諸温泉の地質学的研究,地調報告,1962"
大分県,かいせんの湯2,,,,,,,,湧泉,温泉・鉱泉,,,,81,,,6.2,,,,,1409,,,,,,,,,,,,7.1,86.7,,,,,,,,,,,,,470,,,,,,,,,310,,,,,76,,,,,,,,,93.5,,,,5.9,,,,,,,,,"本邦諸温泉の地質学的研究,地調報告,1962"
大分県,筋湯（両築屋湯元）,,,,,,,,湧泉,温泉・鉱泉,,,,60,,,3.3,,,,,793,,,,,,,,,,,,3,10.6,,,,,,,,,,,,,294,,,,,,,,,107.7,,,,,0,,,,,,,,,132,,,,0,,,,,,,,,"本邦諸温泉の地質学的研究,地調報告,1962"
大分県,小松（地獄内明碧の湯）,,,,,,,,湧泉,温泉・鉱泉,,,,87.6,,,2,,,,,2251,,,,,,,,,,,,11.6,20.6,,,,,,,,,,,,,2.4,,,,,,,,,1555,,,,,0,,,,,,,,,314,,,,0,,,,,,,,,"本邦諸温泉の地質学的研究,地調報告,1962"
大分県,小松（地獄内南部）,,,,,,,,湧泉,温泉・鉱泉,,,,69.1,,,3,,,,,230,,,,,,,,,,,,3.3,8.9,,,,,,,,,,,,,1.7,,,,,,,,,127.4,,,,,0,,,,,,,,,57.5,,,,0,,,,,,,,,"本邦諸温泉の地質学的研究,地調報告,1962"
大分県,大岳・河原噴気地帯,,,,,,,,井戸,地熱調査井,900,,,,,,6.4,,,,,971,,,,,,,,,,,,,,,,,,,,,,,,,,21,,,,,,,,,146,,,,,,,,,,,,,,,,,,,97,,,,,,,,"本邦諸温泉の地質学的研究,地調報告,1962"
大分県,大岳・河原噴気地帯,,,,,,,,井戸,地熱調査井,300,,,,,,5.8,,,,,1287,,,,,,,,,,,,,,,,,,,,,,,,,,498,,,,,,,,,106,,,,,,,,,,,,,,,,,,,79,,,,,,,,"本邦諸温泉の地質学的研究,地調報告,1962"
大分県,大岳・河原噴気地帯,,,,,,,,井戸,地熱調査井,,,,,,,7.2,,,,,4187,,,,,,,,,,,,,,,,,,,,,,,,,,1480,,,,,,,,,588,,,,,,,,,,,,,,,,,,,,,,,,,,,"本邦諸温泉の地質学的研究,地調報告,1962"
大分県,大岳・河原噴気地帯,,,,,,,,井戸,地熱調査井,450,,,,,,6.5,,,,,479,,,,,,,,,,,,,,,,,,,,,,,,,,67,,,,,,,,,33,,,,,,,,,,,,,,,,,,,,,,,,,,,"本邦諸温泉の地質学的研究,地調報告,1962"
大分県,中津市,131,11,40,33,36,0,,井戸,用水,91,,,19.3,,,7.3,7.6,,,,,,,,0.22,,,8.1,3.3,,,0,9.2,12,,,,,0.05,,0.1,,,,,,7.1,,,,0,0.62,,,,5.6,,,,,,,,,,,,,,66.2,,,,,,,,,0.08,,,1963-02-04 00:00:00,"大分・福岡県周防灘南岸地域における工業用地下水源,地調月報,1964"
大分県,中津市,131,11,20,33,35,40,,井戸,用水,3.7,,,17,,,6.6,7.9,,,,,,,,0.61,,,19.3,4.3,,,0,12.6,34.4,,,,,0,,0.16,,,,,,22.4,,,,,,,,,31,,,,,,,,,,,,,,47,,,,,,,,,0,,,1963-02-04 00:00:00,"大分・福岡県周防灘南岸地域における工業用地下水源,地調月報,1964"
大分県,中津市,131,11,0,33,35,30,,井戸,用水,3.8,,,15.3,,,7.3,7.9,,,,,,,,0.54,,,19.8,3.4,,,0,8.5,32.6,,,,0,,,0.02,,,,,,24.6,,,,0.02,,,,,35.7,,,,,,,,,,,,,,32.9,,,,,,,,,0,,,1963-02-04 00:00:00,"大分・福岡県周防灘南岸地域における工業用地下水源,地調月報,1964"
大分県,中津市,131,13,20,33,35,40,,井戸,用水,115,,,19.1,,,7.5,7.6,,,,,,,,0.24,,,7.2,2.7,,,0,5.9,9.2,,,,,0,,0.04,,,,,,3.4,,,,0,0.08,,,,4,,,,,,,,,,,,,,62.3,,,,,,,,,0.14,,,1963-02-04 00:00:00,"大分・福岡県周防灘南岸地域における工業用地下水源,地調月報,1964"
大分県,中津市,131,13,50,33,35,40,,井戸,用水,112,,,18.7,,,7.4,7.8,,,,,,,,0.43,,,8.6,2.8,,,0,6.1,7.9,,,,0.15,0.29,,0.31,,,,,,3.6,,,,,,,,,3.2,,,,,,,,,,,,,,60,,,,,,,,,0.13,,,1963-02-04 00:00:00,"大分・福岡県周防灘南岸地域における工業用地下水源,地調月報,1964"
大分県,中津市,131,13,0,33,34,10,,井戸,用水,133,,,17,,,7.4,7.7,,,,,,,,0.46,,,7.5,3.9,,,,4.9,8.3,,,,0.03,0.07,,0.09,,,,,,7.6,,,,0,,,,,2.8,,,,,,,,,,,,,,63.7,,,,,,,,,0.12,,,1963-02-04 00:00:00,"大分・福岡県周防灘南岸地域における工業用地下水源,地調月報,1964"
大分県,中津市,131,14,50,33,35,0,,井戸,用水,6,,,15,,,6.1,6.8,,,,,,,,0.61,,,16.2,7.5,,,0,10.8,17.8,,,,0.03,0,,0.19,,,,,,25.8,,,,0,63,,,,22.3,,,,,,,,,,,,,,10.8,,,,,,,,,0,,,1963-02-04 00:00:00,"大分・福岡県周防灘南岸地域における工業用地下水源,地調月報,1964"
大分県,中津市,131,16,10,33,34,30,,井戸,用水,,,,21,,,7.5,7.7,,,,,,,,0.47,,,13.1,3.3,,,0,7.5,6.5,,,,0.32,0.13,,0.15,,,,,,7.1,,,,0,,,,,2.1,,,,,,,,,,,,,,70,,,,,,,,,0.19,,,1963-02-04 00:00:00,"大分・福岡県周防灘南岸地域における工業用地下水源,地調月報,1964"
大分県,宇佐郡長州町,131,20,50,33,34,0,,井戸,用水,,,,17.7,,鉄バクテリア検出Ｈ2Ｓ臭僅かに,7.2,7.5,,,,,,,,0.38,,,11.3,3.7,,,0.1,8.9,12.2,,,,0.12,0.09,,0.13,,,,,,3.7,,,,0,,,,,2.5,,,,,,,,,,,,,,73,,,,,,,,,0.14,,,1963-02-04 00:00:00,"大分・福岡県周防灘南岸地域における工業用地下水源,地調月報,1964"
大分県,宇佐郡長州町,131,22,40,33,34,0,,井戸,用水,75,,,18.7,,,6.9,7.7,,,,,,,,0.48,,,16.3,3.5,,,0.09,9.3,16.6,,,,0.24,0.25,,0.34,,,,,,21,,,,0,,,,,10.9,,,,,,,,,,,,,,75.8,,,,,,,,,0.01,,,1963-02-04 00:00:00,"大分・福岡県周防灘南岸地域における工業用地下水源,地調月報,1964"
大分県,長州町,131,22,30,33,33,50,,井戸,用水,72,,,20.1,,,7.3,7.7,,,,,,,,0.47,,,7.5,1.9,,,0,7.2,9.5,,,,0.17,0.19,,0.2,,,,,,3.6,,,,0,,,,,3.7,,,,,,,,,,,,,,74.5,,,,,,,,,0.15,,,1963-02-04 00:00:00,"大分・福岡県周防灘南岸地域における工業用地下水源,地調月報,1964"
大分県,長州町,131,22,0,33,33,30,,井戸,用水,100,,,20.4,,,7.3,7.7,,,,,,,,0.43,,,7.2,2.4,,,,5.1,6.8,,,,0.04,0.1,,0.11,,,,,,4.2,,,,0,,,,,3.2,,,,,,,,,,,,,,77,,,,,,,,,0.14,,,1963-02-04 00:00:00,"大分・福岡県周防灘南岸地域における工業用地下水源,地調月報,1964"
大分県,豊後高田市玉津志手町１３５０,131,27,0,33,33,20,,井戸,用水,100,,,20,,,6.7,7.9,,,,,,,,0.74,,,34.6,4.9,,,,20.3,13.9,,,,0.03,0.04,,0.06,,,,,,28.4,,,,0,,,,,4.8,,,,,,,,,,,,,,91,,,,,,,,,0.14,,,1963-02-04 00:00:00,"大分・福岡県周防灘南岸地域における工業用地下水源,地調月報,1964"
大分県,豊後高田市,131,27,10,33,34,40,,井戸,用水,30,,,18.4,,鉄バクテリア検出,6.9,7.9,,,,,,,,0.4,,,13.7,2,,,0,6.9,20.7,,,,0,0.12,,0.17,,,,,,16.8,,,,0,,,,,7.5,,,,,,,,,,,,,,84.8,,,,,,,,,0.11,,,1963-02-04 00:00:00,"大分・福岡県周防灘南岸地域における工業用地下水源,地調月報,1964"
大分県,豊後高田市,131,25,20,33,33,10,,井戸,用水,58,,,18.8,,,6.6,8.3,,,,,,,,0.4,,,44.9,8,,,0.11,41.4,49.5,,,,1.11,0.07,,0.1,,,,,,10.6,,,,0,,,,,5,,,,,,,,,,,,,,96,,,,,,,,,0.15,,,1963-02-04 00:00:00,"大分・福岡県周防灘南岸地域における工業用地下水源,地調月報,1964"
大分県,豊後高田市,131,27,40,33,32,40,,井戸,用水,7,,,9.6,,,6.3,6.7,,,,,,,,0.5,,,10.8,2.3,,,0,6.1,15.7,,,,,0,,0.02,,,,,,13.4,,,,0.05,1.28,,,,11.7,,,,,,,,,,,,,,42,,,,,,,,,0,,,1963-02-04 00:00:00,"大分・福岡県周防灘南岸地域における工業用地下水源,地調月報,1964"
大分県,1.（血の池）,,,,,,,,不明,温泉・鉱泉,,,,98,,,2.2,,,,,,,,,,,,396,151,,,,24,62.4,,,,,,,,,,,,,1260,,,,,,,,,730,,,,,,,,,,,,,,,,,,,,,,,,,,1963,"日本の熱水系の水素，酸素の同位元素比と主成分化学について,地球科学ジャーナル1973"
大分県,2.（竜巻）,,,,,,,,不明,温泉・鉱泉,,,,105,,,2.5,,,,,,,,,,,,801,155,,,,28.7,84.9,,,,,,,,,,,,,1230,,,,,,,,,644,,,,,,,,,,,,,,,,,,,,,,,,,,1963,"日本の熱水系の水素，酸素の同位元素比と主成分化学について,地球科学ジャーナル1973"
大分県,3.（しばせき）,,,,,,,,不明,温泉・鉱泉,,,,75,,,2.8,,,,,,,,,,,,288,60,,,,12.4,31.2,,,,,,,,,,,,,422,,,,,,,,,341,,,,,,,,,,,,,,,,,,,,,,,,,,1963,"日本の熱水系の水素，酸素の同位元素比と主成分化学について,地球科学ジャーナル1973"
大分県,4.（やまじごく）,,,,,,,,不明,温泉・鉱泉,,,,87,,,3.2,,,,,,,,,,,,84.1,47.4,,,,11.1,39.9,,,,,,,,,,,,,241,,,,,,,,,223,,,,,,,,,,,,,,,,,,,,,,,,,,1963,"日本の熱水系の水素，酸素の同位元素比と主成分化学について,地球科学ジャーナル1973"
大分県,5.（うみじごく）,,,,,,,,不明,温泉・鉱泉,,,,98,,,2.1,,,,,,,,,,,,743,160,,,,29,80.9,,,,,,,,,,,,,1120,,,,,,,,,969,,,,,,,,,,,,,,,,,,,,,,,,,,1963,"日本の熱水系の水素，酸素の同位元素比と主成分化学について,地球科学ジャーナル1973"
大分県,6.（地蔵泉）,,,,,,,,不明,温泉・鉱泉,,,,80,,,2,,,,,,,,,,,,17.1,6.8,,,,6.2,16.7,,,,,,,,,,,,,,,,,,,,,,,,,,,,,,,,,,,,,,,,,,,,,,,,1963,"日本の熱水系の水素，酸素の同位元素比と主成分化学について,地球科学ジャーナル1973"
大分県,7.（北町）,,,,,,,,不明,温泉・鉱泉,,,,60,,,7.9,,,,,,,,,,,,18.2,21.6,,,,37.2,63.3,,,,,,,,,,,,,,,,,,,,,,62.6,,,,,,,,,,,,,,,,,,,,,,,,,,1963,"日本の熱水系の水素，酸素の同位元素比と主成分化学について,地球科学ジャーナル1973"
大分県,,,,,,,,,不明,温泉・鉱泉,,,,71,,,8,,,,,,,,,,,,193,14.8,,,,2.9,19.9,,,,,,,,,,,,,157,,,,,,,,,47.9,,,,,,,,,,,,,,,,,,,,,,,,,,1963,"日本の熱水系の水素，酸素の同位元素比と主成分化学について,地球科学ジャーナル1973"
大分県,,131,14,0,33,6,50,,不明,温泉・鉱泉,,,,14,,,3.6,,,,,,,,,,,,12.4,5.2,,,,8.7,43,,,,,,,,,,,,,28.3,,,,,,,,,215,,,,,,,,,,,,,,,,,,,,,,,,,,1963,"日本の熱水系の水素，酸素の同位元素比と主成分化学について,地球科学ジャーナル1973"
大分県,,,,,,,,,不明,温泉・鉱泉,,,,40,,,2,,,,,,,,,,,,77.5,10.5,,,,46.7,1.2,,,,,,,,,,,,,,,,,,,,,,488,,,,,,,,,,,,,,,,,,,,,,,,,,1963,"日本の熱水系の水素，酸素の同位元素比と主成分化学について,地球科学ジャーナル1973"
大分県,,131,11,40,33,7,10,,不明,温泉・鉱泉,,,,97,,,2.3,,,,,,,,,,,,935,108,,,,5.2,25.6,,,,,,,,,,,,,1500,,,,,,,,,140,,,,,,,,,,,,,,,,,,,,,,,,,,1963,"日本の熱水系の水素，酸素の同位元素比と主成分化学について,地球科学ジャーナル1973"
大分県,,131,11,20,33,6,40,,不明,温泉・鉱泉,,,,60,,,3.5,,,,,,,,,,,,169,35.9,,,,2.2,9.7,,,,,,,,,,,,,266,,,,,,,,,102,,,,,,,,,,,,,,,,,,,,,,,,,,1963,"日本の熱水系の水素，酸素の同位元素比と主成分化学について,地球科学ジャーナル1973"
大分県,還元井,,,,,,,,井戸,温泉・鉱泉,,,,67.5,,,8.2,,,,,,,,,,,,,,,,,,,,,,,,,,,,,,,,,,,,,,,,,,,,,,,,,,,,,,,,,,,,,,,,,,1975-07-01 00:00:00,"鉱泉中のラジウム、ラドン同時定量に関する研究その１,温泉科学,1978"
大分県,７号井,,,,,,,,井戸,温泉・鉱泉,,,,96.2,,,8.4,,,,,,,,,,,,,,,,,,,,,,,,,,,,,,,,,,,,,,,,,,,,,,,,,,,,,,,,,,,,,,,,,,1975-07-01 00:00:00,"鉱泉中のラジウム、ラドン同時定量に関する研究その１,温泉科学,1978"
大分県,８号井,,,,,,,,井戸,温泉・鉱泉,,,,92.4,,,8.4,,,,,,,,,,,,,,,,,,,,,,,,,,,,,,,,,,,,,,,,,,,,,,,,,,,,,,,,,,,,,,,,,,1975-07-01 00:00:00,"鉱泉中のラジウム、ラドン同時定量に関する研究その１,温泉科学,1978"
大分県,９号井,,,,,,,,井戸,温泉・鉱泉,,,,97,,,8.1,,,,,,,,,,,,,,,,,,,,,,,,,,,,,,,,,,,,,,,,,,,,,,,,,,,,,,,,,,,,,,,,,,1975-07-01 00:00:00,"鉱泉中のラジウム、ラドン同時定量に関する研究その１,温泉科学,1978"
大分県,１０号井,,,,,,,,井戸,温泉・鉱泉,,,,96.8,,,8.6,,,,,,,,,,,,,,,,,,,,,,,,,,,,,,,,,,,,,,,,,,,,,,,,,,,,,,,,,,,,,,,,,,1975-07-01 00:00:00,"鉱泉中のラジウム、ラドン同時定量に関する研究その１,温泉科学,1978"
大分県,生産井４号井,,,,,,,,井戸,温泉・鉱泉,,,,97.8,,,6.8,,,,,,,,,,,,,,,,,,,,,,,,,,,,,,,,,,,,,,,,,,,,,,,,,,,,,,,,,,,,,,,,,,1975-07-01 00:00:00,"鉱泉中のラジウム、ラドン同時定量に関する研究その１,温泉科学,1978"
大分県,４号井,,,,,,,,井戸,温泉・鉱泉,,,,95.5,,,5.95,,,,,,,,,,,,,,,,,,,,,,,,,,,,,,,,,,,,,,,,,,,,,,,,,,,,,,,,,,,,,,,,,,1976-08-01 00:00:00,"鉱泉中のラジウム、ラドン同時定量に関する研究その１,温泉科学,1978"
大分県,Ｍｙｏｂａｎ,131,27,10,33,18,50,,不明,温泉・鉱泉,,,,,,,,,,,,,,,,,,,,,,,,,,,,,0.66,,,,,,,,0.3,,0.037,0.013,,,,,,,,,,,,,,,,,,,,,,,2.6,,,,,,,,,,,"温泉の化学成分,温泉科学,1978"
大分県,Ｋａｎｎａｗａ,131,28,30,33,18,50,,不明,温泉・鉱泉,,,,,,,,,,,,,,,,,,,,,,,,,,,,,3.24,,,,,,,,1.9,,4.49,1.111,,,,,,,,,,,,,,,,,,,,,,,42.4,,,,,,,,,,,"温泉の化学成分,温泉科学,1978"
大分県,Ｋａｍｅｋａｗａ,131,29,40,33,19,10,,不明,温泉・鉱泉,,,,,,,,,,,,,,,,,,,,,,,,,,,,,0.43,,,,,,,,0.37,,1.69,0.153,,,,,,,,,,,,,,,,,,,,,,,28,,,,,,,,,,,"温泉の化学成分,温泉科学,1978"
大分県,Ｈｏｔｔａｋａｎｋａｉｊｉ,131,28,30,33,16,40,,不明,温泉・鉱泉,,,,,,,,,,,,,,,,,,,,,,,,,,,,,0.3,,,,,,,,0.17,,0.083,0.027,,,,,,,,,,,,,,,,,,,,,,,13.1,,,,,,,,,,,"温泉の化学成分,温泉科学,1978"
大分県,ＢｅｐｐｕＰｒｏｐｅｒ,,,,,,,,不明,温泉・鉱泉,,,,,,,,,,,,,,,,,,,,,,,,,,,,,0.63,,,,,,,,0.35,,0.089,0.144,,,,,,,,,,,,,,,,,,,,,,,24.9,,,,,,,,,,,"温泉の化学成分,温泉科学,1978"
大分県,中津市,,,,,,,,井戸,観測井,150,,,22,,,6.8,,,,,,,,,0.3,,,49.5,6.3,,,,56.3,68.6,,,,,,,0.3,,,,,,8.9,,,,,,,,,,,,,,549,,,,,,,,,34,,,5.5,,36.3,,,,,,,1971,"地下水利用適正化調査に係る地下水位等観測井についての資料,工業用水,1983"
大分県,宇佐市,,,,,,,,井戸,観測井,150,,,19.8,,,7.1,,,,,,,,,0.4,,,23,2.1,,,,3.1,5.1,,,,,,,0.05,,,,,,5.7,,,,,,,,,,,,,,43.9,,,,,,,,,34,,,6.7,,3.5,,,,,,,1971,"地下水利用適正化調査に係る地下水位等観測井についての資料,工業用水,1983"
大分県,豊後高田市,,,,,,,,井戸,観測井,150,,,20.8,,,6.9,,,,,,,,,0.3,,,39,4.4,,,,21.9,24.1,,,,,,,0.31,,,,,,10.6,,,,,,,,,,,,,,200,,,,,,,,,36.8,,,6.7,,19.4,,,,,,,1971,"地下水利用適正化調査に係る地下水位等観測井についての資料,工業用水,1983"
大分県,,,,,,,,,不明,温泉・鉱泉,,,,100,,,8.4,,,,,,,,,,,,50.11,3.05,,,,0.07,2.3,,,,,,,,,,,,,49.38,,,,,,,,,4.73,,,,,0.95,,,,,,,,,,,,,,,,,,,,,1970,"炭酸成分影響下における温泉水質の形成,日本陸水学会第４９回大会（筑波）シンポ記録,1984"
大分県,,,,,,,,,不明,温泉・鉱泉,,,,87,,,8.5,,,,,,,,,,,,18.31,0.48,,,,0.1,1.12,,,,,,,,,,,,,14.36,,,,,,,,,1.89,,,,,3.28,,,,,,,,,,,,,,,,,,,,,1970,"炭酸成分影響下における温泉水質の形成,日本陸水学会第４９回大会（筑波）シンポ記録,1984"
大分県,,,,,,,,,不明,温泉・鉱泉,,,,62.3,,,8.49,,,,,,,,,,,,14.31,0.62,,,,1.31,0.32,,,,,,,,,,,,,7.67,,,,,,,,,1.31,,,,,7.08,,,,,,,,,,,,,,,,,,,,,1970,"炭酸成分影響下における温泉水質の形成,日本陸水学会第４９回大会（筑波）シンポ記録,1984"
大分県,,,,,,,,,不明,温泉・鉱泉,,,,55.8,,,7.49,,,,,,,,,,,,12.61,0.77,,,,6.94,2.53,,,,,,,,,,,,,3.36,,,,,,,,,1.95,,,,,18.04,,,,,,,,,,,,,,,,,,,,,1970,"炭酸成分影響下における温泉水質の形成,日本陸水学会第４９回大会（筑波）シンポ記録,1984"
大分県,豊肥地域宝泉寺,131,10,30,33,11,20,,井戸,温泉・鉱泉,,,,82.3,,,7.5,,,,,,,,,,,,192,11,,,,0.26,21.6,,,,,,,,,,,,,261,,,,,,,,,15.8,,,,,55,0,,,,,,,,136,,,,,,,,,,,,,"地熱流体の化学に基づく豊肥地域熱水系の概念的モデル,地質調査所報告,1985"
大分県,豊肥地域宝泉寺,131,10,20,33,11,30,,井戸,温泉・鉱泉,,,,61.6,,,8.2,,,,,,,,,,,,160,7.87,,,,0.2,15.6,,,,,,,,,,,,,307,,,,,,,,,20.9,,,,,120,1,,,,,,,,141,,,,,,,,,,,,,"地熱流体の化学に基づく豊肥地域熱水系の概念的モデル,地質調査所報告,1985"
大分県,豊肥地域宝泉寺,131,10,20,33,11,40,,井戸,温泉・鉱泉,,,,97.6,,,8.3,,,,,,,,,,,,440,26.6,,,,0.52,45.2,,,,,,,,,,,,,921,,,,,,,,,54.7,,,,,42,0,,,,,,,,225,,,,,,,,,,,,,"地熱流体の化学に基づく豊肥地域熱水系の概念的モデル,地質調査所報告,1985"
大分県,豊肥地域串野,131,9,50,33,10,50,,井戸,温泉・鉱泉,,,,53,,,7.5,,,,,,,,,,,,68.8,10.1,,,,0.4,4.02,,,,,,,,,,,,,73.2,,,,,,,,,7.07,,,,,36,0,,,,,,,,176,,,,,,,,,,,,,"地熱流体の化学に基づく豊肥地域熱水系の概念的モデル,地質調査所報告,1985"
大分県,豊肥地域川底,131,9,0,33,11,10,,井戸,温泉・鉱泉,,,,83.4,,,6.9,,,,,,,,,,,,216,33.2,,,,2.64,19.6,,,,,,,,,,,,,379,,,,,,,,,41.3,,,,,61,0,,,,,,,,240,,,,,,,,,,,,,"地熱流体の化学に基づく豊肥地域熱水系の概念的モデル,地質調査所報告,1985"
大分県,豊肥地域八丁原,131,11,30,33,6,10,,井戸,地熱井,,,,90.6,,,7.3,,,,,,,,,,,,1824,296,,,,0.6,45.2,,,,,,,,,,,,,3429,,,,,,,,,91.1,,,,,57,0,,,,,,,,809,,,,,,,,,,,,,"地熱流体の化学に基づく豊肥地域熱水系の概念的モデル,地質調査所報告,1985"
大分県,豊肥地域大岳,131,11,40,33,7,0,,井戸,地熱井,,,,87.1,,,8.5,,,,,,,,,,,,912,119,,,,0.32,33.1,,,,,,,,,,,,,1714,,,,,,,,,145,,,,,12,0,,,,,,,,590,,,,,,,,,,,,,"地熱流体の化学に基づく豊肥地域熱水系の概念的モデル,地質調査所報告,1985"
大分県,豊肥地域八丁原,131,11,30,33,6,20,,井戸,用水,,,,94.1,,,2.8,,,,,,,,,,,,269,61.8,,,,1.75,14.6,,,,,,,,,,,,,526,,,,,,,,,235,,,,,0,0,,,,,,,,147,,,,,,,,,,,,,"地熱流体の化学に基づく豊肥地域熱水系の概念的モデル,地質調査所報告,1985"
大分県,豊肥地域筋湯,131,11,20,33,6,30,,井戸,用水,,,,54.5,,,3.5,,,,,,,,,,,,109,26,,,,1.6,10.5,,,,,,,,,,,,,214,,,,,,,,,105,,,,,0,0,,,,,,,,122,,,,,,,,,,,,,"地熱流体の化学に基づく豊肥地域熱水系の概念的モデル,地質調査所報告,1985"
大分県,豊肥地域湯坪,131,11,40,33,7,30,,井戸,用水,,,,69.6,,,8.2,,,,,,,,,,,,176,12.8,,,,1.6,29.6,,,,,,,,,,,,,132,,,,,,,,,122,,,,,163,1,,,,,,,,83.5,,,,,,,,,,,,,"地熱流体の化学に基づく豊肥地域熱水系の概念的モデル,地質調査所報告,1985"
大分県,豊肥地域疥癬湯,131,11,10,33,7,0,,井戸,用水,,,,82.4,,,5.9,,,,,,,,,,,,165,30.8,,,,3.68,58.3,,,,,,,,,,,,,296,,,,,,,,,221,,,,,7,0,,,,,,,,83,,,,,,,,,,,,,"地熱流体の化学に基づく豊肥地域熱水系の概念的モデル,地質調査所報告,1985"
大分県,豊肥地域河原湯,131,11,50,33,7,30,,井戸,温泉・鉱泉,,,,68.5,,,5.8,,,,,,,,,,,,19.4,12.5,,,,2.24,17.1,,,,,,,,,,,,,11,,,,,,,,,30.2,,,,,114,0,,,,,,,,163,,,,,,,,,,,,,"地熱流体の化学に基づく豊肥地域熱水系の概念的モデル,地質調査所報告,1985"
大分県,豊肥地域吉部,131,14,40,33,7,40,,井戸,温泉・鉱泉,,,,43.2,,,5.9,,,,,,,,,,,,186,39.6,,,,125,451,,,,,,,,,,,,,669,,,,,,,,,892,,,,,51,0,,,,,,,,164,,,,,,,,,,,,,"地熱流体の化学に基づく豊肥地域熱水系の概念的モデル,地質調査所報告,1985"
大分県,豊肥地域八丁原,131,11,10,33,5,50,,井戸,地熱井,,,,95.2,,,5.1,,,,,,,,,,,,1260,193,,,,4.92,121,,,,,,,,,,,,,2513,,,,,,,,,225,,,,,1,0,,,,,,,,740,,,,,,,,,,,,,"地熱流体の化学に基づく豊肥地域熱水系の概念的モデル,地質調査所報告,1985"
大分県,豊肥地域筌ノ口,131,13,40,33,9,40,,井戸,温泉・鉱泉,,,,47.1,,,6.7,,,,,,,,,,,,262,50.4,,,,114,19.4,,,,,,,,,,,,,262,,,,,,,,,371,,,,,511,0,,,,,,,,199,,,,,,,,,,,,,"地熱流体の化学に基づく豊肥地域熱水系の概念的モデル,地質調査所報告,1985"
大分県,豊肥地域生滝,131,10,20,33,11,50,,井戸,温泉・鉱泉,,,,51.4,,,8.4,,,,,,,,,,,,102,1.52,,,,0.2,11.6,,,,,,,,,,,,,158,,,,,,,,,19.5,,,,,53,1,,,,,,,,53,,,,,,,,,,,,,"地熱流体の化学に基づく豊肥地域熱水系の概念的モデル,地質調査所報告,1985"
大分県,豊肥地域牧ノ戸,131,13,20,33,6,20,,井戸,温泉・鉱泉,,,,94.2,,,7.4,,,,,,,,,,,,57.5,5.6,,,,3.59,15.3,,,,,,,,,,,,,,,,,,,,,,155,,,,,27,0,,,,,,,,158,,,,,,,,,,,,,"地熱流体の化学に基づく豊肥地域熱水系の概念的モデル,地質調査所報告,1985"
大分県,豊肥地域牧ノ戸,131,13,20,33,6,20,,井戸,温泉・鉱泉,,,,91.7,,,6.7,,,,,,,,,,,,51.8,6.85,,,,0.66,30.2,,,,,,,,,,,,,,,,,,,,,,198,,,,,194,0,,,,,,,,206,,,,,,,,,,,,,"地熱流体の化学に基づく豊肥地域熱水系の概念的モデル,地質調査所報告,1985"
大分県,豊肥地域川底,131,9,0,33,11,0,,井戸,温泉・鉱泉,,,,87.9,,,7.3,,,,,,,,,,,,256,42,,,,2.4,19.3,,,,,,,,,,,,,415,,,,,,,,,35.4,,,,,64.9,,,,,,,,,234,,,,,,,,,,,,,"地熱流体の化学に基づく豊肥地域熱水系の概念的モデル,地質調査所報告,1985"
大分県,豊肥地域串野,131,10,0,33,10,50,,井戸,温泉・鉱泉,,,,40.1,,,7.7,,,,,,,,,,,,22,4.3,,,,0.5,5.6,,,,,,,,,,,,,2.8,,,,,,,,,10.5,,,,,79.3,,,,,,,,,34.4,,,,,,,,,,,,,"地熱流体の化学に基づく豊肥地域熱水系の概念的モデル,地質調査所報告,1985"
大分県,豊肥地域筋湯,131,11,30,33,6,40,,井戸,温泉・鉱泉,,,,54.6,,,3.6,,,,,,,,,,,,142,31,,,,1.5,8.4,,,,,,,,,,,,,208,,,,,,,,,111,,,,,0,,,,,,,,,108,,,,,,,,,,,,,"地熱流体の化学に基づく豊肥地域熱水系の概念的モデル,地質調査所報告,1985"
大分県,豊肥地域河原湯,131,11,50,33,7,20,,井戸,温泉・鉱泉,,,,51.3,,,6,,,,,,,,,,,,23.4,13.8,,,,4.3,27.2,,,,,,,,,,,,,13.9,,,,,,,,,82.4,,,,,58.1,,,,,,,,,117,,,,,,,,,,,,,"地熱流体の化学に基づく豊肥地域熱水系の概念的モデル,地質調査所報告,1985"
大分県,豊肥地域筌ノ口,131,13,40,33,9,30,,井戸,温泉・鉱泉,,,,42.3,,,6.4,,,,,,,,,,,,286,67.5,,,,111,188,,,,,,,,,,,,,234,,,,,,,,,333,,,,,1081,,,,,,,,,156,,,,,,,,,,,,,"地熱流体の化学に基づく豊肥地域熱水系の概念的モデル,地質調査所報告,1985"
大分県,豊肥地域寒ノ地獄,131,13,50,33,6,30,,井戸,温泉・鉱泉,,,,13.6,,,4.6,,,,,,,,,,,,13.8,4.7,,,,8.6,45,,,,,,,,,,,,,25.4,,,,,,,,,144,,,,,0,,,,,,,,,76,,,,,,,,,,,,,"地熱流体の化学に基づく豊肥地域熱水系の概念的モデル,地質調査所報告,1985"
大分県,豊肥地域吉部,131,14,40,33,8,0,,井戸,温泉・鉱泉,,,,41.7,,,6.56,,,,,,,,,,,,170,33.1,,,,100,420,,,,,,,,,,,,,573,,,,,,,,,836,,,,,286,,,,,,,,,174,,,,,,,,,,,,,"地熱流体の化学に基づく豊肥地域熱水系の概念的モデル,地質調査所報告,1985"
大分県,豊肥地域大岳,131,11,40,33,7,0,,井戸,温泉・鉱泉,,,,84.6,,,4.34,,,,,,,,,,,,7.6,3,,,,7.6,15.4,,,,,,,,,,,,,1,,,,,,,,,121,,,,,0.8,,,,,,,,,91.1,,,,,,,,,,,,,"地熱流体の化学に基づく豊肥地域熱水系の概念的モデル,地質調査所報告,1985"
大分県,豊肥地域川底,131,8,50,33,11,0,,井戸,温泉・鉱泉,,,,87.7,,,6.66,,,,,,,,,,,,245,34.8,,,,2.1,15.5,,,,,,,,,,,,,395,,,,,,,,,29.6,,,,,95.5,,,,,,,,,251,,,,,,,,,,,,,"地熱流体の化学に基づく豊肥地域熱水系の概念的モデル,地質調査所報告,1985"
大分県,豊肥地域吉部,131,14,30,33,7,30,,井戸,温泉・鉱泉,,,,44.5,,,5.91,,,,,,,,,,,,194,39.6,,,,123,436,,,,,,,,,,,,,685,,,,,,,,,919,,,,,317,,,,,,,,,178,,,,,,,,,,,,,"地熱流体の化学に基づく豊肥地域熱水系の概念的モデル,地質調査所報告,1985"
大分県,豊肥地域大将軍谷,131,13,40,33,7,30,,井戸,温泉・鉱泉,,,,28.9,,,5.42,,,,,,,,,,,,66.7,13.9,,,,45.9,165,,,,,,,,,,,,,200,,,,,,,,,407,,,,,120,,,,,,,,,145,,,,,,,,,,,,,"地熱流体の化学に基づく豊肥地域熱水系の概念的モデル,地質調査所報告,1985"
大分県,豊肥地域筌ノ口,131,13,30,33,9,40,,井戸,温泉・鉱泉,,,,47.5,,,6.46,,,,,,,,,,,,294,68,,,,111,176,,,,,,,,,,,,,239,,,,,,,,,340,,,,,1170,,,,,,,,,193,,,,,,,,,,,,,"地熱流体の化学に基づく豊肥地域熱水系の概念的モデル,地質調査所報告,1985"
大分県,豊肥地域河原湯,131,11,30,33,7,20,,井戸,温泉・鉱泉,,,,93.4,,,7.38,,,,,,,,,,,,442,47.8,,,,0.9,33.5,,,,,,,,,,,,,642,,,,,,,,,152,,,,,74.9,,,,,,,,,183,,,,,,,,,,,,,"地熱流体の化学に基づく豊肥地域熱水系の概念的モデル,地質調査所報告,1985"
大分県,豊肥地域大岳,131,11,30,33,7,10,,井戸,温泉・鉱泉,,,,16.4,,,3.5,,,,,,,,,,,,4,1.8,,,,0.8,3.5,,,,,,,,,,,,,2.8,,,,,,,,,46.9,,,,,0.1,,,,,,,,,24.8,,,,,,,,,,,,,"地熱流体の化学に基づく豊肥地域熱水系の概念的モデル,地質調査所報告,1985"
大分県,豊肥地域,131,11,0,33,9,10,,井戸,用水,,,,13.3,,,6.98,,,,,,,,,,,,5.5,1.9,,,,3.2,7.2,,,,,,,,,,,,,1.5,,,,,,,,,1.9,,,,,76.7,,,,,,,,,45.3,,,,,,,,,,,,,"地熱流体の化学に基づく豊肥地域熱水系の概念的モデル,地質調査所報告,1985"
大分県,豊肥地域,131,15,10,33,10,10,,井戸,用水,,,,13.4,,,7.65,,,,,,,,,,,,3.3,1.6,,,,0.8,5.7,,,,,,,,,,,,,2.8,,,,,,,,,1.5,,,,,133,,,,,,,,,32.4,,,,,,,,,,,,,"地熱流体の化学に基づく豊肥地域熱水系の概念的モデル,地質調査所報告,1985"
大分県,豊肥地域,131,12,0,33,9,50,,井戸,地熱井,,,,13.2,,,7.65,,,,,,,,,,,,5.4,2.2,,,,3,11.7,,,,,,,,,,,,,3,,,,,,,,,1.5,,,,,56.9,,,,,,,,,50.2,,,,,,,,,,,,,"地熱流体の化学に基づく豊肥地域熱水系の概念的モデル,地質調査所報告,1985"
大分県,豊肥地域,131,11,40,33,8,30,,井戸,地熱井,,,,38.9,,,8.14,,,,,,,,,,,,81.8,16.1,,,,9.3,35.5,,,,,,,,,,,,,32.2,,,,,,,,,26.5,,,,,252,,,,,,,,,128,,,,,,,,,,,,,"地熱流体の化学に基づく豊肥地域熱水系の概念的モデル,地質調査所報告,1985"
大分県,豊肥地域,131,10,10,33,9,0,,井戸,地熱井,,,,18.8,,,7.66,,,,,,,,,,,,7.2,2.8,,,,2.7,7.8,,,,,,,,,,,,,1.6,,,,,,,,,7.2,,,,,93.8,,,,,,,,,61.1,,,,,,,,,,,,,"地熱流体の化学に基づく豊肥地域熱水系の概念的モデル,地質調査所報告,1985"
大分県,豊肥地域,131,14,30,33,7,30,,井戸,地熱井,,,,44.9,,,6.83,,,,,,,,,,,,139,33.9,,,,195,517,,,,,,,,,,,,,262,,,,,,,,,706,,,,,1310,,,,,,,,,168,,,,,,,,,,,,,"地熱流体の化学に基づく豊肥地域熱水系の概念的モデル,地質調査所報告,1985"
大分県,豊肥地域,131,9,50,33,10,10,,井戸,地熱井,,,,72,,,8.53,,,,,,,,,,,,495,32.5,,,,,35.4,,,,,,,,,,,,,768,,,,,,,,,80.2,,,,,52.5,,,,,,,,,224,,,,,,,,,,,,,"地熱流体の化学に基づく豊肥地域熱水系の概念的モデル,地質調査所報告,1985"
大分県,明ばん温泉,,,,,,,,不明,温泉・鉱泉,,,,79.3,,,1.75,,,,,,,,,,,0.02,31.3,,,,,,,,,,,,,,,,,,,0,,,,,,,,,,,,,,,,,,,,,,,,,,,,,,,,,,,1978-08-18 00:00:00,"日本のいくつかの地熱地域における熱水・温泉水のLi，Cs含有量とその地球化学的意味,地調月報,1986"
大分県,鉄輪温泉,,,,,,,,不明,温泉・鉱泉,,,,97.5,,,4.1,,,,,,,,,,,8.44,1300,,,,,,,,,,,,,,,,,,,1980,,,,,,,,,,,,,,,,,,,,,,,,,,,,,,,,,,,1978-08-18 00:00:00,"日本のいくつかの地熱地域における熱水・温泉水のLi，Cs含有量とその地球化学的意味,地調月報,1986"
大分県,鶴見温泉,,,,,,,,不明,温泉・鉱泉,,,,93.1,,,8.4,,,,,,,,,,,7.19,1120,,,,,,,,,,,,,,,,,,,1790,,,,,,,,,,,,,,,,,,,,,,,,,,,,,,,,,,,1978-08-18 00:00:00,"日本のいくつかの地熱地域における熱水・温泉水のLi，Cs含有量とその地球化学的意味,地調月報,1986"
大分県,観海寺温泉,,,,,,,,不明,温泉・鉱泉,,,,91.7,,,8.3,,,,,,,,,,,7.63,1000,,,,,,,,,,,,,,,,,,,1560,,,,,,,,,,,,,,,,,,,,,,,,,,,,,,,,,,,1978-08-18 00:00:00,"日本のいくつかの地熱地域における熱水・温泉水のLi，Cs含有量とその地球化学的意味,地調月報,1986"
大分県,旧市内温泉,,,,,,,,不明,温泉・鉱泉,,,,52.5,,,7.15,,,,,,,,,,,0.38,200,,,,,,,,,,,,,,,,,,,113,,,,,,,,,,,,,,,,,,,,,,,,,,,,,,,,,,,1978-08-18 00:00:00,"日本のいくつかの地熱地域における熱水・温泉水のLi，Cs含有量とその地球化学的意味,地調月報,1986"
大分県,,,,,,,,,不明,温泉・鉱泉,,,,85.2,,,1.5,,,,,,,,,,,0.03,50,,,,,,,,,,,,,,,,,,,0,,,,,,,,,,,,,,,,,,,,,,,,,,,,,,,,,,,1978-08-19 00:00:00,"日本のいくつかの地熱地域における熱水・温泉水のLi，Cs含有量とその地球化学的意味,地調月報,1986"
大分県,,,,,,,,,不明,温泉・鉱泉,,,,87.6,,,7.02,,,,,,,,,,,1.44,453,,,,,,,,,,,,,,,,,,,563,,,,,,,,,,,,,,,,,,,,,,,,,,,,,,,,,,,1978-08-19 00:00:00,"日本のいくつかの地熱地域における熱水・温泉水のLi，Cs含有量とその地球化学的意味,地調月報,1986"
大分県,,,,,,,,,不明,温泉・鉱泉,,,,87.8,,,8.9,,,,,,,,,,,0.88,350,,,,,,,,,,,,,,,,,,,337,,,,,,,,,,,,,,,,,,,,,,,,,,,,,,,,,,,1978-08-19 00:00:00,"日本のいくつかの地熱地域における熱水・温泉水のLi，Cs含有量とその地球化学的意味,地調月報,1986"
大分県,,,,,,,,,不明,温泉・鉱泉,,,,92,,,8.85,,,,,,,,,,,1.25,538,,,,,,,,,,,,,,,,,,,652,,,,,,,,,,,,,,,,,,,,,,,,,,,,,,,,,,,1978-08-19 00:00:00,"日本のいくつかの地熱地域における熱水・温泉水のLi，Cs含有量とその地球化学的意味,地調月報,1986"
大分県,,,,,,,,,不明,温泉・鉱泉,,,,75.4,,,7.3,,,,,,,,,,,0,5,,,,,,,,,,,,,,,,,,,12,,,,,,,,,,,,,,,,,,,,,,,,,,,,,,,,,,,1978-08-20 00:00:00,"日本のいくつかの地熱地域における熱水・温泉水のLi，Cs含有量とその地球化学的意味,地調月報,1986"
大分県,,,,,,,,,不明,温泉・鉱泉,,,,93,,,8.35,,,,,,,,,,,0.97,300,,,,,,,,,,,,,,,,,,,341,,,,,,,,,,,,,,,,,,,,,,,,,,,,,,,,,,,1978-08-20 00:00:00,"日本のいくつかの地熱地域における熱水・温泉水のLi，Cs含有量とその地球化学的意味,地調月報,1986"
大分県,,,,,,,,,不明,温泉・鉱泉,,,,90,,,6.75,,,,,,,,,,,1.13,263,,,,,,,,,,,,,,,,,,,430,,,,,,,,,,,,,,,,,,,,,,,,,,,,,,,,,,,1978-08-22 00:00:00,"日本のいくつかの地熱地域における熱水・温泉水のLi，Cs含有量とその地球化学的意味,地調月報,1986"
大分県,,,,,,,,,不明,温泉・鉱泉,,,,75.4,,,6.8,,,,,,,,,,,0.97,200,,,,,,,,,,,,,,,,,,,301,,,,,,,,,,,,,,,,,,,,,,,,,,,,,,,,,,,1978-08-22 00:00:00,"日本のいくつかの地熱地域における熱水・温泉水のLi，Cs含有量とその地球化学的意味,地調月報,1986"
大分県,豊肥地域,,,,,,,,井戸,地熱（調査井）,,,,96.7,,,8.7,,,,,,,,,,,5.63,1080,,,,,,,,,,,,,,,,,,,1710,,,,,,,,,,,,,,,,,,,,,,,,,,,,,,,,,,,1978-08-23 00:00:00,"日本のいくつかの地熱地域における熱水・温泉水のLi，Cs含有量とその地球化学的意味,地調月報,1986"
大分県,豊肥地域,,,,,,,,井戸,地熱（調査井）,,,,100,,,5.5,,,,,,,,,,,19,2500,,,,,,,,,,,,,,,,,,,4340,,,,,,,,,,,,,,,,,,,,,,,,,,,,,,,,,,,1978-08-23 00:00:00,"日本のいくつかの地熱地域における熱水・温泉水のLi，Cs含有量とその地球化学的意味,地調月報,1986"
大分県,豊肥地域,,,,,,,,井戸,地熱（調査井）,,,,100,,,5.5,,,,,,,,,,,15.63,2230,,,,,,,,,,,,,,,,,,,3910,,,,,,,,,,,,,,,,,,,,,,,,,,,,,,,,,,,1978-08-23 00:00:00,"日本のいくつかの地熱地域における熱水・温泉水のLi，Cs含有量とその地球化学的意味,地調月報,1986"
大分県,豊肥地域,,,,,,,,井戸,地熱（調査井）,,,,100,,,5.4,,,,,,,,,,,18.63,2880,,,,,,,,,,,,,,,,,,,4940,,,,,,,,,,,,,,,,,,,,,,,,,,,,,,,,,,,1978-08-23 00:00:00,"日本のいくつかの地熱地域における熱水・温泉水のLi，Cs含有量とその地球化学的意味,地調月報,1986"
大分県,,,,,,,,,不明,温泉・鉱泉,,,,55.4,,,7.35,,,,,,,,,,,0.13,207,,,,,,,,,,,,,,,,,,,188,,,,,,,,,,,,,,,,,,,,,,,,,,,,,,,,,,,1980-02-03 00:00:00,"日本のいくつかの地熱地域における熱水・温泉水のLi，Cs含有量とその地球化学的意味,地調月報,1986"
大分県,,,,,,,,,不明,温泉・鉱泉,,,,51.1,,,8.69,,,,,,,,,,,0.04,70,,,,,,,,,,,,,,,,,,,28,,,,,,,,,,,,,,,,,,,,,,,,,,,,,,,,,,,1980-02-03 00:00:00,"日本のいくつかの地熱地域における熱水・温泉水のLi，Cs含有量とその地球化学的意味,地調月報,1986"
大分県,,,,,,,,,不明,温泉・鉱泉,,,,42.5,,,8.72,,,,,,,,,,,0.19,55,,,,,,,,,,,,,,,,,,,29,,,,,,,,,,,,,,,,,,,,,,,,,,,,,,,,,,,1980-02-03 00:00:00,"日本のいくつかの地熱地域における熱水・温泉水のLi，Cs含有量とその地球化学的意味,地調月報,1986"
大分県,,,,,,,,,不明,温泉・鉱泉,,,,38.3,,,7.6,,,,,,,,,,,0.19,63.8,,,,,,,,,,,,,,,,,,,90,,,,,,,,,,,,,,,,,,,,,,,,,,,,,,,,,,,1980-02-03 00:00:00,"日本のいくつかの地熱地域における熱水・温泉水のLi，Cs含有量とその地球化学的意味,地調月報,1986"
大分県,,,,,,,,,不明,温泉・鉱泉,,,,48.6,,,7.52,,,,,,,,,,,0.18,77.5,,,,,,,,,,,,,,,,,,,90,,,,,,,,,,,,,,,,,,,,,,,,,,,,,,,,,,,1980-02-03 00:00:00,"日本のいくつかの地熱地域における熱水・温泉水のLi，Cs含有量とその地球化学的意味,地調月報,1986"
大分県,,,,,,,,,不明,温泉・鉱泉,,,,68.5,,,9.09,,,,,,,,,,,0.08,140,,,,,,,,,,,,,,,,,,,4,,,,,,,,,,,,,,,,,,,,,,,,,,,,,,,,,,,1980-02-04 00:00:00,"日本のいくつかの地熱地域における熱水・温泉水のLi，Cs含有量とその地球化学的意味,地調月報,1986"
大分県,豊肥地域,,,,,,,,井戸,地熱（調査井）,,,,95.8,,,7.4,,,,,,,,,,,11.5,2000,,,,,,,,,,,,,,,,,,,3470,,,,,,,,,,,,,,,,,,,,,,,,,,,,,,,,,,,1980-02-05 00:00:00,"日本のいくつかの地熱地域における熱水・温泉水のLi，Cs含有量とその地球化学的意味,地調月報,1986"
大分県,豊肥地域,,,,,,,,井戸,地熱（調査井）,,,,97.2,,,9.13,,,,,,,,,,,1.38,478,,,,,,,,,,,,,,,,,,,590,,,,,,,,,,,,,,,,,,,,,,,,,,,,,,,,,,,1980-02-06 00:00:00,"日本のいくつかの地熱地域における熱水・温泉水のLi，Cs含有量とその地球化学的意味,地調月報,1986"
大分県,,,,,,,,,不明,温泉・鉱泉,,,,54.3,,,3.45,,,,,,,,,,,0.84,140,,,,,,,,,,,,,,,,,,,211,,,,,,,,,,,,,,,,,,,,,,,,,,,,,,,,,,,1980-02-07 00:00:00,"日本のいくつかの地熱地域における熱水・温泉水のLi，Cs含有量とその地球化学的意味,地調月報,1986"
大分県,豊肥地域,,,,,,,,井戸,地熱（調査井）,,,,90.4,,,8.98,,,,,,,,,,,5.25,1050,,,,,,,,,,,,,,,,,,,1670,,,,,,,,,,,,,,,,,,,,,,,,,,,,,,,,,,,1980-02-07 00:00:00,"日本のいくつかの地熱地域における熱水・温泉水のLi，Cs含有量とその地球化学的意味,地調月報,1986"
大分県,豊肥地域,,,,,,,,井戸,地熱（調査井）,,,,91,,,8.85,,,,,,,,,,,4.75,1030,,,,,,,,,,,,,,,,,,,1600,,,,,,,,,,,,,,,,,,,,,,,,,,,,,,,,,,,1980-02-07 00:00:00,"日本のいくつかの地熱地域における熱水・温泉水のLi，Cs含有量とその地球化学的意味,地調月報,1986"
大分県,,,,,,,,,不明,温泉・鉱泉,,,,,,,6.18,,,,,,,,,,,0.05,97.5,,,,,,,,,,,,,,,,,,,30,,,,,,,,,,,,,,,,,,,,,,,,,,,,,,,,,,,1980-03-03 00:00:00,"日本のいくつかの地熱地域における熱水・温泉水のLi，Cs含有量とその地球化学的意味,地調月報,1986"
大分県,豊肥地域,,,,,,,,井戸,地熱（調査井）,,,,100,,,4.95,,,,,,,,,,,18.75,3000,,,,,,,,,,,,,,,,,,,5300,,,,,,,,,,,,,,,,,,,,,,,,,,,,,,,,,,,1978-08-23 00:00:00,"日本のいくつかの地熱地域における熱水・温泉水のLi，Cs含有量とその地球化学的意味,地調月報,1986"
大分県,豊肥地域,,,,,,,,井戸,地熱（調査井）,,,,96,,,8.7,,,,,,,,,,,5.25,1040,,,,,,,,,,,,,,,,,,,1630,,,,,,,,,,,,,,,,,,,,,,,,,,,,,,,,,,,1978-08-24 00:00:00,"日本のいくつかの地熱地域における熱水・温泉水のLi，Cs含有量とその地球化学的意味,地調月報,1986"
大分県,,,,,,,,,不明,温泉・鉱泉,,,,39.4,,,5.9,,,,,,,,,,,0.06,77.5,,,,,,,,,,,,,,,,,,,106,,,,,,,,,,,,,,,,,,,,,,,,,,,,,,,,,,,1978-08-25 00:00:00,"日本のいくつかの地熱地域における熱水・温泉水のLi，Cs含有量とその地球化学的意味,地調月報,1986"
大分県,,,,,,,,,不明,温泉・鉱泉,,,,95.4,,,6.65,,,,,,,,,,,0,8.44,,,,,,,,,,,,,,,,,,,5,,,,,,,,,,,,,,,,,,,,,,,,,,,,,,,,,,,1978-08-25 00:00:00,"日本のいくつかの地熱地域における熱水・温泉水のLi，Cs含有量とその地球化学的意味,地調月報,1986"
大分県,,,,,,,,,不明,温泉・鉱泉,,,,47.4,,,6.8,,,,,,,,,,,1.06,510,,,,,,,,,,,,,,,,,,,222,,,,,,,,,,,,,,,,,,,,,,,,,,,,,,,,,,,1978-08-25 00:00:00,"日本のいくつかの地熱地域における熱水・温泉水のLi，Cs含有量とその地球化学的意味,地調月報,1986"
大分県,,,,,,,,,不明,温泉・鉱泉,,,,44.9,,,5.83,,,,,,,,,,,0.13,180,,,,,,,,,,,,,,,,,,,683,,,,,,,,,,,,,,,,,,,,,,,,,,,,,,,,,,,1978-08-26 00:00:00,"日本のいくつかの地熱地域における熱水・温泉水のLi，Cs含有量とその地球化学的意味,地調月報,1986"
大分県,,,,,,,,,不明,温泉・鉱泉,,,,90.4,,,3.22,,,,,,,,,,,0,5,,,,,,,,,,,,,,,,,,,0,,,,,,,,,,,,,,,,,,,,,,,,,,,,,,,,,,,1978-08-27 00:00:00,"日本のいくつかの地熱地域における熱水・温泉水のLi，Cs含有量とその地球化学的意味,地調月報,1986"
大分県,,,,,,,,,不明,温泉・鉱泉,,,,38.8,,,6.68,,,,,,,,,,,0.79,358,,,,,,,,,,,,,,,,,,,314,,,,,,,,,,,,,,,,,,,,,,,,,,,,,,,,,,,1980-01-30 00:00:00,"日本のいくつかの地熱地域における熱水・温泉水のLi，Cs含有量とその地球化学的意味,地調月報,1986"
大分県,,,,,,,,,不明,温泉・鉱泉,,,,35.7,,,6.28,,,,,,,,,,,0.7,313,,,,,,,,,,,,,,,,,,,268,,,,,,,,,,,,,,,,,,,,,,,,,,,,,,,,,,,1980-01-30 00:00:00,"日本のいくつかの地熱地域における熱水・温泉水のLi，Cs含有量とその地球化学的意味,地調月報,1986"
大分県,,,,,,,,,不明,温泉・鉱泉,,,,46.6,,,6.72,,,,,,,,,,,38.75,6300,,,,,,,,,,,,,,,,,,,11700,,,,,,,,,,,,,,,,,,,,,,,,,,,,,,,,,,,1980-01-30 00:00:00,"日本のいくつかの地熱地域における熱水・温泉水のLi，Cs含有量とその地球化学的意味,地調月報,1986"
大分県,,,,,,,,,不明,温泉・鉱泉,,,,7.4,,,5.38,,,,,,,,,,,0.05,8.25,,,,,,,,,,,,,,,,,,,4,,,,,,,,,,,,,,,,,,,,,,,,,,,,,,,,,,,1980-01-30 00:00:00,"日本のいくつかの地熱地域における熱水・温泉水のLi，Cs含有量とその地球化学的意味,地調月報,1986"
大分県,,,,,,,,,不明,温泉・鉱泉,,,,67,,,5.9,,,,,,,,,,,0.04,20.3,,,,,,,,,,,,,,,,,,,9,,,,,,,,,,,,,,,,,,,,,,,,,,,,,,,,,,,1980-02-02 00:00:00,"日本のいくつかの地熱地域における熱水・温泉水のLi，Cs含有量とその地球化学的意味,地調月報,1986"
大分県,,,,,,,,,不明,温泉・鉱泉,,,,54.6,,,6.2,,,,,,,,,,,0.02,24.1,,,,,,,,,,,,,,,,,,,15,,,,,,,,,,,,,,,,,,,,,,,,,,,,,,,,,,,1980-02-02 00:00:00,"日本のいくつかの地熱地域における熱水・温泉水のLi，Cs含有量とその地球化学的意味,地調月報,1986"
大分県,,,,,,,,,不明,温泉・鉱泉,,,,48.1,,,6.78,,,,,,,,,,,0.76,345,,,,,,,,,,,,,,,,,,,254,,,,,,,,,,,,,,,,,,,,,,,,,,,,,,,,,,,1980-02-02 00:00:00,"日本のいくつかの地熱地域における熱水・温泉水のLi，Cs含有量とその地球化学的意味,地調月報,1986"
大分県,,,,,,,,,不明,温泉・鉱泉,,,,13.5,,,4.62,,,,,,,,,,,0,12.1,,,,,,,,,,,,,,,,,,,28,,,,,,,,,,,,,,,,,,,,,,,,,,,,,,,,,,,1980-02-02 00:00:00,"日本のいくつかの地熱地域における熱水・温泉水のLi，Cs含有量とその地球化学的意味,地調月報,1986"
大分県,,131,1,52,33,15,10,,不明,温泉・鉱泉,,,,35.4,,,7.71,,,,,,,,,,,,105,9.4,,,,2.2,16.5,,,,,,,,,,,,,109,,,,,,,,,44.4,,,,,108,,,,,,,,,,,,,,,,,,,,,1981-02-24 00:00:00,"天ヶ瀬温泉の現況,大分県温泉調査研究会報告第36号,1985"
大分県,,131,1,53,33,15,10,,不明,温泉・鉱泉,,,,43.6,,,7.85,,,,,,,,,,,,127,14.6,,,,2.5,17.8,,,,,,,,,,,,,134,,,,,,,,,51.6,,,,,120,,,,,,,,,,,,,,,,,,,,,1981-02-24 00:00:00,"天ヶ瀬温泉の現況,大分県温泉調査研究会報告第36号,1985"
大分県,,131,1,54,33,15,10,,不明,温泉・鉱泉,,,,43.6,,,7.81,,,,,,,,,,,,127,10.5,,,,2.1,19.1,,,,,,,,,,,,,139,,,,,,,,,52.8,,,,,123,,,,,,,,,,,,,,,,,,,,,1981-02-24 00:00:00,"天ヶ瀬温泉の現況,大分県温泉調査研究会報告第36号,1985"
大分県,,131,1,54,33,15,6,,不明,温泉・鉱泉,,,,55.6,,,8.19,,,,,,,,,,,,197,17.1,,,,2.1,17.7,,,,,,,,,,,,,207,,,,,,,,,64.4,,,,,157,,,,,,,,,,,,,,,,,,,,,1981-02-25 00:00:00,"天ヶ瀬温泉の現況,大分県温泉調査研究会報告第36号,1985"
大分県,,131,1,55,33,15,10,,不明,温泉・鉱泉,,,,53.6,,,7.91,,,,,,,,,,,,152,15,,,,1.9,19.1,,,,,,,,,,,,,170,,,,,,,,,62,,,,,143,,,,,,,,,,,,,,,,,,,,,1981-02-24 00:00:00,"天ヶ瀬温泉の現況,大分県温泉調査研究会報告第36号,1985"
大分県,,131,1,55,33,15,6,,不明,温泉・鉱泉,,,,63.1,,,,,,,,,,,,,,,,,,,,,,,,,,,,,,,,,,,,,,,,,,,,,,,,,,,,,,,,,,,,,,,,,,,,,1981-02-25 00:00:00,"天ヶ瀬温泉の現況,大分県温泉調査研究会報告第36号,1985"
大分県,,131,1,56,33,15,6,,不明,温泉・鉱泉,,,,54.4,,,8.05,,,,,,,,,,,,188,17.1,,,,0.7,19.7,,,,,,,,,,,,,204,,,,,,,,,67.6,,,,,163,,,,,,,,,,,,,,,,,,,,,1981-02-25 00:00:00,"天ヶ瀬温泉の現況,大分県温泉調査研究会報告第36号,1985"
大分県,,131,1,59,33,15,12,,不明,温泉・鉱泉,,,,56,,,8.23,,,,,,,,,,,,221,18.4,,,,2.4,16,,,,,,,,,,,,,230,,,,,,,,,78,,,,,170,,,,,,,,,,,,,,,,,,,,,1981-02-24 00:00:00,"天ヶ瀬温泉の現況,大分県温泉調査研究会報告第36号,1985"
大分県,,131,2,2,33,15,8,,不明,温泉・鉱泉,,,,56.8,,,8.11,,,,,,,,,,,,206,18.1,,,,2,15.1,,,,,,,,,,,,,223,,,,,,,,,75.6,,,,,147,,,,,,,,,,,,,,,,,,,,,1981-02-25 00:00:00,"天ヶ瀬温泉の現況,大分県温泉調査研究会報告第36号,1985"
大分県,,131,2,3,33,15,8,,不明,温泉・鉱泉,,,,49.2,,,8.02,,,,,,,,,,,,151,14.4,,,,0.6,14.1,,,,,,,,,,,,,159,,,,,,,,,51.2,,,,,117,,,,,,,,,,,,,,,,,,,,,1981-02-25 00:00:00,"天ヶ瀬温泉の現況,大分県温泉調査研究会報告第36号,1985"
大分県,,131,2,5,33,15,7,,不明,温泉・鉱泉,,,,91,,,8.42,,,,,,,,,,,,282,23.1,,,,2,12.2,,,,,,,,,,,,,313,,,,,,,,,85.6,,,,,207,,,,,,,,,,,,,,,,,,,,,1981-02-25 00:00:00,"天ヶ瀬温泉の現況,大分県温泉調査研究会報告第36号,1985"
大分県,,131,2,6,33,15,9,,不明,温泉・鉱泉,,,,74.7,,,8.12,,,,,,,,,,,,266,22.6,,,,3.6,17.9,,,,,,,,,,,,,287,,,,,,,,,94.8,,,,,185,,,,,,,,,,,,,,,,,,,,,1981-02-25 00:00:00,"天ヶ瀬温泉の現況,大分県温泉調査研究会報告第36号,1985"
大分県,,131,2,6,33,15,5,,不明,温泉・鉱泉,,,,64.4,,,7.71,,,,,,,,,,,,210,17,,,,1.5,3.6,,,,,,,,,,,,,234,,,,,,,,,66.4,,,,,102,,,,,,,,,,,,,,,,,,,,,1981-02-25 00:00:00,"天ヶ瀬温泉の現況,大分県温泉調査研究会報告第36号,1985"
大分県,,131,2,9,33,15,11,,不明,温泉・鉱泉,,,,70.5,,,8.23,,,,,,,,,,,,238,19.2,,,,1.4,13.8,,,,,,,,,,,,,248,,,,,,,,,78.8,,,,,184,,,,,,,,,,,,,,,,,,,,,1981-02-25 00:00:00,"天ヶ瀬温泉の現況,大分県温泉調査研究会報告第36号,1985"
大分県,,131,2,11,33,15,12,,不明,温泉・鉱泉,,,,63.9,,,8.47,,,,,,,,,,,,252,20.1,,,,1.4,14.6,,,,,,,,,,,,,266,,,,,,,,,91.2,,,,,156,,,,,,,,,,,,,,,,,,,,,1981-02-25 00:00:00,"天ヶ瀬温泉の現況,大分県温泉調査研究会報告第36号,1985"
大分県,,131,2,13,33,15,13,,不明,温泉・鉱泉,,,,45.5,,,8.39,,,,,,,,,,,,186,14.8,,,,1,11,,,,,,,,,,,,,187,,,,,,,,,61.6,,,,,140,,,,,,,,,,,,,,,,,,,,,1981-02-25 00:00:00,"天ヶ瀬温泉の現況,大分県温泉調査研究会報告第36号,1985"
大分県,,131,2,17,33,14,45,,不明,温泉・鉱泉,,,,97.1,,,8.88,,,,,,,,,,,,420,32.9,,,,,,,,,,,,,,,,,,506,,,,,,,,,,,,,,194,,,,,,,,,,,,,,,,,,,,,1981-02-25 00:00:00,"天ヶ瀬温泉の現況,大分県温泉調査研究会報告第36号,1985"
大分県,,131,2,17,33,14,40,,不明,温泉・鉱泉,,,,98.7,,,9.09,,,,,,,,,,,,414,31.9,,,,0.9,0.6,,,,,,,,,,,,,495,,,,,,,,,96.5,,,,,175,,,,,,,,,,,,,,,,,,,,,1981-02-25 00:00:00,"天ヶ瀬温泉の現況,大分県温泉調査研究会報告第36号,1985"
大分県,,131,2,32,33,14,43,,井戸,温泉・鉱泉,,,,99,,,8.79,,,,,,,,,,,,441,34.6,,,,0.7,7,,,,,,,,,,,,,495,,,,,,,,,96.5,,,,,224,,,,,,,,,,,,,,,,,,,,,1981-02-25 00:00:00,"天ヶ瀬温泉の現況,大分県温泉調査研究会報告第36号,1985"
大分県,,131,3,14,33,15,30,,不明,温泉・鉱泉,,,,46.6,,,8.38,,,,,,,,,,,,202,26.4,,,,6.5,18.4,,,,,,,,,,,,,178,,,,,,,,,23.2,,,,,322,,,,,,,,,,,,,,,,,,,,,1981-02-25 00:00:00,"天ヶ瀬温泉の現況,大分県温泉調査研究会報告第36号,1985"
大分県,,131,3,14,33,15,30,,不明,温泉・鉱泉,,,,51.1,,,8.26,,,,,,,,,,,,198,23.4,,,,5.8,18.9,,,,,,,,,,,,,170,,,,,,,,,22,,,,,317,,,,,,,,,,,,,,,,,,,,,1981-02-25 00:00:00,"天ヶ瀬温泉の現況,大分県温泉調査研究会報告第36号,1985"
大分県,庄内町,131,25,54,33,11,23,,不明,温泉・鉱泉,,,,22,,,8.24,,,,,,,,,,,,32.5,3.7,,,,0.1,0.5,,,,,,,,,,,,,11.3,,,,,,,,,20.1,,,,,80.2,,,,,,,,,,,,,,,,,,,,,1981-12-09 00:00:00,"庄内町とその周辺温鉱泉の化学組成,大分県温泉調査研究会報告第37号,1986"
大分県,庄内町,131,26,38,33,11,35,,不明,温泉・鉱泉,,,,53.5,,,8.21,,,,,,,,,,,,1070,172,,,,3.6,99.6,,,,,,,,,,,,,521.8,,,,,,,,,2020,,,,,160,,,,,,,,,,,,,,,,,,,,,1981-12-09 00:00:00,"庄内町とその周辺温鉱泉の化学組成,大分県温泉調査研究会報告第37号,1986"
大分県,庄内町,131,26,38,33,11,35,,不明,温泉・鉱泉,,,,36,,,8.2,,,,,,,,,,,,780,175,,,,2.7,60.1,,,,,,,,,,,,,220.4,,,,,,,,,1570,,,,,219,,,,,,,,,,,,,,,,,,,,,1981-12-09 00:00:00,"庄内町とその周辺温鉱泉の化学組成,大分県温泉調査研究会報告第37号,1986"
大分県,庄内町,131,26,56,33,10,5,,不明,温泉・鉱泉,,,,41,,,7.89,,,,,,,,,,,,51,12.2,,,,0.4,1.5,,,,,,,,,,,,,22.6,,,,,,,,,31.1,,,,,99.6,,,,,,,,,,,,,,,,,,,,,1981-12-09 00:00:00,"庄内町とその周辺温鉱泉の化学組成,大分県温泉調査研究会報告第37号,1986"
大分県,庄内町,131,27,18,33,10,55,,不明,温泉・鉱泉,,,,50.5,,,8.08,,,,,,,,,,,,64,8.9,,,,0.2,1.2,,,,,,,,,,,,,22.6,,,,,,,,,20.3,,,,,95.8,,,,,,,,,,,,,,,,,,,,,1981-12-09 00:00:00,"庄内町とその周辺温鉱泉の化学組成,大分県温泉調査研究会報告第37号,1986"
大分県,庄内町,131,27,27,33,10,38,,不明,温泉・鉱泉,,,,,,,8.03,,,,,,,,,,,,93,20.6,,,,0.5,2.8,,,,,,,,,,,,,54,,,,,,,,,55.3,,,,,160,,,,,,,,,,,,,,,,,,,,,1981-12-09 00:00:00,"庄内町とその周辺温鉱泉の化学組成,大分県温泉調査研究会報告第37号,1986"
大分県,庄内町,131,27,32,33,11,15,,不明,温泉・鉱泉,,,,,,,8.02,,,,,,,,,,,,90,19.2,,,,0.4,2.2,,,,,,,,,,,,,65.7,,,,,,,,,78.8,,,,,130,,,,,,,,,,,,,,,,,,,,,1981-12-09 00:00:00,"庄内町とその周辺温鉱泉の化学組成,大分県温泉調査研究会報告第37号,1986"
大分県,庄内町,131,27,32,33,11,15,,不明,温泉・鉱泉,,,,49.3,,,8.32,,,,,,,,,,,,451,64.4,,,,1.6,28.9,,,,,,,,,,,,,127.1,,,,,,,,,797.5,,,,,137,,,,,,,,,,,,,,,,,,,,,1981-12-09 00:00:00,"庄内町とその周辺温鉱泉の化学組成,大分県温泉調査研究会報告第37号,1986"
大分県,庄内町,131,28,12,33,11,34,,不明,温泉・鉱泉,,,,41,,,8.4,,,,,,,,,,,,595,74,,,,0.7,23.4,,,,,,,,,,,,,231.1,,,,,,,,,2030,,,,,313,,,,,,,,,,,,,,,,,,,,,1981-12-09 00:00:00,"庄内町とその周辺温鉱泉の化学組成,大分県温泉調査研究会報告第37号,1986"
大分県,挾間町,131,28,58,33,11,22,,不明,温泉・鉱泉,,,,43.5,,,8.3,,,,,,,,,,,,411,49,,,,0.5,12.2,,,,,,,,,,,,,228.3,,,,,,,,,421,,,,,351,,,,,,,,,,,,,,,,,,,,,1981-12-09 00:00:00,"庄内町とその周辺温鉱泉の化学組成,大分県温泉調査研究会報告第37号,1986"
大分県,挾間町,131,30,24,33,12,3,,不明,温泉・鉱泉,,,,41,,,6.84,,,,,,,,,,,,4150,280,,,,411.4,482.9,,,,,,,,,,,,,7099,,,,,,,,,2.3,,,,,3800,,,,,,,,,,,,,,,,,,,,,1981-12-09 00:00:00,"庄内町とその周辺温鉱泉の化学組成,大分県温泉調査研究会報告第37号,1986"
大分県,挾間町,131,30,33,33,11,49,,不明,温泉・鉱泉,,,,43.8,,,6.89,,,,,,,,,,,,6080,424,,,,59.7,45.7,,,,,,,,,,,,,11000,,,,,,,,,2,,,,,3890,,,,,,,,,,,,,,,,,,,,,1981-12-09 00:00:00,"庄内町とその周辺温鉱泉の化学組成,大分県温泉調査研究会報告第37号,1986"
大分県,野津原町,131,30,47,33,8,2,,湧泉,温泉・鉱泉,,,,17,,,6.74,,,,,,,,,,,,3255,233,,,,33.7,274,,,,,,,,,,,,,4372,,,,,,,,,3.8,,,,,3400,,,,,,,,,,,,,,,,,,,,,1981-12-17 00:00:00,"庄内町とその周辺温鉱泉の化学組成,大分県温泉調査研究会報告第37号,1986"
大分県,野津原町,131,30,47,33,8,2,,湧泉,温泉・鉱泉,,,,8,,,6.82,,,,,,,,,,,,4550,315,,,,95.1,236,,,,,,,,,,,,,6287,,,,,,,,,3.3,,,,,4530,,,,,,,,,,,,,,,,,,,,,1981-12-17 00:00:00,"庄内町とその周辺温鉱泉の化学組成,大分県温泉調査研究会報告第37号,1986"
大分県,挾間町,131,31,28,33,11,42,,不明,温泉・鉱泉,,,,41.8,,,6.86,,,,,,,,,,,,2550,199,,,,234.1,172.5,,,,,,,,,,,,,3367,,,,,,,,,2,,,,,3100,,,,,,,,,,,,,,,,,,,,,1981-12-09 00:00:00,"庄内町とその周辺温鉱泉の化学組成,大分県温泉調査研究会報告第37号,1986"
大分県,挾間町,131,31,28,33,11,42,,不明,温泉・鉱泉,,,,31.5,,,7.12,,,,,,,,,,,,825,65,,,,47.6,20.7,,,,,,,,,,,,,571.3,,,,,,,,,2.3,,,,,1690,,,,,,,,,,,,,,,,,,,,,1981-12-09 00:00:00,"庄内町とその周辺温鉱泉の化学組成,大分県温泉調査研究会報告第37号,1986"
大分県,大分市,131,32,32,33,10,51,,不明,温泉・鉱泉,,,,30.5,,,7.26,,,,,,,,,,,,1800,149,,,,293,171,,,,,,,,,,,,,2977,,,,,,,,,2,,,,,2830,,,,,,,,,,,,,,,,,,,,,1981-12-17 00:00:00,"庄内町とその周辺温鉱泉の化学組成,大分県温泉調査研究会報告第37号,1986"
大分県,野津原町,131,33,4,33,7,37,,湧泉,温泉・鉱泉,,,,8,,,6.47,,,,,,,,,,,,208,15.4,,,,33.7,72.6,,,,,,,,,,,,,130.3,,,,,,,,,4.2,,,,,852,,,,,,,,,,,,,,,,,,,,,1981-12-17 00:00:00,"庄内町とその周辺温鉱泉の化学組成,大分県温泉調査研究会報告第37号,1986"
大分県,大分市,131,33,29,33,9,49,,湧泉,温泉・鉱泉,,,,15.2,,,6.45,,,,,,,,,,,,2500,69.5,,,,234.3,213,,,,,,,,,,,,,3367,,,,,,,,,2.3,,,,,2690,,,,,,,,,,,,,,,,,,,,,1981-12-17 00:00:00,"庄内町とその周辺温鉱泉の化学組成,大分県温泉調査研究会報告第37号,1986"
大分県,大分市,131,33,45,33,11,31,,不明,温泉・鉱泉,,,,31.6,,,7,,,,,,,,,,,,180,32.8,,,,22.5,15,,,,,,,,,,,,,38.5,,,,,,,,,4.7,,,,,641,,,,,,,,,,,,,,,,,,,,,1981-12-17 00:00:00,"庄内町とその周辺温鉱泉の化学組成,大分県温泉調査研究会報告第37号,1986"
大分県,大分市,131,34,11,33,10,43,,不明,温泉・鉱泉,,,,14.8,,,7.32,,,,,,,,,,,,353,19.6,,,,28,23.4,,,,,,,,,,,,,142.7,,,,,,,,,3.4,,,,,1070,,,,,,,,,,,,,,,,,,,,,1981-12-17 00:00:00,"庄内町とその周辺温鉱泉の化学組成,大分県温泉調査研究会報告第37号,1986"
大分県,大分市,131,34,35,33,11,21,,不明,温泉・鉱泉,,,,48.6,,,7.98,,,,,,,,,,,,1570,58.1,,,,55.8,21.4,,,,,,,,,,,,,1354,,,,,,,,,3.4,,,,,2580,,,,,,,,,,,,,,,,,,,,,1981-12-17 00:00:00,"庄内町とその周辺温鉱泉の化学組成,大分県温泉調査研究会報告第37号,1986"
大分県,,131,31,57,33,11,29,,不明,温泉・鉱泉,,,18,40.3,,,6.81,,,,,,,,,,,,1360,94.6,,,,176,140.7,,,,,,,,,,,,,2080,,,,,,,,,,,,,,1790,,,,,,,,,,,,,,,,,,,,,1992-11-07 00:00:00,"大分市街地の温泉開発の経過と現況,大分県温泉調査研究会報告第48号,1997"
大分県,,131,32,55,33,12,4,,不明,温泉・鉱泉,,,18.2,41.1,,,6.71,,,,,,,,,,,,4560,313.4,,,,606.4,442,,,,,,,,,,,,,8200,,,,,,,,,,,,,,3740,,,,,,,,,,,,,,,,,,,,,1992-11-07 00:00:00,"大分市街地の温泉開発の経過と現況,大分県温泉調査研究会報告第48号,1997"
大分県,,131,33,59,33,11,24,,不明,温泉・鉱泉,,,,41.2,,,7.61,,,,,,,,,,,,1480,116.1,,,,30.3,86.3,,,,,,,,,,,,,1910,,,,,,,,,,,,,,1580,,,,,,,,,,,,,,,,,,,,,1992-12-05 00:00:00,"大分市街地の温泉開発の経過と現況,大分県温泉調査研究会報告第48号,1997"
大分県,,131,34,31,33,12,27,,不明,温泉・鉱泉,,,11.2,18,,,7.42,,,,,,,,,,,,94.5,18.3,,,,12.2,16.1,,,,,,,,,,,,,68.6,,,,,,,,,,,,,,298,,,,,,,,,,,,,,,,,,,,,1992-11-17 00:00:00,"大分市街地の温泉開発の経過と現況,大分県温泉調査研究会報告第48号,1997"
大分県,,131,34,31,33,11,2,,不明,温泉・鉱泉,,,18.8,37.4,,,6.79,,,,,,,,,,,,1085,42.6,,,,118.6,85.4,,,,,,,,,,,,,1220,,,,,,,,,,,,,,1910,,,,,,,,,,,,,,,,,,,,,1992-11-07 00:00:00,"大分市街地の温泉開発の経過と現況,大分県温泉調査研究会報告第48号,1997"
大分県,,131,34,43,33,14,24,,不明,温泉・鉱泉,,,14.9,43,,,8.36,,,,,,,,,,,,136,15.1,,,,0,1.3,,,,,,,,,,,,,6.6,,,,,,,,,,,,,,397,,,,,,,,,,,,,,,,,,,,,1992-12-02 00:00:00,"大分市街地の温泉開発の経過と現況,大分県温泉調査研究会報告第48号,1997"
大分県,,131,35,3,33,14,17,,不明,温泉・鉱泉,,,18.2,40.9,,,8.3,,,,,,,,,,,,246,53.7,,,,0.2,4.1,,,,,,,,,,,,,14.6,,,,,,,,,,,,,,714,,,,,,,,,,,,,,,,,,,,,1992-11-07 00:00:00,"大分市街地の温泉開発の経過と現況,大分県温泉調査研究会報告第48号,1997"
大分県,,131,35,9,33,14,31,,不明,温泉・鉱泉,,,19.2,48.7,,,8.21,,,,,,,,,,,,270,51.8,,,,0.3,4.2,,,,,,,,,,,,,36.5,,,,,,,,,,,,,,796,,,,,,,,,,,,,,,,,,,,,1992-12-02 00:00:00,"大分市街地の温泉開発の経過と現況,大分県温泉調査研究会報告第48号,1997"
大分県,,131,35,29,33,14,10,,不明,温泉・鉱泉,,,12.1,51.5,,,8.16,,,,,,,,,,,,471,104.5,,,,1,10.9,,,,,,,,,,,,,232,,,,,,,,,,,,,,1140,,,,,,,,,,,,,,,,,,,,,1992-12-05 00:00:00,"大分市街地の温泉開発の経過と現況,大分県温泉調査研究会報告第48号,1997"
大分県,,131,35,29,33,12,8,,不明,温泉・鉱泉,,,,43.3,,,7.03,,,,,,,,,,,,2260,317.2,,,,444,221,,,,,,,,,,,,,4470,,,,,,,,,,,,,,2550,,,,,,,,,,,,,,,,,,,,,1992-10-30 00:00:00,"大分市街地の温泉開発の経過と現況,大分県温泉調査研究会報告第48号,1997"
大分県,,131,35,41,33,14,13,,不明,温泉・鉱泉,,,15.7,37.2,,,8.18,,,,,,,,,,,,242,42.8,,,,0.3,4.9,,,,,,,,,,,,,56.3,,,,,,,,,,,,,,686,,,,,,,,,,,,,,,,,,,,,1992-12-05 00:00:00,"大分市街地の温泉開発の経過と現況,大分県温泉調査研究会報告第48号,1997"
大分県,,131,36,0,33,14,26,,不明,温泉・鉱泉,,,13.7,49.1,,,8.35,,,,,,,,,,,,252,33.9,,,,0.1,3.3,,,,,,,,,,,,,39.6,,,,,,,,,,,,,,714,,,,,,,,,,,,,,,,,,,,,1992-12-02 00:00:00,"大分市街地の温泉開発の経過と現況,大分県温泉調査研究会報告第48号,1997"
大分県,,131,36,2,33,13,58,,不明,温泉・鉱泉,,,12.7,45,,,8.04,,,,,,,,,,,,259,61.2,,,,0.4,6.2,,,,,,,,,,,,,54.1,,,,,,,,,,,,,,753,,,,,,,,,,,,,,,,,,,,,1992-11-17 00:00:00,"大分市街地の温泉開発の経過と現況,大分県温泉調査研究会報告第48号,1997"
大分県,,131,36,2,33,13,37,,不明,温泉・鉱泉,,,12,39.6,,,8.38,,,,,,,,,,,,227,41.2,,,,0.1,4.7,,,,,,,,,,,,,13.6,,,,,,,,,,,,,,708,,,,,,,,,,,,,,,,,,,,,1992-11-17 00:00:00,"大分市街地の温泉開発の経過と現況,大分県温泉調査研究会報告第48号,1997"
大分県,,131,36,6,33,13,51,,不明,温泉・鉱泉,,,16.5,40,,,8.25,,,,,,,,,,,,355,77.5,,,,0.3,6.9,,,,,,,,,,,,,127,,,,,,,,,,,,,,969,,,,,,,,,,,,,,,,,,,,,1992-12-05 00:00:00,"大分市街地の温泉開発の経過と現況,大分県温泉調査研究会報告第48号,1997"
大分県,,131,36,7,33,14,11,,不明,温泉・鉱泉,,,23.1,52.7,,,8.41,,,,,,,,,,,,259,57.6,,,,0.3,5.8,,,,,,,,,,,,,31.5,,,,,,,,,,,,,,780,,,,,,,,,,,,,,,,,,,,,1992-11-07 00:00:00,"大分市街地の温泉開発の経過と現況,大分県温泉調査研究会報告第48号,1997"
大分県,,131,36,12,33,14,8,,不明,温泉・鉱泉,,,13.5,37.4,,,8.19,,,,,,,,,,,,236,41.5,,,,0.1,4.9,,,,,,,,,,,,,15.6,,,,,,,,,,,,,,733,,,,,,,,,,,,,,,,,,,,,1992-11-17 00:00:00,"大分市街地の温泉開発の経過と現況,大分県温泉調査研究会報告第48号,1997"
大分県,,131,36,20,33,14,2,,不明,温泉・鉱泉,,,16.3,35.5,,,8.35,,,,,,,,,,,,193,19.8,,,,0.1,2.9,,,,,,,,,,,,,8.6,,,,,,,,,,,,,,559,,,,,,,,,,,,,,,,,,,,,1992-12-05 00:00:00,"大分市街地の温泉開発の経過と現況,大分県温泉調査研究会報告第48号,1997"
大分県,,131,36,19,33,12,32,,不明,温泉・鉱泉,,,25.7,39.9,,,8.13,,,,,,,,,,,,597,66.8,,,,1.4,17.7,,,,,,,,,,,,,659,,,,,,,,,,,,,,762,,,,,,,,,,,,,,,,,,,,,1992-11-08 00:00:00,"大分市街地の温泉開発の経過と現況,大分県温泉調査研究会報告第48号,1997"
大分県,,131,36,25,33,13,45,,不明,温泉・鉱泉,,,,45.4,,,8.29,,,,,,,,,,,,315,73.1,,,,0.3,6.6,,,,,,,,,,,,,69.9,,,,,,,,,,,,,,882,,,,,,,,,,,,,,,,,,,,,1992-11-10 00:00:00,"大分市街地の温泉開発の経過と現況,大分県温泉調査研究会報告第48号,1997"
大分県,,131,36,27,33,13,19,,不明,温泉・鉱泉,,,19.7,47.8,,,8.43,,,,,,,,,,,,320,41.4,,,,0.4,4.9,,,,,,,,,,,,,197,,,,,,,,,,,,,,643,,,,,,,,,,,,,,,,,,,,,1992-11-10 00:00:00,"大分市街地の温泉開発の経過と現況,大分県温泉調査研究会報告第48号,1997"
大分県,,131,36,37,33,13,56,,不明,温泉・鉱泉,,,23.6,36.9,,,8.57,,,,,,,,,,,,203,28.8,,,,0.3,3.6,,,,,,,,,,,,,14.7,,,,,,,,,,,,,,578,,,,,,,,,,,,,,,,,,,,,1992-11-10 00:00:00,"大分市街地の温泉開発の経過と現況,大分県温泉調査研究会報告第48号,1997"
大分県,,131,36,40,33,14,53,,不明,温泉・鉱泉,,,19.8,32.8,,,7.76,,,,,,,,,,,,4050,381.9,,,,70.9,624.1,,,,,,,,,,,,,7940,,,,,,,,,,,,,,250,,,,,,,,,,,,,,,,,,,,,1992-11-10 00:00:00,"大分市街地の温泉開発の経過と現況,大分県温泉調査研究会報告第48号,1997"
大分県,,131,36,40,33,13,43,,不明,温泉・鉱泉,,,21.5,45,,,8.2,,,,,,,,,,,,388,79.2,,,,0.4,7.7,,,,,,,,,,,,,145,,,,,,,,,,,,,,994,,,,,,,,,,,,,,,,,,,,,1992-11-10 00:00:00,"大分市街地の温泉開発の経過と現況,大分県温泉調査研究会報告第48号,1997"
大分県,,131,36,49,33,13,51,,不明,温泉・鉱泉,,,,55,,,8.42,,,,,,,,,,,,537,68.2,,,,0.3,9,,,,,,,,,,,,,476,,,,,,,,,,,,,,831,,,,,,,,,,,,,,,,,,,,,1992-12-05 00:00:00,"大分市街地の温泉開発の経過と現況,大分県温泉調査研究会報告第48号,1997"
大分県,,131,36,49,33,12,33,,不明,温泉・鉱泉,,,,46.5,,,8.37,,,,,,,,,,,,708,29.3,,,,2.8,21.3,,,,,,,,,,,,,873,,,,,,,,,,,,,,679,,,,,,,,,,,,,,,,,,,,,1992-11-05 00:00:00,"大分市街地の温泉開発の経過と現況,大分県温泉調査研究会報告第48号,1997"
大分県,,131,36,52,33,13,40,,不明,温泉・鉱泉,,,25.6,27.2,,,7.13,,,,,,,,,,,,19.2,2.9,,,,6.1,15.2,,,,,,,,,,,,,18.1,,,,,,,,,,,,,,104,,,,,,,,,,,,,,,,,,,,,1992-11-17 00:00:00,"大分市街地の温泉開発の経過と現況,大分県温泉調査研究会報告第48号,1997"
大分県,,131,36,53,33,12,44,,不明,温泉・鉱泉,,,,47.3,,,8.12,,,,,,,,,,,,585,31.1,,,,0.8,13.4,,,,,,,,,,,,,556,,,,,,,,,,,,,,764,,,,,,,,,,,,,,,,,,,,,1992-11-12 00:00:00,"大分市街地の温泉開発の経過と現況,大分県温泉調査研究会報告第48号,1997"
大分県,,131,37,0,33,12,9,,不明,温泉・鉱泉,,,,32.4,,,8.31,,,,,,,,,,,,388,24.5,,,,1.1,5.4,,,,,,,,,,,,,78.1,,,,,,,,,,,,,,999,,,,,,,,,,,,,,,,,,,,,1992-11-10 00:00:00,"大分市街地の温泉開発の経過と現況,大分県温泉調査研究会報告第48号,1997"
大分県,,131,37,0,33,12,2,,不明,温泉・鉱泉,,,13.9,44.1,,,8.15,,,,,,,,,,,,1760,136.5,,,,6.1,32.2,,,,,,,,,,,,,2610,,,,,,,,,,,,,,889,,,,,,,,,,,,,,,,,,,,,1992-11-17 00:00:00,"大分市街地の温泉開発の経過と現況,大分県温泉調査研究会報告第48号,1997"
大分県,,131,37,9,33,13,37,,不明,温泉・鉱泉,,,,47,,,8.28,,,,,,,,,,,,597,71.5,,,,0.1,12.8,,,,,,,,,,,,,669,,,,,,,,,,,,,,732,,,,,,,,,,,,,,,,,,,,,1992-11-10 00:00:00,"大分市街地の温泉開発の経過と現況,大分県温泉調査研究会報告第48号,1997"
大分県,,131,37,10,33,13,49,,不明,温泉・鉱泉,,,,50.2,,,8.31,,,,,,,,,,,,779,79.6,,,,0.4,17.4,,,,,,,,,,,,,1120,,,,,,,,,,,,,,504,,,,,,,,,,,,,,,,,,,,,1992-11-12 00:00:00,"大分市街地の温泉開発の経過と現況,大分県温泉調査研究会報告第48号,1997"
大分県,,131,37,10,33,13,28,,不明,温泉・鉱泉,,,19.2,43.4,,,8.25,,,,,,,,,,,,327,50.3,,,,0.2,5.2,,,,,,,,,,,,,92.6,,,,,,,,,,,,,,862,,,,,,,,,,,,,,,,,,,,,1992-11-10 00:00:00,"大分市街地の温泉開発の経過と現況,大分県温泉調査研究会報告第48号,1997"
大分県,,131,37,11,33,13,11,,不明,温泉・鉱泉,,,19.2,33.8,,,6.73,,,,,,,,,,,,339,86.4,,,,30.8,57.7,,,,,,,,,,,,,271,,,,,,,,,,,,,,993,,,,,,,,,,,,,,,,,,,,,1992-11-10 00:00:00,"大分市街地の温泉開発の経過と現況,大分県温泉調査研究会報告第48号,1997"
大分県,,131,37,17,33,13,16,,不明,温泉・鉱泉,,,,37.1,,,8.23,,,,,,,,,,,,297,45.8,,,,0.2,4.7,,,,,,,,,,,,,78.4,,,,,,,,,,,,,,774,,,,,,,,,,,,,,,,,,,,,1992-11-12 00:00:00,"大分市街地の温泉開発の経過と現況,大分県温泉調査研究会報告第48号,1997"
大分県,,131,37,20,33,13,40,,不明,温泉・鉱泉,,,19.2,49,,,8.28,,,,,,,,,,,,685,85.8,,,,0.3,15.5,,,,,,,,,,,,,921,,,,,,,,,,,,,,585,,,,,,,,,,,,,,,,,,,,,1992-11-10 00:00:00,"大分市街地の温泉開発の経過と現況,大分県温泉調査研究会報告第48号,1997"
大分県,,131,37,23,33,13,47,,不明,温泉・鉱泉,,,23.3,50.8,,,8.35,,,,,,,,,,,,696,79.8,,,,0.1,13.8,,,,,,,,,,,,,958,,,,,,,,,,,,,,494,,,,,,,,,,,,,,,,,,,,,1992-11-10 00:00:00,"大分市街地の温泉開発の経過と現況,大分県温泉調査研究会報告第48号,1997"
大分県,,131,37,29,33,13,39,,不明,温泉・鉱泉,,,15.7,52.8,,,8.27,,,,,,,,,,,,705,82.7,,,,0.4,16,,,,,,,,,,,,,963,,,,,,,,,,,,,,535,,,,,,,,,,,,,,,,,,,,,1992-11-10 00:00:00,"大分市街地の温泉開発の経過と現況,大分県温泉調査研究会報告第48号,1997"
大分県,,131,37,35,33,13,13,,不明,温泉・鉱泉,,,13.8,39.5,,,8.38,,,,,,,,,,,,77.1,10.7,,,,0.3,1.5,,,,,,,,,,,,,22.7,,,,,,,,,,,,,,198,,,,,,,,,,,,,,,,,,,,,1992-12-02 00:00:00,"大分市街地の温泉開発の経過と現況,大分県温泉調査研究会報告第48号,1997"
大分県,,131,37,41,33,14,0,,不明,温泉・鉱泉,,,18.3,41.2,,,8.43,,,,,,,,,,,,762,93.3,,,,0.1,16.1,,,,,,,,,,,,,1060,,,,,,,,,,,,,,586,,,,,,,,,,,,,,,,,,,,,1992-11-06 00:00:00,"大分市街地の温泉開発の経過と現況,大分県温泉調査研究会報告第48号,1997"
大分県,,131,37,45,33,13,17,,不明,温泉・鉱泉,,,19.2,44.6,,,7.92,,,,,,,,,,,,320,40.3,,,,4.1,30.4,,,,,,,,,,,,,563,,,,,,,,,,,,,,136,,,,,,,,,,,,,,,,,,,,,1992-11-06 00:00:00,"大分市街地の温泉開発の経過と現況,大分県温泉調査研究会報告第48号,1997"
大分県,,131,37,51,33,13,32,,不明,温泉・鉱泉,,,,41.5,,,8.44,,,,,,,,,,,,151,15.9,,,,0,1.5,,,,,,,,,,,,,50.5,,,,,,,,,,,,,,357,,,,,,,,,,,,,,,,,,,,,1992-11-06 00:00:00,"大分市街地の温泉開発の経過と現況,大分県温泉調査研究会報告第48号,1997"
大分県,,131,38,4,33,13,53,,不明,温泉・鉱泉,,,,51.7,,,8.48,,,,,,,,,,,,411,38.7,,,,0.1,8.2,,,,,,,,,,,,,549,,,,,,,,,,,,,,273,,,,,,,,,,,,,,,,,,,,,1992-11-12 00:00:00,"大分市街地の温泉開発の経過と現況,大分県温泉調査研究会報告第48号,1997"
大分県,,131,38,7,33,14,46,,不明,温泉・鉱泉,,,17.7,46.6,,,7.76,,,,,,,,,,,,849,79.4,,,,1.5,17.7,,,,,,,,,,,,,1380,,,,,,,,,,,,,,298,,,,,,,,,,,,,,,,,,,,,1992-11-05 00:00:00,"大分市街地の温泉開発の経過と現況,大分県温泉調査研究会報告第48号,1997"
大分県,,131,38,18,33,14,5,,不明,温泉・鉱泉,,,,51,,,7.74,,,,,,,,,,,,1960,131.4,,,,1.3,123.9,,,,,,,,,,,,,3290,,,,,,,,,,,,,,143,,,,,,,,,,,,,,,,,,,,,1992-11-06 00:00:00,"大分市街地の温泉開発の経過と現況,大分県温泉調査研究会報告第48号,1997"
大分県,,131,38,35,33,14,28,,不明,温泉・鉱泉,,,17.5,44.6,,,8.02,,,,,,,,,,,,1440,129.3,,,,4,112.7,,,,,,,,,,,,,2500,,,,,,,,,,,,,,231,,,,,,,,,,,,,,,,,,,,,1992-11-06 00:00:00,"大分市街地の温泉開発の経過と現況,大分県温泉調査研究会報告第48号,1997"
大分県,,131,40,15,33,14,28,,不明,温泉・鉱泉,,,,45.1,,,7.73,,,,,,,,,,,,1970,288.5,,,,115.7,451.2,,,,,,,,,,,,,4360,,,,,,,,,,,,,,210,,,,,,,,,,,,,,,,,,,,,1992-11-05 00:00:00,"大分市街地の温泉開発の経過と現況,大分県温泉調査研究会報告第48号,1997"
大分県,,131,40,41,33,12,57,,不明,温泉・鉱泉,,,,45.5,,,8.51,,,,,,,,,,,,483,25.3,,,,0.2,5,,,,,,,,,,,,,578,,,,,,,,,,,,,,381,,,,,,,,,,,,,,,,,,,,,1992-11-05 00:00:00,"大分市街地の温泉開発の経過と現況,大分県温泉調査研究会報告第48号,1997"
大分県,,131,40,56,33,13,40,,不明,温泉・鉱泉,,,17.6,45.7,,,7.6,,,,,,,,,,,,2010,179.3,,,,290,568.8,,,,,,,,,,,,,5110,,,,,,,,,,,,,,301,,,,,,,,,,,,,,,,,,,,,1992-11-05 00:00:00,"大分市街地の温泉開発の経過と現況,大分県温泉調査研究会報告第48号,1997"
大分県,,131,41,4,33,11,43,,不明,温泉・鉱泉,,,,33.8,,,8.04,,,,,,,,,,,,68.1,10.1,,,,9.2,11.2,,,,,,,,,,,,,7.2,,,,,,,,,,,,,,282,,,,,,,,,,,,,,,,,,,,,1992-11-05 00:00:00,"大分市街地の温泉開発の経過と現況,大分県温泉調査研究会報告第48号,1997"
大分県,,131,27,50,33,34,25,,不明,温泉・鉱泉,,,,31.9,,,6.71,,,,,,,,,,,,244,39,,,,41.7,54.6,,,,,,,,,,,,,380,,,,,,,,,1.2,,,,,493,,,,,,,,,127,,,,,,,,,,,,1977-11-27 00:00:00,"国東半島の温鉱泉の化学組成,大分県温泉調査研究会報告第33号,1982"
大分県,,131,28,23,33,32,56,,不明,温泉・鉱泉,,,,12,,,6.03,,,,,,,,,,,,155,16,,,,83.5,103,,,,,,,,,,,,,135,,,,,,,,,4.5,,,,,981,,,,,,,,,117,,,,,,,,,,,,1977-11-27 00:00:00,"国東半島の温鉱泉の化学組成,大分県温泉調査研究会報告第33号,1982"
大分県,山香町,131,29,46,33,28,14,,不明,温泉・鉱泉,,,,13.3,,,5.83,,,,,,,,,,,,33,5.4,,,,12,99.5,,,,,,,,,,,,,17,,,,,,,,,256,,,,,59.1,,,,,,,,,56.3,,,,,,,,,,,,1977-11-27 00:00:00,"国東半島の温鉱泉の化学組成,大分県温泉調査研究会報告第33号,1982"
大分県,,131,30,8,33,32,26,,不明,温泉・鉱泉,,,,10.9,,,5.99,,,,,,,,,,,,41,8.5,,,,36.2,49.6,,,,,,,,,,,,,24.8,,,,,,,,,2.6,,,,,411,,,,,,,,,62,,,,,,,,,,,,1977-11-27 00:00:00,"国東半島の温鉱泉の化学組成,大分県温泉調査研究会報告第33号,1982"
大分県,,131,30,38,33,35,16,,不明,温泉・鉱泉,,,,41,,,6.66,,,,,,,,,,,,342,30,,,,32.4,48.4,,,,,,,,,,,,,224,,,,,,,,,52,,,,,833,,,,,,,,,157,,,,,,,,,,,,1977-11-27 00:00:00,"国東半島の温鉱泉の化学組成,大分県温泉調査研究会報告第33号,1982"
大分県,,131,33,11,33,35,22,,不明,温泉・鉱泉,,,,37.1,,,7.24,,,,,,,,,,,,257,23.6,,,,28.6,46.9,,,,,,,,,,,,,121,,,,,,,,,43,,,,,725,,,,,,,,,107,,,,,,,,,,,,1977-08-06 00:00:00,"国東半島の温鉱泉の化学組成,大分県温泉調査研究会報告第33号,1982"
大分県,,131,35,22,33,36,9,,不明,温泉・鉱泉,,,,33.8,,,7.41,,,,,,,,,,,,460,1.4,,,,5.2,313,,,,,,,,,,,,,17.4,,,,,,,,,720,,,,,75.6,,,,,,,,,47,,,,,,,,,,,,1977-11-27 00:00:00,"国東半島の温鉱泉の化学組成,大分県温泉調査研究会報告第33号,1982"
大分県,,131,36,36,33,40,27,,不明,温泉・鉱泉,,,,21.2,,,7.01,,,,,,,,,,,,8200,370,,,,1440,300,,,,,,,,,,,,,16100,,,,,,,,,1660,,,,,378,,,,,,,,,33.8,,,,,,,,,,,,1977-11-27 00:00:00,"国東半島の温鉱泉の化学組成,大分県温泉調査研究会報告第33号,1982"
大分県,,131,41,6,33,43,53,,不明,温泉・鉱泉,,,,26.7,,,6.15,,,,,,,,,,,,114,12,,,,248,299,,,,,,,,,,,,,175,,,,,,,,,187,,,,,1860,,,,,,,,,105,,,,,,,,,,,,1977-07-28 00:00:00,"国東半島の温鉱泉の化学組成,大分県温泉調査研究会報告第33号,1982"
大分県,玖珠郡九重町大字野上,131,15,18,33,14,15,547,井戸,温泉・鉱泉,140,,24.1,34.2,160,,9.2,8.94,,,,170,,,,,,0.04,45,0.48,0,0.04,0,0.07,0.13,,,0.58,0,,,0.11,0,0,0,,0.27,2.64,0,0,,,,,,,11,,,,,121,,,,,,,,,47.1,,,,0,44.3,,0.03,0.0003,,0,,1983-09-20 00:00:00,"平成元年度 全国地熱資源総合調査 広域熱水流動調査（第3次）鶴見岳地域 流体地化学調査報告書(要旨),1990"
大分県,大分郡湯布院町大字湯平,131,18,11,33,11,38,763,井戸,温泉・鉱泉,650,,27.7,61.1,,,9.1,8.92,,,,234,,,,,,0.01,44.6,1.06,0.01,0.04,0,0.01,0.67,,,0.15,0,,,0.01,0,0,0,,0.16,1.76,0,0,,,,,,,10.5,,,,,115,,,,,,,,,110,,,,0,79,,0,0.0007,,0,,1983-09-20 00:00:00,"平成元年度 全国地熱資源総合調査 広域熱水流動調査（第3次）鶴見岳地域 流体地化学調査報告書(要旨),1990"
大分県,大分郡湯布院町湯平字花合野,131,19,39,33,11,14,548,井戸,温泉・鉱泉,,,24.6,76.8,,,7.8,8.86,,,,1500,,,,,,1.82,519,12,0.05,0.19,0,0.84,32.5,,,0.36,0.02,,,0.25,0,0.22,0.04,,1.55,479,0.92,0,,,,,,,93.4,,,,,553,,,,,,,,,84.9,,,,0.01,398,,0.13,0.0006,,4.29,,1983-09-20 00:00:00,"平成元年度 全国地熱資源総合調査 広域熱水流動調査（第3次）鶴見岳地域 流体地化学調査報告書(要旨),1990"
大分県,大分郡湯布院町大字川南字中の切,131,20,56,33,14,47,479,井戸,温泉・鉱泉,148,,22.1,48,,,8.2,8.65,,,,626,,,,,,0.64,150,12.6,0.06,0.11,0,0.52,18.9,,,0.23,0.21,,,0.02,0,0.11,0.05,,0.29,118,0.28,0,,,,,,,45.2,,,,,275,,,,,,,,,1.33,,,,0,198,,0.12,0.0013,,1.3,,1983-09-20 00:00:00,"平成元年度 全国地熱資源総合調査 広域熱水流動調査（第3次）鶴見岳地域 流体地化学調査報告書(要旨),1990"
大分県,大分郡湯布院町大字川北,131,20,54,33,15,5,449,井戸,温泉・鉱泉,80,,22.3,62,,,8.7,8.7,,,,391,,,,,,0.13,78.8,9.18,0.03,0,0,7.54,12.2,,,0.28,0.01,,,0.02,0,0.04,0.05,,0.24,60.6,0.16,0,,,,,,,24.5,,,,,176,,,,,,,,,111,,,,0,146,,0.06,0.0003,,0.6,,1983-09-20 00:00:00,"平成元年度 全国地熱資源総合調査 広域熱水流動調査（第3次）鶴見岳地域 流体地化学調査報告書(要旨),1990"
大分県,大分郡湯布院町大字川南字石松,131,21,33,33,15,0,495,井戸,温泉・鉱泉,60,,22.5,94.4,,,8,8.74,,,,786,,,,,,1.43,212,24.2,0.07,0.14,0,0.47,13.9,,,0.15,0.04,,,0.02,0,0,0,,1.4,164,0.44,0,,,,,,,57.4,,,,,290,,,,,,,,,175,,,,0,220,,0.16,0.0003,,1.7,,1983-09-20 00:00:00,"平成元年度 全国地熱資源総合調査 広域熱水流動調査（第3次）鶴見岳地域 流体地化学調査報告書(要旨),1990"
大分県,大分郡湯布院町大字川南字東石松,131,21,29,33,15,10,455,井戸,温泉・鉱泉,,,28,96.2,,,9.3,6.7,,,,860,,,,,,0.5,211,16.7,0.08,0.04,0,2.89,23.9,,,0.28,0.29,,,0.03,0,0,0.02,,0.64,181,0.53,0.15,,,,,,,65.4,,,,,631,,,,,,,,,105,,,,0.03,226,,0.12,0.0005,,1.67,,1983-09-20 00:00:00,"平成元年度 全国地熱資源総合調査 広域熱水流動調査（第3次）鶴見岳地域 流体地化学調査報告書(要旨),1990"
大分県,大分郡湯布院町大字川南字田中市,131,22,38,33,15,16,454,井戸,温泉・鉱泉,300,,22.5,94.2,,,8.9,9.31,,,,1210,,,,,,1.04,312,22,0.12,0.34,0,0.02,1.86,,,0.06,0,,,0,0,0.01,0.02,,1.93,308,0.81,1.1,,,,,,,97.7,,,,,272,,,,,,,,,291,,,,0,178,,0.32,0.0002,,3.28,,1983-09-20 00:00:00,"平成元年度 全国地熱資源総合調査 広域熱水流動調査（第3次）鶴見岳地域 流体地化学調査報告書(要旨),1990"
大分県,大分郡湯布院町大字川南,131,21,26,33,15,25,453,不明,温泉・鉱泉,,,22.2,48.5,,,7.8,8.7,,,,540,,,,,,0.16,116,20.7,0.08,0.08,0.66,4.23,9.83,,,0.11,0.29,,,0.1,0,0,0.04,,0.38,86,0.22,0,,,,,,,38.3,,,,,212,,,,,,,,,149,,,,0,188,,0.02,0.0001,,0.86,,1983-09-22 00:00:00,"平成元年度 全国地熱資源総合調査 広域熱水流動調査（第3次）鶴見岳地域 流体地化学調査報告書(要旨),1990"
大分県,大分郡湯布院町大字川上,131,21,20,33,15,40,455,不明,温泉・鉱泉,,,22.3,44.5,,,7.9,8.65,,,,595,,,,,,0.12,117,25.5,0.08,0.01,0,2.58,7.57,,,0.11,0.08,,,0,0,0,0.03,,0.22,85.5,0.22,0,,,,,,,43.4,,,,,203,,,,,,,,,206,,,,0,175,,0.07,0.0003,,0.89,,1983-09-22 00:00:00,"平成元年度 全国地熱資源総合調査 広域熱水流動調査（第3次）鶴見岳地域 流体地化学調査報告書(要旨),1990"
大分県,大分郡湯布院町大字川上,131,21,39,33,15,45,461,不明,温泉・鉱泉,,,22.4,55.7,,,8.1,8.84,,,,626,,,,,,0.29,153,13.2,0.07,0.09,0,3.2,16.2,,,0.19,0.15,,,0.17,0,0,0.03,,0.14,113,0.3,0,,,,,,,70.6,,,,,232,,,,,,,,,133,,,,0,175,,0.12,0.0007,,0.88,,1983-09-22 00:00:00,"平成元年度 全国地熱資源総合調査 広域熱水流動調査（第3次）鶴見岳地域 流体地化学調査報告書(要旨),1990"
大分県,大分郡湯布院町大字川上湯の坪,131,21,56,33,15,50,463,不明,温泉・鉱泉,,,22.4,62,,,8.1,8.72,,,,840,,,,,,0.33,206,27.6,0.14,0.04,0,3.23,14.7,,,0.16,0.21,,,0.28,0,0,0.04,,0.2,148,0.4,0.02,,,,,,,77.3,,,,,312,,,,,,,,,198,,,,0,240,,0.13,0.0003,,1.46,,1983-09-22 00:00:00,"平成元年度 全国地熱資源総合調査 広域熱水流動調査（第3次）鶴見岳地域 流体地化学調査報告書(要旨),1990"
大分県,大分郡湯布院町大字川上,131,22,12,33,15,45,459,不明,温泉・鉱泉,,,22.5,53.2,,,8.2,8.77,,,,636,,,,,,0.2,141,19.8,0.07,0.05,0,6.37,12.9,,,0.21,0.24,,,0.18,0,0,0.03,,0.22,75.2,0.26,0,,,,,,,80.8,,,,,229,,,,,,,,,160,,,,0,214,,0.12,0.0004,,1.09,,1983-09-22 00:00:00,"平成元年度 全国地熱資源総合調査 広域熱水流動調査（第3次）鶴見岳地域 流体地化学調査報告書(要旨),1990"
大分県,大分郡湯布院町大字川上,131,22,11,33,16,1,477,不明,温泉・鉱泉,,,22.2,63.6,,,8,8.77,,,,973,,,,,,0.35,247,17.3,0.12,0.18,0,8.92,32,,,0.35,0.36,,,0.18,0,0,0.05,,0.19,218,0.6,0.57,,,,,,,85.4,,,,,354,,,,,,,,,166,,,,0,283,,0.17,0.0001,,2.4,,1983-09-22 00:00:00,"平成元年度 全国地熱資源総合調査 広域熱水流動調査（第3次）鶴見岳地域 流体地化学調査報告書(要旨),1990"
大分県,大分郡湯布院町大字川上,131,21,54,33,16,12,497,不明,温泉・鉱泉,,,22.7,54,,,7.4,8.79,,,,1090,,,,,,0.53,265,18.8,0.11,0.28,0.02,6.3,31.7,,,0.39,0.28,,,0.04,0.01,0.78,0.12,,0.33,268,0.65,0,,,,,,,114,,,,,285,,,,,,,,,224,,,,0,199,,0.12,0.0001,,2.41,,1983-09-22 00:00:00,"平成元年度 全国地熱資源総合調査 広域熱水流動調査（第3次）鶴見岳地域 流体地化学調査報告書(要旨),1990"
大分県,大分郡湯布院町大字川上,131,21,31,33,16,4,472,不明,温泉・鉱泉,,,22.6,49.3,,,7.7,8.79,,,,716,,,,,,0.2,173,9.35,0.04,0.03,0,3.72,31.5,,,0.37,0.1,,,0.19,0,0.21,0.1,,0.3,136,0.33,0.48,,,,,,,123,,,,,221,,,,,,,,,114,,,,0,139,,0.04,0.0002,,0.96,,1983-09-22 00:00:00,"平成元年度 全国地熱資源総合調査 広域熱水流動調査（第3次）鶴見岳地域 流体地化学調査報告書(要旨),1990"
大分県,大分郡湯布院町大字川上,131,21,28,33,16,32,536,不明,温泉・鉱泉,,,24.4,88.6,,,8.4,8.76,,,,1170,,,,,,0.76,327,14.2,0.07,0.26,0,0.77,15.3,,,0.21,0.04,,,0.03,0,0.03,0.05,,0.56,318,0.82,0,,,,,,,162,,,,,225,,,,,,,,,211,,,,0,169,,0.19,0.0002,,2.61,,1983-09-22 00:00:00,"平成元年度 全国地熱資源総合調査 広域熱水流動調査（第3次）鶴見岳地域 流体地化学調査報告書(要旨),1990"
大分県,大分郡湯布院町大字塚原,131,25,30,33,18,35,802,不明,温泉・鉱泉,,,25.8,67.1,,,1.6,1.7,,,,8050,,,,,,0.02,20,6.32,0.06,0.05,0.52,23.7,72.1,,,384,2.72,,,39.6,0,0.85,0.73,,0.48,11.4,0,0,,,,,,,5140,,,,,0,,,,,,,,,227,,,,0,0,,0.02,0,,0.53,,1983-09-23 00:00:00,"平成元年度 全国地熱資源総合調査 広域熱水流動調査（第3次）鶴見岳地域 流体地化学調査報告書(要旨),1990"
大分県,宇佐郡安心院町大字六郎丸,131,23,58,33,23,11,189,井戸,温泉・鉱泉,600,,26.2,50.9,,,8.8,8.99,,,,204,,,,,,0.01,66.5,1.35,0.01,0.03,0,0.02,1.02,,,0.09,0,,,0.02,0,0,0.03,,1.85,4.43,0.06,0,,,,,,,5.1,,,,,171,,,,,,,,,39.9,,,,0,182,,0,0.0002,,0.29,,1983-09-23 00:00:00,"平成元年度 全国地熱資源総合調査 広域熱水流動調査（第3次）鶴見岳地域 流体地化学調査報告書(要旨),1990"
大分県,宇佐郡安心院町大字下毛字新貝,131,21,11,33,26,22,96,井戸,温泉・鉱泉,600,,26.5,43.3,,,7.4,8.54,,,,2210,,,,,,0.24,620,59.7,0.2,0.14,0,26.8,63.1,,,0.65,0.09,,,0.25,0,0.08,0.1,,0.1,1040,3.31,0,,,,,,,5.5,,,,,208,,,,,,,,,88.9,,,,0,148,,0,0.0001,,5.15,,1983-09-23 00:00:00,"平成元年度 全国地熱資源総合調査 広域熱水流動調査（第3次）鶴見岳地域 流体地化学調査報告書(要旨),1990"
大分県,大分郡床内町西長宝字岩下,131,26,40,33,11,33,162,井戸,温泉・鉱泉,800,,27.4,53.5,,,8.1,8.37,,,,4060,,,,,,0.92,1050,158,0.33,0.15,0.74,1.7,92.8,,,0.94,0.21,,,0.39,0.02,0.64,0.13,,1.44,466,1.36,0,,,,,,,1990,,,,,176,,,,,,,,,158,,,,0,16.7,,0.02,0.0004,,1.7,,1983-09-23 00:00:00,"平成元年度 全国地熱資源総合調査 広域熱水流動調査（第3次）鶴見岳地域 流体地化学調査報告書(要旨),1990"
大分県,大分郡挾間町鬼須字池の上,131,29,9,33,11,39,58,井戸,温泉・鉱泉,480,,29.5,39.9,,,8.3,8.64,,,,725,,,,,,0.13,210,22,0.04,0.01,0.2,0.25,3.41,,,0,0.02,,,0.05,0,0,0,,2.99,76.1,0.33,0.22,,,,,,,105,,,,,315,,,,,,,,,97.2,,,,0,228,,0,0.0004,,0.51,,1983-09-23 00:00:00,"平成元年度 全国地熱資源総合調査 広域熱水流動調査（第3次）鶴見岳地域 流体地化学調査報告書(要旨),1990"
大分県,大分郡挾間町赤野,131,30,23,33,12,2,74,井戸,温泉・鉱泉,400,,30.6,39.8,,,6.6,8.17,,,,13200,,,,,,23.7,3800,241,0.34,0.09,9.57,387,441,,,2.75,0.47,,,14,0.02,0.17,0.58,,0.59,6020,11.2,0,,,,,,,24,,,,,3170,,,,,,,,,115,,,,0,2150,,0.48,0.0001,,42.9,,1983-09-23 00:00:00,"平成元年度 全国地熱資源総合調査 広域熱水流動調査（第3次）鶴見岳地域 流体地化学調査報告書(要旨),1990"
大分県,大分郡挾間町挾間,131,31,0,33,11,46,52,井戸,温泉・鉱泉,200,,32.2,30.2,,,6.9,8.85,,,,2850,,,,,,3.89,707,67.8,0.13,0.02,2.37,68.5,139,,,1.33,0.51,,,13.4,0,0.04,0.26,,0.24,853,1.59,0,,,,,,,28.6,,,,,1600,,,,,,,,,105,,,,0,2030,,0,0,,7.14,,1983-09-23 00:00:00,"平成元年度 全国地熱資源総合調査 広域熱水流動調査（第3次）鶴見岳地域 流体地化学調査報告書(要旨),1990"
大分県,大分郡挾間町鬼崎,131,31,54,33,11,39,30,不明,温泉・鉱泉,,,32.3,39.4,,,6.5,8.61,,,,2850,,,,,,5.26,893,67,0.13,0.03,2.52,47.2,34,,,0.35,0.07,,,1.58,0,0.01,0.09,,0.29,643,0.96,0,,,,,,,49.5,,,,,1820,,,,,,,,,106,,,,0,2020,,0,0.0003,,11.7,,1983-09-23 00:00:00,"平成元年度 全国地熱資源総合調査 広域熱水流動調査（第3次）鶴見岳地域 流体地化学調査報告書(要旨),1990"
大分県,大分市国分,131,33,9,33,11,18,19,井戸,温泉・鉱泉,300,,31.6,38.7,,,6.5,8.28,,,,6670,,,,,,8.68,1860,136,0.18,0.05,33.2,217,226,,,1.84,0.06,,,4.66,0.01,0.09,0.39,,0.45,2760,5.51,0,,,,,,,17,,,,,2340,,,,,,,,,96.9,,,,0,2120,,0,0.0002,,8.89,,1983-09-23 00:00:00,"平成元年度 全国地熱資源総合調査 広域熱水流動調査（第3次）鶴見岳地域 流体地化学調査報告書(要旨),1990"
大分県,大分市賀来大字中河原,131,34,36,33,12,33,13,不明,温泉・鉱泉,,,29.8,55,,,7.6,8.9,,,,5360,,,,,,5.26,1150,157,0.35,0.02,7.02,303,148,,,1.64,0.09,,,5.6,0.01,0.19,0.48,,0.47,2020,3.84,0,,,,,,,25.1,,,,,2040,,,,,,,,,139,,,,0,1270,,0.01,0.0002,,9.9,,1983-09-23 00:00:00,"平成元年度 全国地熱資源総合調査 広域熱水流動調査（第3次）鶴見岳地域 流体地化学調査報告書(要旨),1990"
大分県,大分市古国分字花園,131,36,42,33,12,32,6,井戸,温泉・鉱泉,520,,27.3,39.4,,,8.4,8.61,,,,405,,,,,,0.07,105,10.7,0.01,0.04,0,0.14,0.77,,,0.01,0.01,,,0.05,0,0,0,,0.49,4.52,0,0,,,,,,,5.15,,,,,299,,,,,,,,,111,,,,0,227,,0,0.0007,,0.38,,1983-09-23 00:00:00,"平成元年度 全国地熱資源総合調査 広域熱水流動調査（第3次）鶴見岳地域 流体地化学調査報告書(要旨),1990"
大分県,大分市下八幡６組,131,34,30,33,14,10,20,井戸,温泉・鉱泉,600,,25.2,44,,,8.6,8.7,,,,426,,,,,,0.04,110,10.8,0.03,0.01,0.04,0.01,0.73,,,0.07,0,,,0.09,0,0,0,,4.5,6.97,0.06,0,,,,,,,10.7,,,,,293,,,,,,,,,121,,,,0,215,,0,0.0007,,0.24,,1983-09-23 00:00:00,"平成元年度 全国地熱資源総合調査 広域熱水流動調査（第3次）鶴見岳地域 流体地化学調査報告書(要旨),1990"
大分県,大分市豊町,131,37,1,33,14,45,3,井戸,温泉・鉱泉,700,,27.1,41.9,,,8,8.54,,,,3810,,,,,,0.19,1250,135,0.23,0,14.3,21.2,55.6,,,0.57,0.35,,,0.35,0.01,0,0.08,,0.14,1760,6.39,0,,,,,,,13.8,,,,,725,,,,,,,,,124,,,,0,290,,0,0.0006,,0.3,,1983-09-23 00:00:00,"平成元年度 全国地熱資源総合調査 広域熱水流動調査（第3次）鶴見岳地域 流体地化学調査報告書(要旨),1990"
大分県,別府市堀田,131,27,48,33,17,4,258,井戸,温泉・鉱泉,300,,25.6,56,,,5.8,8.33,,,,439,,,,,,0.07,58,7.27,0.02,0,0,9.02,18.7,,,1.79,0.07,,,0.55,0,0.03,0.05,,0.23,43.9,0.13,0,,,,,,,172,,,,,126,,,,,,,,,70.1,,,,1.16,246,,0,0.0005,,0.26,,1983-09-25 00:00:00,"平成元年度 全国地熱資源総合調査 広域熱水流動調査（第3次）鶴見岳地域 流体地化学調査報告書(要旨),1990"
大分県,別府市観海寺,131,28,32,33,16,48,183,井戸,温泉・鉱泉,300,,26.5,90.5,,,7.5,8.5,,,,2440,,,,,,5.49,600,80.7,0.7,0.46,0.18,0,21.7,,,0.46,0,,,0.08,0,0.01,0.08,,2.44,790,2.41,0,,,,,,,240,,,,,160,,,,,,,,,398,,,,0.21,129,,1,0.0002,,8.06,,1983-09-25 00:00:00,"平成元年度 全国地熱資源総合調査 広域熱水流動調査（第3次）鶴見岳地域 流体地化学調査報告書(要旨),1990"
大分県,別府市南立石,131,28,33,33,16,57,151,井戸,温泉・鉱泉,200,,26.5,97.2,,,9.1,9.12,,,,700,,,,,,0.72,153,17.1,0.1,0.07,0.12,0.14,1.24,,,0.15,0,,,0.01,0,0,0.01,,0.5,35.4,0.11,0,,,,,,,90.8,,,,,286,,,,,,,,,251,,,,0.44,191,,0,0.0003,,0.28,,1983-09-25 00:00:00,"平成元年度 全国地熱資源総合調査 広域熱水流動調査（第3次）鶴見岳地域 流体地化学調査報告書(要旨),1990"
大分県,別府市乙原,131,28,56,33,16,30,150,井戸,温泉・鉱泉,300,,27.1,97.2,,,8.6,8.81,,,,1420,,,,,,3.21,389,35.5,0.34,0.21,30,0.02,7.82,,,0.24,0.01,,,0.01,0,0.01,0.05,,1.38,430,1.13,0,,,,,,,173,,,,,214,,,,,,,,,269,,,,0.05,147,,0.5,0.0003,,3.96,,1983-09-25 00:00:00,"平成元年度 全国地熱資源総合調査 広域熱水流動調査（第3次）鶴見岳地域 流体地化学調査報告書(要旨),1990"
大分県,別府市乙原,131,29,5,33,16,33,74,井戸,温泉・鉱泉,250,,27.4,97.2,,,9.1,8.92,,,,2380,,,,,,5.47,676,68.4,0.65,0.63,0.22,0.06,26.2,,,0.58,0.01,,,0.01,0,0,0.03,,1.95,1020,2.74,0,,,,,,,116,,,,,160,,,,,,,,,342,,,,0.45,108,,1.17,0.0006,,9.29,,1983-09-25 00:00:00,"平成元年度 全国地熱資源総合調査 広域熱水流動調査（第3次）鶴見岳地域 流体地化学調査報告書(要旨),1990"
大分県,別府市上原町,131,29,15,33,16,30,58,井戸,温泉・鉱泉,85,,27.6,94.8,,,9,9.02,,,,1490,,,,,,3.56,430,39.9,0.37,0.4,0.24,0.92,5.33,,,0.12,0.02,,,0.01,0,0,0.03,,1.28,548,1.49,0,,,,,,,110,,,,,173,,,,,,,,,232,,,,0,114,,0.72,0.0003,,5.23,,1983-09-26 00:00:00,"平成元年度 全国地熱資源総合調査 広域熱水流動調査（第3次）鶴見岳地域 流体地化学調査報告書(要旨),1990"
大分県,別府市天満,131,29,53,33,16,59,19,井戸,温泉・鉱泉,231,,26.3,98,,,8.8,9.08,,,,1150,,,,,,2.96,338,18.2,0.18,0.21,0.05,0.18,1.12,,,0.09,0,,,0.04,0,0,0.04,,1.46,219,0.55,1.36,,,,,,,95.1,,,,,468,,,,,,,,,227,,,,0.02,325,,0.31,0.0001,,2.51,,1983-09-24 00:00:00,"平成元年度 全国地熱資源総合調査 広域熱水流動調査（第3次）鶴見岳地域 流体地化学調査報告書(要旨),1990"
大分県,別府市松原町,131,30,32,33,16,12,3,井戸,温泉・鉱泉,150,,26.4,57.1,,,7.3,8.56,,,,848,,,,,,0.98,133,17.3,0.08,0.03,0.03,32.4,62.2,,,0.71,0.48,,,0.77,0,0.02,0.13,,0.13,164,0.42,0,,,,,,,69.1,,,,,416,,,,,,,,,125,,,,0,270,,0.05,0.0001,,0.96,,1983-09-24 00:00:00,"平成元年度 全国地熱資源総合調査 広域熱水流動調査（第3次）鶴見岳地域 流体地化学調査報告書(要旨),1990"
大分県,別府市上人ヶ浜町,131,30,13,33,18,46,3,井戸,温泉・鉱泉,300,,26.2,62.3,50,,8,8.41,,,,2220,,,,,,2.93,640,62.2,0.42,0.19,0.16,8.1,64.2,,,0.72,0.75,,,0.78,0,0.01,0.11,,0.16,941,2.43,0,,,,,,,224,,,,,154,,,,,,,,,142,,,,0,177,,0.56,0.0003,,8.33,,1983-09-24 00:00:00,"平成元年度 全国地熱資源総合調査 広域熱水流動調査（第3次）鶴見岳地域 流体地化学調査報告書(要旨),1990"
大分県,別府市照波園町,131,30,0,33,18,50,12,井戸,温泉・鉱泉,200,,26.5,97.3,32,,3.1,3.01,,,,3650,,,,,,5.51,1100,163,1.17,0.63,0.82,5.39,31.6,,,0.8,1.24,,,5.09,0.03,0.34,0.11,,4.05,1510,3.98,0,,,,,,,508,,,,,0,,,,,,,,,190,,,,0,31.2,,1.45,0,,13.3,,1983-09-26 00:00:00,"平成元年度 全国地熱資源総合調査 広域熱水流動調査（第3次）鶴見岳地域 流体地化学調査報告書(要旨),1990"
大分県,別府市亀川中央,131,29,48,33,19,22,3,不明,温泉・鉱泉,,,25.9,52.4,,,7.1,8.42,,,,773,,,,,,0.9,169,25.3,0.16,0.05,0,6.2,20.5,,,0.28,0,,,0,0,0.02,0.04,,0.26,179,0.44,1.31,,,,,,,145,,,,,130,,,,,,,,,138,,,,0,105,,0.18,0.0002,,1.47,,1983-09-24 00:00:00,"平成元年度 全国地熱資源総合調査 広域熱水流動調査（第3次）鶴見岳地域 流体地化学調査報告書(要旨),1990"
大分県,別府市大字野田,131,28,50,33,19,26,48,湧泉,温泉・鉱泉,,,26.5,65.3,,,2.5,2.51,,,,2050,,,,,,2.61,474,80.7,0.75,0.26,0.44,14.9,41.5,,,2.04,3.39,,,2.59,0,1.33,0.14,,1.23,698,1.89,0,,,,,,,496,,,,,0,,,,,,,,,169,,,,0,18.9,,0.3,0.0001,,8.03,,1983-09-24 00:00:00,"平成元年度 全国地熱資源総合調査 広域熱水流動調査（第3次）鶴見岳地域 流体地化学調査報告書(要旨),1990"
大分県,別府市大字鉄輪,131,28,32,33,19,20,90,湧泉,温泉・鉱泉,,,26.3,57.1,,,3.4,3.4,,,,914,,,,,,0.9,175,33.1,0.24,0.04,0.03,6.57,17.5,,,1.03,1.06,,,3.17,0,0.39,0.06,,0.4,220,0.6,0,,,,,,,254,,,,,0,,,,,,,,,172,,,,0,10.8,,0.05,0.0004,,1.96,,1983-09-24 00:00:00,"平成元年度 全国地熱資源総合調査 広域熱水流動調査（第3次）鶴見岳地域 流体地化学調査報告書(要旨),1990"
大分県,別府市馬場水車,131,28,51,33,18,7,125,井戸,温泉・鉱泉,300,,26.9,90.1,,,8,7.85,,,,2310,,,,,,3.23,557,79.5,0.58,0.2,0.11,2.33,18.7,,,0.67,0.23,,,0.12,0,0.01,0.11,,2.1,906,2.31,0,,,,,,,347,,,,,44.5,,,,,,,,,183,,,,0.11,97,,0.67,0.0003,,7.11,,1983-09-27 00:00:00,"平成元年度 全国地熱資源総合調査 広域熱水流動調査（第3次）鶴見岳地域 流体地化学調査報告書(要旨),1990"
大分県,別府市竹の内,131,28,14,33,18,9,183,井戸,温泉・鉱泉,280,,27.4,96.8,,,8.4,8.29,,,,1170,,,,,,2.03,332,35.5,0.29,0.13,0.25,4.76,15.7,,,0.42,0.01,,,0.38,0,0.06,0.05,,0.92,490,1.22,0,,,,,,,47.3,,,,,86.6,,,,,,,,,188,,,,0.15,72.8,,0.28,0.0007,,3.87,,1983-09-27 00:00:00,"平成元年度 全国地熱資源総合調査 広域熱水流動調査（第3次）鶴見岳地域 流体地化学調査報告書(要旨),1990"
大分県,別府市山王,131,28,14,33,18,27,187,井戸,温泉・鉱泉,250,,26.8,98.2,,,8.2,8.05,,,,3960,,,,,,6.84,1190,115,0.96,0.65,0.31,0,74.1,,,0.89,0.02,,,0,0,0.02,0.11,,1.93,1950,4.54,0,,,,,,,134,,,,,45.1,,,,,,,,,300,,,,0,36.9,,0.86,0.0007,,14.5,,1983-09-27 00:00:00,"平成元年度 全国地熱資源総合調査 広域熱水流動調査（第3次）鶴見岳地域 流体地化学調査報告書(要旨),1990"
大分県,別府市中河原,131,28,28,33,18,20,155,井戸,温泉・鉱泉,450,,26.9,93.8,,,3.3,3.33,,,,3460,,,,,,5.6,937,143,1.06,0.55,0.59,5.1,43.2,,,0.55,1.73,,,2.32,0,0.16,0.14,,2.06,1500,4.56,0,,,,,,,357,,,,,0,,,,,,,,,401,,,,0,0,,0.64,0.0007,,11.3,,1983-09-27 00:00:00,"平成元年度 全国地熱資源総合調査 広域熱水流動調査（第3次）鶴見岳地域 流体地化学調査報告書(要旨),1990"
大分県,別府市大字鶴見字三月田,131,28,14,33,18,18,179,井戸,温泉・鉱泉,250,,26.7,69.5,,,8.7,8.67,,,,444,,,,,,0.26,98.6,6.45,0.05,0.03,0,2.92,16.9,,,0.33,0,,,0.02,0,0,0.03,,0.28,40.4,0.14,0,,,,,,,94.3,,,,,157,,,,,,,,,102,,,,0.4,51.3,,0,0.0004,,0.25,,1983-09-27 00:00:00,"平成元年度 全国地熱資源総合調査 広域熱水流動調査（第3次）鶴見岳地域 流体地化学調査報告書(要旨),1990"
大分県,別府市大字鶴見字小倉,131,27,57,33,18,20,217,井戸,温泉・鉱泉,100,,26.6,92.5,,,9.2,9.34,,,,859,,,,,,0.35,225,17.1,0.07,0.04,0.03,0.01,1.38,,,0.48,0,,,0.01,0,0,0,,0.38,12.2,0,0,,,,,,,207,,,,,335,,,,,,,,,225,,,,0.98,188,,0.02,0.0003,,0.15,,1983-09-27 00:00:00,"平成元年度 全国地熱資源総合調査 広域熱水流動調査（第3次）鶴見岳地域 流体地化学調査報告書(要旨),1990"
大分県,別府市大字鶴見字小倉,131,27,48,33,18,11,233,井戸,温泉・鉱泉,400,,25.7,98.8,,,8.2,8.26,,,,3090,,,,,,3.56,688,57.8,0.41,0.23,0.03,0.05,19.5,,,0.4,0.01,,,0,0,0,0.03,,1.27,996,2.59,0,,,,,,,176,,,,,104,,,,,,,,,338,,,,0.11,86,,0.47,0,,9.38,,1983-09-28 00:00:00,"平成元年度 全国地熱資源総合調査 広域熱水流動調査（第3次）鶴見岳地域 流体地化学調査報告書(要旨),1990"
大分県,別府市大字鶴見字小倉,131,27,52,33,18,18,231,井戸,温泉・鉱泉,181,,25.9,98.3,,,7.1,9.29,,,,905,,,,,,0.14,269,24,0.04,0.04,0.05,0.5,0.39,,,2.16,0,,,0,0,0,0,,0.2,16.4,0,0,,,,,,,80.8,,,,,29.4,,,,,,,,,116,,,,4.06,293,,0,0.0005,,0.05,,1983-09-28 00:00:00,"平成元年度 全国地熱資源総合調査 広域熱水流動調査（第3次）鶴見岳地域 流体地化学調査報告書(要旨),1990"
大分県,別府市北中町,131,28,52,33,18,34,108,井戸,温泉・鉱泉,222,,26.3,97.9,,,8.6,8.22,,,,2400,,,,,,4.23,684,64,0.49,0.37,0.07,0.3,41.5,,,0.5,0.23,,,0,0,0,0.07,,1.31,877,2.23,0,,,,,,,397,,,,,71.9,,,,,,,,,241,,,,0,68.9,,0.56,0.0007,,7.17,,1983-09-29 00:00:00,"平成元年度 全国地熱資源総合調査 広域熱水流動調査（第3次）鶴見岳地域 流体地化学調査報告書(要旨),1990"
大分県,別府市鉄輪東,131,28,54,33,18,44,111,井戸,温泉・鉱泉,138,,26.6,83.5,,,7.2,6.64,,,,3980,,,,,,6.77,1120,158,1.27,0.69,0.56,1.49,35,,,0.48,0.99,,,0.24,0,0,0.07,,3.17,1730,4.26,0,,,,,,,85.9,,,,,10.7,,,,,,,,,469,,,,0,78.1,,0.81,0.0006,,13.8,,1983-09-29 00:00:00,"平成元年度 全国地熱資源総合調査 広域熱水流動調査（第3次）鶴見岳地域 流体地化学調査報告書(要旨),1990"
大分県,別府市鉄輪井田,131,28,49,33,18,41,119,井戸,温泉・鉱泉,300,,26.7,96.6,,,4.5,4.38,,,,3630,,,,,,5.93,1030,129,1.04,0.58,0.75,3.1,36.7,,,0.51,1.11,,,0.83,0,0.04,0.08,,2.47,1460,3.78,0,,,,,,,466,,,,,0,,,,,,,,,321,,,,0,51.3,,0.97,0.0002,,12.6,,1983-09-29 00:00:00,"平成元年度 全国地熱資源総合調査 広域熱水流動調査（第3次）鶴見岳地域 流体地化学調査報告書(要旨),1990"
大分県,別府市鉄輪井田,131,28,47,33,18,41,120,井戸,温泉・鉱泉,200,,26.8,93,,,6.2,5.99,,,,3650,,,,,,6.47,1070,142,1.15,0.63,0.54,3.38,31.8,,,0.48,1.16,,,0.94,0,0.02,0.09,,2.51,1460,3.78,0,,,,,,,496,,,,,3.6,,,,,,,,,314,,,,0,37.3,,0.81,0,,12.4,,1983-09-30 00:00:00,"平成元年度 全国地熱資源総合調査 広域熱水流動調査（第3次）鶴見岳地域 流体地化学調査報告書(要旨),1990"
大分県,別府市鉄輪風呂本,131,28,48,33,18,48,123,井戸,温泉・鉱泉,120,,26.7,96.7,,,4.7,4.82,,,,4100,,,,,,6.9,1180,152,1.23,0.59,0.88,2.98,58.4,,,0.71,1.21,,,0.92,0,0.03,0.1,,2.71,1680,4.32,0,,,,,,,470,,,,,3,,,,,,,,,397,,,,0,50.5,,1.06,0,,14.6,,1983-09-30 00:00:00,"平成元年度 全国地熱資源総合調査 広域熱水流動調査（第3次）鶴見岳地域 流体地化学調査報告書(要旨),1990"
大分県,別府市鉄輪御幸,131,28,46,33,18,52,148,井戸,温泉・鉱泉,247,,26.4,97.1,,,2.8,2.83,,,,3620,,,,,,8.01,1000,133,1.06,0.64,0.84,10.1,47.7,,,0.75,2.84,,,15.7,0.03,0.41,0.14,,1.06,1540,3.87,0,,,,,,,525,,,,,0,,,,,,,,,269,,,,0,70.2,,1.22,0.0003,,13.3,,1983-09-30 00:00:00,"平成元年度 全国地熱資源総合調査 広域熱水流動調査（第3次）鶴見岳地域 流体地化学調査報告書(要旨),1990"
大分県,別府市鉄輪御幸,131,28,42,33,18,40,131,井戸,温泉・鉱泉,300,,26.5,84.5,,,4.7,5.58,,,,3050,,,,,,4.23,843,100,0.72,0.39,1.64,2.78,40.1,,,0.65,0.69,,,0.48,0,0.87,0.06,,2.79,1230,3.1,0,,,,,,,467,,,,,7.9,,,,,,,,,278,,,,0,54,,0.66,0.0009,,9.26,,1983-09-30 00:00:00,"平成元年度 全国地熱資源総合調査 広域熱水流動調査（第3次）鶴見岳地域 流体地化学調査報告書(要旨),1990"
大分県,別府市鉄輪御幸,131,28,23,33,18,45,168,井戸,温泉・鉱泉,303,,26.1,92.6,,,5.4,6.23,,,,4120,,,,,,6.9,1160,150,1.26,0.66,0.73,2.18,25.5,,,0.67,0.91,,,0.4,0,0.01,0.09,,3.01,1800,4.53,0,,,,,,,365,,,,,4.9,,,,,,,,,513,,,,0,105,,0.93,0.0002,,14.9,,1983-09-24 00:00:00,"平成元年度 全国地熱資源総合調査 広域熱水流動調査（第3次）鶴見岳地域 流体地化学調査報告書(要旨),1990"
大分県,別府市明礬,131,27,20,33,18,52,312,湧泉,温泉・鉱泉,,,26.3,43.6,,,1.9,1.76,,,,4420,,,,,,0.05,20.8,9,0.05,0.03,1.7,23.7,70.7,,,181,2.61,,,83.3,0,0.31,0.35,,0.28,4.9,0,0,,,,,,,2650,,,,,0,,,,,,,,,275,,,,0,0,,0.02,0.0003,,0,,1983-09-24 00:00:00,"平成元年度 全国地熱資源総合調査 広域熱水流動調査（第3次）鶴見岳地域 流体地化学調査報告書(要旨),1990"
大分県,耶馬渓町深耶馬,131,10,10,33,22,53,210,井戸,温泉・鉱泉,500,,25.4,47,30,,8,8.63,,,,508,,,,,,0.08,131,27,0.08,0.02,0.34,1.72,7.43,,,0,0.06,,,0.02,0,,,,0.2,48.1,0.19,0.02,,,,,,,2.1,,,,,336,,,,,,,,,116,,,,0,239,,0,0.0002,,0.53,,1984-09-05 00:00:00,"平成元年度 全国地熱資源総合調査 広域熱水流動調査（第3次）鶴見岳地域 流体地化学調査報告書(要旨),1990"
大分県,耶馬渓町深耶馬渓字深瀬,131,10,9,33,22,28,240,井戸,温泉・鉱泉,300,,23.2,39.8,44,,7.5,9.53,,,,275,,,,,,0.08,53.7,15.9,0.03,0,1.3,1.63,2.27,,,0,0.08,,,0.44,0,,,,0.7,22.4,0.05,0.02,,,,,,,2.7,,,,,145,,,,,,,,,120,,,,0,115,,0,0.0004,,0.12,,1984-09-05 00:00:00,"平成元年度 全国地熱資源総合調査 広域熱水流動調査（第3次）鶴見岳地域 流体地化学調査報告書(要旨),1990"
大分県,天瀬町桜竹,131,2,15,33,14,48,290,井戸,温泉・鉱泉,230,,26.4,90.1,120,,9.2,9.55,,,,1390,,,,,,1.24,414,28.8,0.28,0.25,0.65,0.1,4.07,,,0.09,0,,,0.03,0,,,,10.8,500,2.29,0.08,,,,,,,83.2,,,,,32.4,,,,,,,,,218,,,,0.38,102,,0.054,0.0003,,6.23,,1984-09-06 00:00:00,"平成元年度 全国地熱資源総合調査 広域熱水流動調査（第3次）鶴見岳地域 流体地化学調査報告書(要旨),1990"
大分県,天瀬町赤岩,131,2,54,33,15,7,220,井戸,温泉・鉱泉,40,,30.5,84.7,100,,8.5,8.55,,,,982,,,,,,0.89,289,22.6,0.21,0.17,0.74,0.74,9.2,,,0.09,0.02,,,1.25,0,,,,7.7,324,1.56,0.1,,,,,,,81.3,,,,,141,,,,,,,,,150,,,,0.17,114,,0.035,0.0003,,3.83,,1984-09-06 00:00:00,"平成元年度 全国地熱資源総合調査 広域熱水流動調査（第3次）鶴見岳地域 流体地化学調査報告書(要旨),1990"
大分県,天瀬町湯山,131,2,40,33,15,8,220,井戸,温泉・鉱泉,3,,30.4,59.8,23,,7.2,8.54,,,,869,,,,,,0.69,221,17.4,0.13,0.15,0.4,0.82,16.8,,,0.13,0.14,,,0.19,0,,,,5.8,235,1.14,0.08,,,,,,,73.4,,,,,173,,,,,,,,,124,,,,0.01,121,,0.021,0.0006,,2.75,,1984-09-06 00:00:00,"平成元年度 全国地熱資源総合調査 広域熱水流動調査（第3次）鶴見岳地域 流体地化学調査報告書(要旨),1990"
大分県,天瀬町湯釣,131,4,25,33,15,29,220,不明,温泉・鉱泉,,,23.3,48.2,,,7.8,8.63,,,,740,,,,,,0.12,182,24.3,0.06,0.01,0,5.52,18,,,0,0.03,,,0.09,0,,,,1.4,166,0.37,0.07,,,,,,,19.4,,,,,312,,,,,,,,,149,,,,0,221,,0,0.0003,,1.97,,1984-09-06 00:00:00,"平成元年度 全国地熱資源総合調査 広域熱水流動調査（第3次）鶴見岳地域 流体地化学調査報告書(要旨),1990"
大分県,小国町大字下城,131,2,5,33,10,50,285,井戸,温泉・鉱泉,60,,22.7,96.5,72,,8.5,8.22,,,,1440,,,,,,0.96,425,17.8,0.16,0.2,0.63,0.21,34,,,0.06,0.03,,,0,0,,,,4.2,620,2.53,0.13,,,,,,,98,,,,,11.6,,,,,,,,,168,,,,0,43,,0.37,0.0005,,7.52,,1984-09-04 00:00:00,"平成元年度 全国地熱資源総合調査 広域熱水流動調査（第3次）鶴見岳地域 流体地化学調査報告書(要旨),1990"
大分県,小国町大字下城,131,2,12,33,10,48,285,井戸,温泉・鉱泉,112,,23.1,98,92,,8.8,8.7,,,,1880,,,,,,1.26,557,24.7,0.25,0.33,0.4,0.11,42.2,,,0.08,0.02,,,0,0,,,,5.4,813,2.88,0.15,,,,,,,119,,,,,6.1,,,,,,,,,210,,,,0,34,,0.493,0.0004,,10.4,,1984-09-04 00:00:00,"平成元年度 全国地熱資源総合調査 広域熱水流動調査（第3次）鶴見岳地域 流体地化学調査報告書(要旨),1990"
大分県,小国町大字下城,131,2,8,33,10,50,285,井戸,温泉・鉱泉,75,,23.3,97.2,32,,8.7,8.43,,,,1420,,,,,,0.99,432,17.1,0.16,0.2,0.47,0.1,30.7,,,0.06,0.01,,,0.02,0,,,,4.9,627,2.41,0.13,,,,,,,96.6,,,,,9.8,,,,,,,,,170,,,,0,37,,0.359,0.0003,,7.82,,1984-09-04 00:00:00,"平成元年度 全国地熱資源総合調査 広域熱水流動調査（第3次）鶴見岳地域 流体地化学調査報告書(要旨),1990"
大分県,小国町大字下城,131,2,20,33,10,40,285,井戸,温泉・鉱泉,135,,23.9,97.7,62,,8.5,8.35,,,,1860,,,,,,1.32,555,24.2,0.25,0.32,0.64,0.09,44.3,,,0.13,0.01,,,0,0,,,,5.5,821,3.52,0.15,,,,,,,119,,,,,17.7,,,,,,,,,204,,,,0.01,42,,0.55,0.0004,,10.4,,1984-09-04 00:00:00,"平成元年度 全国地熱資源総合調査 広域熱水流動調査（第3次）鶴見岳地域 流体地化学調査報告書(要旨),1990"
大分県,小国町大字下城,131,2,23,33,10,36,285,井戸,温泉・鉱泉,170,,24.9,98.3,44,,8.6,8.38,,,,994,,,,,,0.93,397,18.2,0.16,0.28,0.63,0.06,32.1,,,0.06,0.04,,,0,0,,,,4.3,590,2.33,0.12,,,,,,,92.3,,,,,13.4,,,,,,,,,177,,,,0,35,,0.41,0.0004,,7.33,,1984-09-04 00:00:00,"平成元年度 全国地熱資源総合調査 広域熱水流動調査（第3次）鶴見岳地域 流体地化学調査報告書(要旨),1990"
大分県,小国町大字下城,131,2,22,33,10,43,285,井戸,温泉・鉱泉,95,,25.7,97,85,,8.5,8.45,,,,1860,,,,,,1.24,545,25.1,0.21,0.33,0.56,0.08,45.1,,,0.12,0.03,,,0,0,,,,5.4,813,2.81,0.15,,,,,,,119,,,,,4.3,,,,,,,,,203,,,,0,43,,0.463,0.0004,,10.2,,1984-09-04 00:00:00,"平成元年度 全国地熱資源総合調査 広域熱水流動調査（第3次）鶴見岳地域 流体地化学調査報告書(要旨),1990"
大分県,九重町町田,131,10,14,33,12,0,510,不明,温泉・鉱泉,,,30,37.2,733,,7.7,8.26,,,,284,,,,,,0.2,62.3,4.63,0.04,0,0.03,1.74,9.17,,,0,0,,,0,0,,,,0.3,87.2,0.23,0,,,,,,,7.4,,,,,58.1,,,,,,,,,76.2,,,,0,42,,0.067,0.0012,,1.19,,1984-09-01 00:00:00,"平成元年度 全国地熱資源総合調査 広域熱水流動調査（第3次）鶴見岳地域 流体地化学調査報告書(要旨),1990"
大分県,九重町町田,131,10,16,33,11,27,545,井戸,温泉・鉱泉,200,,32.3,93,,,7.2,8.24,,,,524,,,,,,0.62,138,6.14,0.04,0.01,0.07,0.15,9.17,,,0.01,0,,,0.14,0,,,,0.7,190,0.64,0.05,,,,,,,16.1,,,,,66.6,,,,,,,,,116,,,,0,54,,0.215,0.0025,,2.63,,1984-09-01 00:00:00,"平成元年度 全国地熱資源総合調査 広域熱水流動調査（第3次）鶴見岳地域 流体地化学調査報告書(要旨),1990"
大分県,九重町町田,131,10,9,33,11,30,540,井戸,温泉・鉱泉,300,,32.3,74.3,101,,7.2,8.27,,,,641,,,,,,0.78,169,7.27,0.05,0.06,0,0.1,12.5,,,0,0,,,0,0,,,,0.8,246,0.8,0.07,,,,,,,17.9,,,,,67.9,,,,,,,,,124,,,,0,61,,0.253,0.0008,,3.43,,1984-09-01 00:00:00,"平成元年度 全国地熱資源総合調査 広域熱水流動調査（第3次）鶴見岳地域 流体地化学調査報告書(要旨),1990"
大分県,九重町菅原,131,8,58,33,11,0,580,井戸,温泉・鉱泉,70,,28.3,87.5,158,,7.3,8.22,,,,1040,,,,,,1.05,242,30.9,0.16,0.16,0.16,2.16,16.2,,,0.02,0,,,0,0,,,,0.4,388,1.56,0.1,,,,,,,25.9,,,,,69.1,,,,,,,,,256,,,,0,60,,0.139,0.0009,,5.53,,1984-09-01 00:00:00,"平成元年度 全国地熱資源総合調査 広域熱水流動調査（第3次）鶴見岳地域 流体地化学調査報告書(要旨),1990"
大分県,小国町西里はげの湯,131,8,25,33,9,4,780,井戸,温泉・鉱泉,60,,29,78.4,,,6.7,7.87,,,,521,,,,,,0.05,30.4,12.4,0.05,0.05,2.25,9.14,98.3,,,0.02,0.32,,,0.92,0,,,,0.1,9.5,0,0.08,,,,,,,53.4,,,,,362,,,,,,,,,112,,,,0,278,,0.014,0.0004,,0.08,,1984-09-01 00:00:00,"平成元年度 全国地熱資源総合調査 広域熱水流動調査（第3次）鶴見岳地域 流体地化学調査報告書(要旨),1990"
大分県,小国町西里はげの湯,131,8,37,33,9,0,775,井戸,温泉・鉱泉,90,,27.6,97.1,33,,8.2,8.03,,,,591,,,,,,0.02,68.8,21.2,0.09,0.02,0.58,0.11,49.8,,,0.28,0.01,,,0.02,0,,,,0.3,15.2,0.09,0.02,,,,,,,244,,,,,47.1,,,,,,,,,136,,,,0,27,,0,0.0014,,0.67,,1984-09-01 00:00:00,"平成元年度 全国地熱資源総合調査 広域熱水流動調査（第3次）鶴見岳地域 流体地化学調査報告書(要旨),1990"
大分県,小国町西里はげの湯,131,8,20,33,9,7,795,井戸,温泉・鉱泉,604,,27.5,95.8,200,,8.8,8.71,,,,312,,,,,,4.44,850,107,1.22,1.27,0.3,0.02,19.5,,,0.28,0,,,0,0,,,,3.5,1370,3.8,0.18,,,,,,,79.6,,,,,31.2,,,,,,,,,534,,,,0,48,,1.47,0.0013,,19.1,,1984-09-01 00:00:00,"平成元年度 全国地熱資源総合調査 広域熱水流動調査（第3次）鶴見岳地域 流体地化学調査報告書(要旨),1990"
大分県,小国町北里山川,131,7,16,33,8,28,645,井戸,温泉・鉱泉,120,,27.9,50.7,,,5.4,7.74,,,,980,,,,,,0.36,114,11.5,0.04,0.1,0.68,3.11,156,,,0.03,0.22,,,0.02,0,,,,0.6,81.4,0.17,0.06,,,,,,,505,,,,,28.7,,,,,,,,,54.2,,,,1.06,69,,0.026,0.0017,,1.14,,1984-09-04 00:00:00,"平成元年度 全国地熱資源総合調査 広域熱水流動調査（第3次）鶴見岳地域 流体地化学調査報告書(要旨),1990"
大分県,小国町北里奴留湯,131,6,8,33,8,17,490,井戸,温泉・鉱泉,253,,28.5,35.9,240,,5.9,8.11,,,,688,,,,,,0.16,70.8,9.11,0.04,0.06,0.22,2.37,97.1,,,0,0.22,,,0,0,,,,0.5,30.8,0.07,0.03,,,,,,,316,,,,,61.1,,,,,,,,,89.2,,,,0.91,60,,0.006,0.0017,,0.43,,1984-09-04 00:00:00,"平成元年度 全国地熱資源総合調査 広域熱水流動調査（第3次）鶴見岳地域 流体地化学調査報告書(要旨),1990"
大分県,南小国町満願寺,131,5,54,33,4,15,570,湧泉,温泉・鉱泉,,,28.2,45.9,152,,6.7,8.54,,,,755,,,,,,0.45,138,28.3,0.11,0.06,0,25.2,36.8,,,0,0,,,0,0,,,,0.3,150,0.62,0.06,,,,,,,1,,,,,288,,,,,,,,,152,,,,0,251,,0.012,0.0011,,2.14,,1984-09-04 00:00:00,"平成元年度 全国地熱資源総合調査 広域熱水流動調査（第3次）鶴見岳地域 流体地化学調査報告書(要旨),1990"
大分県,南小国町満願寺,131,5,55,33,4,19,570,湧泉,温泉・鉱泉,,,26.9,42.8,238,,6.5,8.53,,,,780,,,,,,0.45,141,29.8,0.11,0.05,0,25.2,35.1,,,0,0,,,0,0,,,,0.3,146,0.64,0.07,,,,,,,108,,,,,270,,,,,,,,,152,,,,0,296,,0.011,0.0006,,2.17,,1984-09-04 00:00:00,"平成元年度 全国地熱資源総合調査 広域熱水流動調査（第3次）鶴見岳地域 流体地化学調査報告書(要旨),1990"
大分県,南小国町満願寺,131,7,23,33,4,9,665,井戸,温泉・鉱泉,150,,29.5,62.5,65,,7.9,8.6,,,,1470,,,,,,0.96,289,59.2,0.04,0.15,0.6,43.1,63.3,,,0.02,0.63,,,0.83,0,,,,0.3,301,2.25,0.09,,,,,,,237,,,,,464,,,,,,,,,194,,,,0,262,,0.011,0.0009,,4.58,,1984-09-04 00:00:00,"平成元年度 全国地熱資源総合調査 広域熱水流動調査（第3次）鶴見岳地域 流体地化学調査報告書(要旨),1990"
大分県,南小国町満願寺西黒川,131,8,42,33,4,24,750,井戸,温泉・鉱泉,200,,30.6,56,100,,7.9,8.22,,,,233,,,,,,0,32.6,8.59,0.02,0.01,0,0.29,0.79,,,0.08,0,,,0.09,0,,,,0.6,2.6,0,0,,,,,,,7.6,,,,,86.2,,,,,,,,,134,,,,0,78,,0.013,0.0015,,0.03,,1984-08-31 00:00:00,"平成元年度 全国地熱資源総合調査 広域熱水流動調査（第3次）鶴見岳地域 流体地化学調査報告書(要旨),1990"
大分県,南小国町満願寺北黒川,131,8,43,33,4,27,750,井戸,温泉・鉱泉,80,,26.3,97.3,,,3.1,3.14,,,,1900,,,,,,2.35,424,88.4,0.56,0.43,1.86,10.1,51,,,0.37,2.63,,,0.44,0,,,,1.2,605,3.61,0.25,,,,,,,368,,,,,0,,,,,,,,,235,,,,0,19,,0.533,0.0008,,9.04,,1984-08-31 00:00:00,"平成元年度 全国地熱資源総合調査 広域熱水流動調査（第3次）鶴見岳地域 流体地化学調査報告書(要旨),1990"
大分県,南小国町満願寺北黒川,131,8,35,33,4,27,690,井戸,温泉・鉱泉,42,,26.5,87.5,61,,3.3,3.32,,,,1570,,,,,,2.05,369,73.3,0.47,0.32,1.54,8.46,41.2,,,0.37,2.22,,,1.05,0,,,,1.1,519,3.49,0.2,,,,,,,289,,,,,0,,,,,,,,,205,,,,0,15,,0.422,0.001,,7.7,,1984-08-31 00:00:00,"平成元年度 全国地熱資源総合調査 広域熱水流動調査（第3次）鶴見岳地域 流体地化学調査報告書(要旨),1990"
大分県,南小国町満願寺黒川,131,8,58,33,4,24,680,井戸,温泉・鉱泉,40,,26.8,98,70,,3.4,3.4,,,,1440,,,,,,1.69,321,67.5,0.38,0.26,1.37,9.27,46.3,,,0.48,1.96,,,0.21,0,,,,1,436,2.35,0.16,,,,,,,310,,,,,0,,,,,,,,,180,,,,0.03,17,,0.485,0.0007,,6.43,,1984-08-31 00:00:00,"平成元年度 全国地熱資源総合調査 広域熱水流動調査（第3次）鶴見岳地域 流体地化学調査報告書(要旨),1990"
大分県,南小国町満願寺小東瀬,131,9,0,33,4,5,680,井戸,温泉・鉱泉,35,,27.1,84.9,,,3.4,3.33,,,,1460,,,,,,1.71,326,68.1,0.41,0.29,2.22,9.26,43.3,,,0.48,2.06,,,0.23,0,,,,1,447,2.46,0.18,,,,,,,304,,,,,0,,,,,,,,,181,,,,0.91,51,,0.681,0.0011,,6.66,,1984-08-31 00:00:00,"平成元年度 全国地熱資源総合調査 広域熱水流動調査（第3次）鶴見岳地域 流体地化学調査報告書(要旨),1990"
大分県,南小国町満願寺北黒川,131,8,41,33,4,4,685,井戸,温泉・鉱泉,29,,25,98,70,,3.3,3.3,,,,1770,,,,,,2.25,412,79.9,0.49,0.37,1.74,8.74,44.6,,,0.38,2.55,,,0.36,0,,,,1.1,582,3.57,0.19,,,,,,,317,,,,,0,,,,,,,,,223,,,,0,26,,0.561,0.0011,,8.77,,1984-08-31 00:00:00,"平成元年度 全国地熱資源総合調査 広域熱水流動調査（第3次）鶴見岳地域 流体地化学調査報告書(要旨),1990"
大分県,南小国町満願寺黒川,131,8,24,33,4,5,690,井戸,温泉・鉱泉,30,,32,90.5,43,,3.4,3.31,,,,1420,,,,,,1.69,316,66.2,0.4,0.28,1.89,8.84,42.9,,,0.44,2,,,0.23,0,,,,1,446,1.33,0.17,,,,,,,305,,,,,0,,,,,,,,,176,,,,1.6,60,,0.648,0.0011,,6.48,,1984-09-02 00:00:00,"平成元年度 全国地熱資源総合調査 広域熱水流動調査（第3次）鶴見岳地域 流体地化学調査報告書(要旨),1990"
大分県,南小国町満願寺田の原,131,8,24,33,4,5,600,湧泉,温泉・鉱泉,,,31.2,60.8,888,,7.3,8.62,,,,1200,,,,,,0.74,234,53.3,0.21,0.08,0.47,27.8,49.3,,,0.02,0.44,,,0.61,0,,,,0.4,229,1.1,0.1,,,,,,,226,,,,,326,,,,,,,,,192,,,,0,219,,0.051,0.0011,,3.59,,1984-09-02 00:00:00,"平成元年度 全国地熱資源総合調査 広域熱水流動調査（第3次）鶴見岳地域 流体地化学調査報告書(要旨),1990"
大分県,九重町湯坪,131,12,3,33,7,55,830,井戸,温泉・鉱泉,420,,24.6,41.9,18,,8,8.34,,,,149,,,,,,0.01,17,3.44,0,0.01,0,1.92,11.6,,,0.26,0.08,,,0.19,0,,,,0.1,2.1,0,0,,,,,,,8.2,,,,,86.8,,,,,,,,,58.3,,,,0,65,,0,0.0006,,0,,1984-09-04 00:00:00,"平成元年度 全国地熱資源総合調査 広域熱水流動調査（第3次）鶴見岳地域 流体地化学調査報告書(要旨),1990"
大分県,九重町田野,131,14,35,33,7,38,970,井戸,温泉・鉱泉,72,,19.2,46.5,58,,6.4,7.91,,,,3400,,,,,,0.13,204,37.7,0.14,0.04,0.32,137,473,,,0,4.75,,,18.7,0,,,,1.1,710,0.57,0.06,,,,,,,994,,,,,295,,,,,,,,,148,,,,0,253,,0,0.0003,,1.44,,1984-09-04 00:00:00,"平成元年度 全国地熱資源総合調査 広域熱水流動調査（第3次）鶴見岳地域 流体地化学調査報告書(要旨),1990"
大分県,九重町田野筌ノ口,131,14,36,33,9,36,770,井戸,温泉・鉱泉,100,,20,46.6,266,,7.1,8.14,,,,1990,,,,,,0.79,304,65.3,0.19,0.08,0.49,112,188,,,0,0.17,,,7.64,0,,,,0.3,246,0.51,0.07,,,,,,,331,,,,,1180,,,,,,,,,130,,,,0,910,,0.162,0.0002,,2.42,,1984-09-04 00:00:00,"平成元年度 全国地熱資源総合調査 広域熱水流動調査（第3次）鶴見岳地域 流体地化学調査報告書(要旨),1990"
大分県,湯布院町大字湯平字前田,131,19,39,33,11,14,590,井戸,温泉・鉱泉,450,,22.6,71.8,24,,7.5,8.7,,,,2150,,,,,,2.74,706,24.3,0.14,0.27,0.06,3.18,66.3,,,0,0.28,,,0.01,0.06,,,,1.9,723,2.63,0.1,,,,,,,99.9,,,,,693,,,,,,,,,102,,,,0,460,,0.154,0.0002,,7.75,,1984-09-05 00:00:00,"平成元年度 全国地熱資源総合調査 広域熱水流動調査（第3次）鶴見岳地域 流体地化学調査報告書(要旨),1990"
大分県,湯布院町大字湯平字屋敷,131,19,39,33,11,20,580,井戸,温泉・鉱泉,110,,22.6,78.2,51,,8.4,8.59,,,,1110,,,,,,1.1,344,14.2,0.08,0.19,0.02,0.77,24,,,0.03,0.02,,,0.13,0.04,,,,3,403,1.6,0.07,,,,,,,94.8,,,,,150,,,,,,,,,140,,,,0,109,,0.207,0.0002,,4.24,,1984-09-05 00:00:00,"平成元年度 全国地熱資源総合調査 広域熱水流動調査（第3次）鶴見岳地域 流体地化学調査報告書(要旨),1990"
大分県,湯布院町大字湯平字谷向,131,18,47,33,11,40,680,不明,温泉・鉱泉,,,21.2,35.8,67,,7.4,8.35,,,,189,,,,,,0.01,18.1,6.46,0.01,0.01,0,2.48,5.27,,,0,0,,,0,0,,,,0.1,1.8,0,0.01,,,,,,,7.6,,,,,78.8,,,,,,,,,104,,,,0,62,,0.001,0.0003,,0,,1984-09-04 00:00:00,"平成元年度 全国地熱資源総合調査 広域熱水流動調査（第3次）鶴見岳地域 流体地化学調査報告書(要旨),1990"
大分県,湯布院町大字湯平字栗谷,131,18,39,33,13,33,650,井戸,温泉・鉱泉,478,,19.6,76.1,18,,8.3,8.67,,,,904,,,,,,0.72,259,16.3,0.13,0.04,0.05,2.73,34.9,,,0,0.01,,,0.09,0,,,,2.4,270,0.64,0.07,,,,,,,135,,,,,185,,,,,,,,,69.5,,,,0,116,,0.069,0.0004,,3.02,,1984-09-04 00:00:00,"平成元年度 全国地熱資源総合調査 広域熱水流動調査（第3次）鶴見岳地域 流体地化学調査報告書(要旨),1990"
大分県,直入町長湯,131,23,15,33,4,10,450,井戸,温泉・鉱泉,170,,23.1,45.6,30,,7.2,8.21,,,,3060,,,,,,0.79,457,81.7,0.26,0.03,2.14,306,232,,,0,0.48,,,3,0,,,,0.9,210,0.74,0.08,,,,,,,374,,,,,2780,,,,,,,,,128,,,,0,2100,,0.004,0.0004,,1.69,,1984-09-03 00:00:00,"平成元年度 全国地熱資源総合調査 広域熱水流動調査（第3次）鶴見岳地域 流体地化学調査報告書(要旨),1990"
大分県,直入町長湯,131,23,3,33,3,59,450,井戸,温泉・鉱泉,91,,23.4,45.6,60,,7,8.17,,,,3150,,,,,,0.78,447,79.5,0.23,0.01,2.18,306,231,,,0.01,0.54,,,3.54,0,,,,0.9,212,0.74,0.08,,,,,,,380,,,,,2750,,,,,,,,,148,,,,0,2080,,0.004,0.0003,,1.74,,1984-09-03 00:00:00,"平成元年度 全国地熱資源総合調査 広域熱水流動調査（第3次）鶴見岳地域 流体地化学調査報告書(要旨),1990"
大分県,直入町長湯山脇,131,22,48,33,3,53,450,井戸,温泉・鉱泉,291,,23.1,45.3,160,,7.1,8.59,,,,3040,,,,,,0.86,495,91.8,0.26,0.01,2.12,330,222,,,0,0.47,,,3.44,0,,,,0.8,232,0.85,0.11,,,,,,,423,,,,,2460,,,,,,,,,136,,,,0,2010,,0.003,0.0003,,1.9,,1984-09-03 00:00:00,"平成元年度 全国地熱資源総合調査 広域熱水流動調査（第3次）鶴見岳地域 流体地化学調査報告書(要旨),1990"
大分県,直入町長湯栃原,131,22,42,33,3,38,460,井戸,温泉・鉱泉,150,,25.1,43,58,,7.1,8.59,,,,3570,,,,,,0.84,605,108,0.38,0.02,2.43,397,219,,,0,0.45,,,2.5,0,,,,1.1,192,0.74,0.08,,,,,,,333,,,,,3280,,,,,,,,,113,,,,0,2410,,0.013,0.0003,,1.31,,1984-09-03 00:00:00,"平成元年度 全国地熱資源総合調査 広域熱水流動調査（第3次）鶴見岳地域 流体地化学調査報告書(要旨),1990"
大分県,直入町長湯,131,21,55,33,3,41,480,井戸,温泉・鉱泉,200,,25.3,44.3,42,,7,8.72,,,,3030,,,,,,1.12,512,71.9,0.26,0,2.42,302,211,,,0,0.97,,,5.4,0,,,,0.8,207,0.64,0.11,,,,,,,473,,,,,2640,,,,,,,,,129,,,,0,1920,,0.006,0.0004,,2.66,,1984-09-03 00:00:00,"平成元年度 全国地熱資源総合調査 広域熱水流動調査（第3次）鶴見岳地域 流体地化学調査報告書(要旨),1990"
大分県,庄内町大字畑田字天神山,131,25,52,33,11,8,140,井戸,温泉・鉱泉,450,,24.3,35.5,56,,7.8,8.23,,,,229,,,,,,0.03,32.4,3.14,0,0,0,0.13,1.08,,,0.31,0.1,,,2.8,0.03,,,,1.8,4.1,0,0,,,,,,,7.3,,,,,78.3,,,,,,,,,119,,,,0,60,,0,0.0007,,0,,1984-09-05 00:00:00,"平成元年度 全国地熱資源総合調査 広域熱水流動調査（第3次）鶴見岳地域 流体地化学調査報告書(要旨),1990"
大分県,庄内町大字高岡橋爪,131,25,31,33,11,3,150,井戸,温泉・鉱泉,550,,24.7,42.3,82,,8.5,8.24,,,,203,,,,,,0.04,34.9,2.44,0.01,0,0,0.15,0.65,,,0.16,0.04,,,1.02,0,,,,1.2,5.3,0,0.01,,,,,,,18.1,,,,,39.1,,,,,,,,,100,,,,0,52,,0.013,0.0007,,0,,1984-09-05 00:00:00,"平成元年度 全国地熱資源総合調査 広域熱水流動調査（第3次）鶴見岳地域 流体地化学調査報告書(要旨),1990"
大分県,庄内町大字西長宝字上屋敷,131,26,30,33,11,3,120,井戸,温泉・鉱泉,500,,25.3,47.5,83,,8.4,8.34,,,,288,,,,,,0.05,46.6,6.76,0.03,0,0,0.08,0.73,,,0.22,0.04,,,1.2,0,,,,3.1,8.1,0,0.02,,,,,,,15.8,,,,,66,,,,,,,,,143,,,,0,74,,0,0.0014,,0.08,,1984-09-05 00:00:00,"平成元年度 全国地熱資源総合調査 広域熱水流動調査（第3次）鶴見岳地域 流体地化学調査報告書(要旨),1990"
大分県,庄内町東長宝字榎ツル,131,27,31,33,11,6,130,井戸,温泉・鉱泉,500,,25.4,55.1,276,,8.1,8.46,,,,2820,,,,,,0.37,755,86,0.21,0.04,0,1.39,56.7,,,0.07,0.05,,,0.28,0,,,,1.3,196,0.94,0.06,,,,,,,1590,,,,,168,,,,,,,,,142,,,,0,96,,0.004,0.0002,,0.76,,1984-09-05 00:00:00,"平成元年度 全国地熱資源総合調査 広域熱水流動調査（第3次）鶴見岳地域 流体地化学調査報告書(要旨),1990"
大分県,庄内町大字中原,131,27,11,33,10,33,100,井戸,温泉・鉱泉,500,,26.1,49.8,53,,8,8.56,,,,348,,,,,,0.13,59.1,16,0.05,0.04,0.12,0.4,2.51,,,0.1,0.11,,,1.06,0,,,,1.9,16.6,0.1,0.02,,,,,,,26.3,,,,,124,,,,,,,,,153,,,,0,103,,0.018,0.0001,,0.21,,1984-09-05 00:00:00,"平成元年度 全国地熱資源総合調査 広域熱水流動調査（第3次）鶴見岳地域 流体地化学調査報告書(要旨),1990"
大分県,庄内町大字大竜字松の本,131,26,20,33,10,28,140,井戸,温泉・鉱泉,500,,26.1,39.3,52,,8.3,8.48,,,,647,,,,,,0.14,160,31.8,0.08,0.04,0,0.89,5.99,,,0,0.05,,,0.06,0,,,,1.1,73.3,0.23,0.04,,,,,,,171,,,,,118,,,,,,,,,136,,,,0,99,,0.221,0.0002,,0.61,,1984-09-05 00:00:00,"平成元年度 全国地熱資源総合調査 広域熱水流動調査（第3次）鶴見岳地域 流体地化学調査報告書(要旨),1990"
