都道府県名,所在地,東経（゜）,東経（′）,東経（″),北緯（゜）,北緯（′）,北緯（″),標高（ｍ）,水源種別,利用目的,井戸深度,採水標高,気温,水温,湧出量,水質（外観臭味）,ｐＨ,ＲｐＨ,Ｒｎ(マッヘ),比重,密度,蒸発残留物,電気伝導度,水比抵抗,ＥＨ,ＫＭｎＯ４消費,Ｈ＋,Ｌｉ＋,Na＋,Ｋ＋,Ｒｂ＋,Ｃｓ＋,ＮＨ４＋,Ｍｇ２＋,Ｃａ２＋,Ｓｒ２＋,Ｂａ２＋,Ａｌ３＋,Ｍｎ２＋,Ｆｅ２＋,Ｆｅ３＋,Ｔ−Ｆｅ,Ｃｕ２＋,Ｚｎ２＋,Ｐｂ２＋,Ｓｉ４＋,Ｆ−,Ｃｌ−,Ｂｒ−,I−,OH−,ＮＯ２−,ＮＯ３−,ＨＳ−,Ｓ２Ｏ３2−,ＨＳＯ４−,ＳＯ４２−,ＳＯ３２−,Ｈ２ＰＯ４−,ＨＰＯ４２−,ＰＯ４３−,ＨＣＯ３−,ＣＯ３２−,ＨＳｉＯ３−,ＳｉＯ３２−,ＢＯ２−,Ｈ２ＳＯ４,Ｈ３ＰＯ４,ＨＡｓＯ２,ＡｓＯ２-,ＳｉO２,Ｈ２ＳｉＯ３,ＨＢＯ２,ｄｉｓ．０２,ｆｒｅｅ　Ｈ２Ｓ,ｆｒｅｅ　ＣＯ２,Ｔ−ＣＯ２,Ｔ−Ａｓ,Ｔ−Ｈｇ,Ｔ−Ｐ,Ｔ−Ｂ,単位,調査日,文献名
新潟県,西山油田湯の入地区,,,,,,,,井戸,油井,434.5,,21,21.5,,,6.7,7.9,,,,,,,,,,,,,,,13.8,,,,,,,19.44,1.39,20.83,,,,,,6750,,,,0,0,,,,,,,,,17.2,0,,,,,,,,,,,0.7,,154,1380,,,0.02,,,1953-05-01 00:00:00,"新潟油田の地化学的予察報告,地調月報, 1955"
新潟県,西山油田湯の入地区,,,,,,,,井戸,油井,662.7,,21,28.5,,,7.3,7.6,,,,,,,,,,,,,,,28.4,,,,,,,13.22,3.23,16.45,,,,,,15790,,,,0,0,,,,,,,,,579,0,,,,,,,,,,,0.38,,60.5,479,,,0.02,,,1953-05-01 00:00:00,"新潟油田の地化学的予察報告,地調月報, 1955"
新潟県,西山油田湯の入地区,,,,,,,,井戸,油井,232.4,,21,18.3,,,6.9,7.3,,,,,,,,,,,,,,,21.7,,,,,,,25,3.57,28.57,,,,,,7090,,,,0,0,,,,,,,,,1050,0,,,,,,,,,,,0.65,,198,956,,,0.08,,,1953-05-01 00:00:00,"新潟油田の地化学的予察報告,地調月報, 1955"
新潟県,西山油田湯の入地区,,,,,,,,井戸,油井,352.7,,21,22.1,,,6.5,7.5,,,,,,,,,,,,,,,22.5,,,,,,,27.5,1.35,28.85,,,,,,12980,,,,0,0,,,,,,,,,1950,0,,,,,,,,,,,0.41,,434,1840,,,0.08,,,1953-05-01 00:00:00,"新潟油田の地化学的予察報告,地調月報, 1955"
新潟県,西山油田湯の入地区,,,,,,,,井戸,油井,1400,,21,21.5,,,7.3,7.8,,,,,,,,,,,,,,,18.2,,,,,,,17.5,2.14,19.64,,,,,,6800,,,,0,0,,,,,,,,,2250,0,,,,,,,,,,,0.001,,44,1660,,,0.08,,,1953-05-01 00:00:00,"新潟油田の地化学的予察報告,地調月報, 1955"
新潟県,西山油田別山地区,,,,,,,,井戸,油井,1640,,22.5,,,,7.1,7.7,,,,,,,,,,,,,,,20.9,,,,,,,18.42,,12.5,,,,,,7002,,,,0,0,,,,,,,,,3010,0,,,,,,,,,,,0.61,,4.8,2180,,,0.02,,,1953-05-01 00:00:00,"新潟油田の地化学的予察報告,地調月報, 1955"
新潟県,西山油田別山地区,,,,,,,,井戸,油井,1670,,19,15.6,,,7.3,7.4,,,,,,,,,,,,,,,13.2,,,,,,,26.92,1.08,28,,,,,,7852,,,,0,0,,,,,,,,,4440,0,,,,,,,,,,,0.52,,16.1,3220,,,0,,,1953-05-01 00:00:00,"新潟油田の地化学的予察報告,地調月報, 1955"
新潟県,西山油田別山地区,,,,,,,,井戸,油井,1575,,19,,,,7.3,7.3,,,,,,,,,,,,,,,14.1,,,,,,,5.47,0.24,5.71,,,,,,5791,,,,0,0,,,,,,,,,2650,0,,,,,,,,,,,,,1.1,1200,,,0,,,1953-05-01 00:00:00,"新潟油田の地化学的予察報告,地調月報, 1955"
新潟県,西山油田別山地区,,,,,,,,井戸,油井,1530,,19,,,,7.9,8.2,,,,,,,,,,,,,,,19,,,,,,,1.48,5.78,7.27,,,,,,6514,,,,0,0,,,,,,,,,2950,0,,,,,,,,,,,1.07,,2.4,2110,,,0.02,,,1953-05-01 00:00:00,"新潟油田の地化学的予察報告,地調月報, 1955"
新潟県,西山油田別山地区,,,,,,,,井戸,油井,1517,,19,,,,7.8,7.8,,,,,,,,,,,,,,,18.5,,,,,,,,,14.7,,,,,,7094,,,,,,,,,,,,,,2920,0,,,,,,,,,,,,,2.4,2100,,,,,,1953-05-01 00:00:00,"新潟油田の地化学的予察報告,地調月報, 1955"
新潟県,西山油田別山地区,,,,,,,,井戸,油井,1535,,19,,,,7.7,8.1,,,,,,,,,,,,,,,18.4,,,,,,,,,,,,,,,6839,,,,0,0,,,,,,,,,2650,0,,,,,,,,,,,,,1.5,1190,,,0.02,,,1953-05-01 00:00:00,"新潟油田の地化学的予察報告,地調月報, 1955"
新潟県,新津油田小口地区,,,,,,,,井戸,油井,741.4,,20,,,,7.8,8.1,,,,,,,,,,,,,,,9.5,,,,,,,,,19.69,,,,,,3505,,,,0,0,,,,,,,,,4500,12,,,,,,,,,,,,,0,3250,,,0.02,,,1953-05-01 00:00:00,"新潟油田の地化学的予察報告,地調月報, 1955"
新潟県,新津油田小口地区,,,,,,,,井戸,油井,345.2,,20,,,,7,8,,,,,,,,,,,,,,,3.6,,,,,,,3.57,0.47,4.04,,,,,,3929,,,,0,0,,,,,,,,,3860,0,,,,,,,,,,,0.99,,147,2920,,,0.02,,,1953-05-01 00:00:00,"新潟油田の地化学的予察報告,地調月報, 1955"
新潟県,新津油田小口地区,,,,,,,,井戸,油井,196.4,,20,,,,6.9,7.9,,,,,,,,,,,,,,,5.55,,,,,,,9.62,0.18,9.8,,,,,,2567,,,,0,0,,,,,,,,,2790,0,,,,,,,,,,,2.14,,312,2380,,,0.02,,,1953-05-01 00:00:00,"新潟油田の地化学的予察報告,地調月報, 1955"
新潟県,新津油田小口地区,,,,,,,,井戸,油井,332.8,,15,24.4,,,7.2,8,,,,,,,,,,,,,,,9,,,,,,,3.24,1.6,4.84,,,,,,6414,,,,0,0,,,,,,,,,2410,0,,,,,,,,,,,1.53,,39.6,1780,,,0.03,,,1953-05-01 00:00:00,"新潟油田の地化学的予察報告,地調月報, 1955"
新潟県,新津油田小口地区,,,,,,,,井戸,油井,118.5,,20,24.5,,,6.8,8.3,,,,,,,,,,,,,,,8.14,,,,,,,2.21,0.98,3.19,,,,,,2145,,,,0,0,,,,,,,,,1900,0,,,,,,,,,,,1.76,,99,1470,,,0.05,,,1953-05-01 00:00:00,"新潟油田の地化学的予察報告,地調月報, 1955"
新潟県,新津油田小口地区,,,,,,,,井戸,油井,,,20,25,,,6.5,7.8,,,,,,,,,,,,,,,5.74,,,,,,,24,1,25,,,,,,3356,,,,0,0,,,,,,,,,2550,0,,,,,,,,,,,0.84,,443,2280,,,0.08,,,1953-05-01 00:00:00,"新潟油田の地化学的予察報告,地調月報, 1955"
新潟県,新津油田小口地区,,,,,,,,井戸,油井,382.4,,20,20.8,,,7.1,7.7,,,,,,,,,,,,,,,6.23,,,,,,,0.53,8.17,8.7,,,,,,3816,,,,0,0,,,,,,,,,4370,0,,,,,,,,,,,2.09,,88,3230,,,0,,,1953-05-01 00:00:00,"新潟油田の地化学的予察報告,地調月報, 1955"
新潟県,新津油田小口地区,,,,,,,,井戸,油井,399.3,,20,23,,,7.1,8.1,,,,,,,,,,,,,,,3.55,,,,,,,0.88,5.39,6.27,,,,,,3321,,,,0,0,,,,,,,,,4160,5,,,,,,,,,,,1.99,,123,3120,,,0.3,,,1953-05-01 00:00:00,"新潟油田の地化学的予察報告,地調月報, 1955"
新潟県,牧油田岩神地区,,,,,,,,井戸,油井,374.5,,22.8,12,,,7.3,8.1,,,,,,,,,,,,,,,7.69,,,,,,,18.21,7.29,25.5,,,,,,2485,,,,0,0,,,,,,,,,1740,0,,,,,,,,,,,0.48,,17.6,1270,,,0.02,,,1953-05-01 00:00:00,"新潟油田の地化学的予察報告,地調月報, 1955"
新潟県,牧油田岩神地区,,,,,,,,井戸,油井,316,,21.6,15.5,,,8.8,8.9,,,,,,,,,,,,,,,17.8,,,,,,,7.84,11.39,19.23,,,,,,7455,,,,0,0,,,,,,,,,768,276,,,,,,,,,,,1.29,,0,830,,,0.02,,,1953-05-01 00:00:00,"新潟油田の地化学的予察報告,地調月報, 1955"
新潟県,牧油田岩神地区,,,,,,,,井戸,油井,340.3,,26.5,14.4,,,8.7,8.7,,,,,,,,,,,,,,,21.3,,,,,,,20,5,25,,,,,,7915,,,,0,0,,,,,,,,,1180,276,,,,,,,,,,,,,0,1130,,,0.02,,,1953-05-01 00:00:00,"新潟油田の地化学的予察報告,地調月報, 1955"
新潟県,牧油田棚広地区,,,,,,,,井戸,油井,276.3,,,,,,8.8,8.4,,,,,,,,,,,,,,,11.5,,,,,,,24.44,0.84,25.38,,,,,,4855,,,,0,0,,,,,,,,,275,180,,,,,,,,,,,0.23,,0,378,,,0,,,1953-05-01 00:00:00,"新潟油田の地化学的予察報告,地調月報, 1955"
新潟県,牧油田上原地区,,,,,,,,井戸,油井,285.8,,29.6,25,,,8.8,8.8,,,,,,,,,,,,,,,15,,,,,,,7.91,14.59,22.5,,,,,,7413,,,,0,0,,,,,,,,,1330,144,,,,,,,,,,,0.5,,0,1100,,,0.75,,,1953-05-01 00:00:00,"新潟油田の地化学的予察報告,地調月報, 1955"
新潟県,牧油田原地区,,,,,,,,井戸,油井,,,,13.4,,,8.5,8.7,,,,,,,,,,,,,,,16.9,,,,,,,4.06,6.77,10.83,,,,,,7417,,,,0,0,,,,,,,,,1970,240,,,,,,,,,,,1.21,,0,1660,,,0,,,1953-05-01 00:00:00,"新潟油田の地化学的予察報告,地調月報, 1955"
新潟県,新潟ガス田,,,,,,,,井戸,ガス井,,,,,2220,,7.3,7.8,,,,,,,,129.8,,,,,,,78.4,494,46.1,,,,,13.1,,13.3,,,,,,10520,,,,,,,,,,,,,,1052,,,,,,,,,,,,,,,760,,,,,,,本邦天然ガス鉱床の地質学的研究，地調報告，1956
新潟県,長岡市,138,52,40,37,24,10,,井戸,用水,,,,13.7,,,7.3,7.5,,,,,,,,0.3,,,9.7,3.2,,,0,3.1,7.8,,,,,0,0.03,,,,,,,8.6,,,,0,,,,,5,,,,,55.6,,,,,,,,,30.4,,,7.7,,1.1,,,,0.08,,,1957-11-01 00:00:00,新潟県新潟市・長岡市および新発田市工業用水源調査報告，地調月報，1958
新潟県,長岡市,138,53,0,37,28,40,,井戸,用水,,,,16.7,,,7.1,7.3,,,,,,,,4,,,12.7,3.1,,,8,7.2,15.1,,,,,1.25,0.31,,,,,,,9.7,,,,0,,,,,2,,,,,106.6,,,,,,,,,30,,,1.6,,3.9,,,,0.65,,,1957-11-01 00:00:00,新潟県新潟市・長岡市および新発田市工業用水源調査報告，地調月報，1958
新潟県,長岡市,138,51,30,37,28,10,,井戸,用水,125,,,,2300,,6.8,7.2,,,,,,,,0.3,,,12.8,2.4,,,0,12.1,33.6,,,,,0.26,0.02,,,,,,,16.4,,,,0.02,,,,,0.11,,,,,160.3,,,,,,,,,14.5,,,0.7,,6.1,,,,0.06,,,1957-11-01 00:00:00,新潟県新潟市・長岡市および新発田市工業用水源調査報告，地調月報，1958
新潟県,長岡市,138,51,30,37,28,10,,井戸,用水,87,,,13.6,1800,,7.1,7.3,,,,,,,,4.1,,,9.8,2,,,0.1,5.6,10.3,,,,,0.63,0.03,,,,,,,9.6,,,,0,,,,,0,,,,,75.1,,,,,,,,,23.2,,,0.4,,2.2,,,,0.39,,,1957-11-01 00:00:00,新潟県新潟市・長岡市および新発田市工業用水源調査報告，地調月報，1958
新潟県,,138,36,5,37,3,47,,井戸,温泉・鉱泉,,,,80,,,7.7,,,,,,,,,,,,3756,98,,,,26.2,1861,,,,,,,,,,,,,9131,35.9,0,,,,,,,88.9,,,,,45.8,,,,,,,,,,,,,0,,,,,,,,,"本邦高鹹泉の温泉地質的意義,地調月報,1958"
新潟県,,138,36,5,37,3,47,,井戸,温泉・鉱泉,,,,80,,,7.4,,,,,,,,,,,,3750,114,,,,3.7,1817,,,,,,,,,,,,,8563,33.6,0.85,,,,,,,70.8,,,,,41.5,,,,,,,,,,,,,0,,,,,,,,,"本邦高鹹泉の温泉地質的意義,地調月報,1958"
新潟県,,138,32,19,37,21,44,,井戸,温泉・鉱泉,,,,47.5,,,7.1,,,,,,,,,,,,5263,90,,,,83.2,278.1,,,,,,,,,,,,,9343,47.2,6.7,,,,,,,,,,,,524.6,,,,,,,,,,,,,0,,,,,,,,,"本邦高鹹泉の温泉地質的意義,地調月報,1958"
新潟県,,138,32,19,37,21,44,,井戸,温泉・鉱泉,,,,36.5,,,7.1,,,,,,,,,,,,5069,100,,,,97.8,266.8,,,,,,,,,,,,,8935,,,,,,,,,,,,,,603.9,,,,,,,,,,,,,0,,,,,,,,,"本邦高鹹泉の温泉地質的意義,地調月報,1958"
新潟県,,138,50,44,37,28,30,,井戸,温泉・鉱泉,,,,41,,,7.5,,,,,,,,,,,,1087,148,,,,7,40.7,,,,,,,,,,,,,1631,,,,,,,,,,,,,,538,,,,,,,,,,,,,0,,,,,,,,,"本邦高鹹泉の温泉地質的意義,地調月報,1958"
新潟県,,139,7,53,37,47,40,,井戸,温泉・鉱泉,,,,48.5,,,7.7,,,,,,,,,,,,4291,45,,,,8.3,21.4,,,,,,,,,,,,,5106,22.2,6.3,,,,,,,,,,,,2952,,,,,,,,,,,,,0,,,,,,,,,"本邦高鹹泉の温泉地質的意義,地調月報,1958"
新潟県,,139,18,36,37,52,26,,井戸,温泉・鉱泉,,,,48,,,7.5,,,,,,,,,,,,1372,28,,,,33.6,75.4,,,,,,,,,,,,,1666,,,,,,,,,564.6,,,,,149.5,,,,,,,,,,,,,96.2,,,,,,,,,"本邦高鹹泉の温泉地質的意義,地調月報,1958"
新潟県,,139,26,34,38,12,30,,井戸,温泉・鉱泉,,,,104,,,8.6,,,,,,,,,,,,1206,80,,,,1.5,93.7,,,,,,,,,,,,,1950,11.1,0.2,,,,,,,240.8,,,,,46.4,22.5,,,,,,,,,,,,2.5,,,,,,,,,"本邦高鹹泉の温泉地質的意義,地調月報,1958"
新潟県,,139,4,46,37,11,33,,湧泉,温泉・鉱泉,,,,56,,,8.4,,,,,,,,,,,,,,,,,,60,,,,,,,,,,,,,50,,,,,,,,,155.5,,,,,35,6,,,,,,,,,,,,,,,,,,,,,"本邦温泉の地域性について（その２）,地学雑誌,1960"
新潟県,,139,5,27,37,10,44,,湧泉,温泉・鉱泉,,,,38,,,8.6,,,,,,,,,,,,,,,,,,50,,,,,,,,,,,,,20,,,,,,,,,123.5,,,,,39.6,5.3,,,,,,,,,,,,,,,,,,,,,"本邦温泉の地域性について（その２）,地学雑誌,1960"
新潟県,,137,52,34,36,51,50,,湧泉,温泉・鉱泉,,,,47.5,,,6.5,,,,,1424,,,,,,,,,,,,17.2,122.2,,,,,,,,,,,,,337.5,,,,,,,,,120.8,,,,,786,,,,,,,,,,,,,,52,,,,,,,,"本邦諸温泉の地質学的研究,地調報告,1962"
新潟県,,137,52,34,36,51,50,,湧泉,温泉・鉱泉,,,,62.5,,,6.3,,,,,1346,,,,,,,,,,,,25.2,87.4,,,,,,,,,,,,,412.7,,,,,,,,,81.4,,,,,610,,,,,,,,,,,,,,33,,,,,,,,"本邦諸温泉の地質学的研究,地調報告,1962"
新潟県,,137,52,34,36,51,50,,湧泉,温泉・鉱泉,,,,48.2,,,6.2,,,,,880,,,,,,,,,,,,22.7,57.3,,,,,,,,,,,,,268,,,,,,,,,55.5,,,,,378,,,,,,,,,,,,,,33,,,,,,,,"本邦諸温泉の地質学的研究,地調報告,1962"
新潟県,,137,52,34,36,51,50,,湧泉,温泉・鉱泉,,,,44.5,,,6.6,,,,,,,,,,,,,,,,,,,,,,,,,,,,,,,,,,,,,,,,,,,,,,,,,,,,,,,,,,,,,,,,,,,"本邦諸温泉の地質学的研究,地調報告,1962"
新潟県,2号井（ガス試堀井）,138,52,34,37,3,29,,井戸,温泉・鉱泉,330,,,58,,,7.2,,,,,1359,,,,,,,400,15,,,,1.7,71.8,,,0,,0,,,,,,,,633,1.95,0.5,,,,,,,38.7,,,,,73.26,,,,,,,,,,,,,,4.2,,,,,,,,"本邦諸温泉の地質学的研究,地調報告,1962"
新潟県,4号井（ガス試堀井）,138,52,34,37,3,29,,井戸,温泉・鉱泉,360,,,52,,,7.2,,,,,1487,,,,,,,428,18,,,,1.2,78.4,,,0,,0,,,,,,,,689,2.11,0.55,,,,,,,41.2,,,,,51.9,,,,,,,,,,,,,,4.2,,,,,,,,"本邦諸温泉の地質学的研究,地調報告,1962"
新潟県,中越バス源泉（ガス試堀井）,138,52,34,37,3,29,,井戸,温泉・鉱泉,400,,,50,,,7.2,,,,,1764,,,,,,,481,20,,,,1.8,94.8,,,0,,0,,,,,,,,828,2.84,0.6,,,,,,,37,,,,,54.9,,,,,,,,,,,,,,3.8,,,,,,,,"本邦諸温泉の地質学的研究,地調報告,1962"
新潟県,梶山新湯,137,56,21,36,55,52,,湧泉,温泉・鉱泉,,,,50,,,6.6,,,,,1690,,,,,,,,,,,,10.4,64.9,,,,,,,,,,,,,331.9,,,,,,,,,7.4,,,,,1238,,,,,,,,,,,,,,50,,,,,,,,"本邦諸温泉の地質学的研究,地調報告,1962"
新潟県,梶山元湯,137,57,58,36,55,0,,湧泉,温泉・鉱泉,,,,33.5,,,7,,,,,1124,,,,,,,,,,,,6.4,23.5,,,,,,,,,,,,,147.5,,,,,,,,,4.5,,,,,921,,,,,,,,,,,,,,17,,,,,,,,"本邦諸温泉の地質学的研究,地調報告,1962"
新潟県,薬師湯,137,48,10,36,48,30,,湧泉,温泉・鉱泉,,,,56.5,,,2,,,,,1544,,,,,,,,,,,,66.2,16.9,,,,,,,,,,,,,11.3,,,,,,,,,879.9,,,,,,,,,,,,,,,,,,,,,,,,,,,"本邦諸温泉の地質学的研究,地調報告,1962"
新潟県,仙気湯,137,48,10,36,48,30,,湧泉,温泉・鉱泉,,,,54.5,,,2.7,,,,,550,,,,,,,,,,,,16.9,12.2,,,,,,,,,,,,,11.3,,,,,,,,,259.6,,,,,,,,,,,,,,,,,,,,,,,,,,,"本邦諸温泉の地質学的研究,地調報告,1962"
新潟県,総湯,137,48,10,36,48,30,,湧泉,温泉・鉱泉,,,,68,,,3.2,,,,,274,,,,,,,,,,,,,7.5,,,,,,,,,,,,,5.6,,,,,,,,,121.2,,,,,,,,,,,,,,,,,,,,,,,,,,,"本邦諸温泉の地質学的研究,地調報告,1962"
新潟県,黄金湯,137,48,10,36,48,30,,湧泉,温泉・鉱泉,,,,41,,,7.3,,,,,1168,,,,,,,,,,,,148.4,25.3,,,,,,,,,,,,,11.3,,,,,,,,,115.5,,,,,1116,,,,,,,,,,,,,,6.6,,,,,,,,"本邦諸温泉の地質学的研究,地調報告,1962"
新潟県,KR-1-1,,,,,,,,井戸,ガス井,,,,41.7,1072,,7.7,,,,,,,,,,,,,,,,247.3,,,,,,,,,,,,,,,1220,,,,,,,,,,,,,,,,,,,,,,,,,,,,,,,,,,,1962-05-24 00:00:00,"日本の天然ガスの成因,アメリカ石油地質学雑誌,1964"
新潟県,KR-5-2,,,,,,,,井戸,ガス井,,,,,0.34,,,,,,,,,,,,,,,,,,,,,,,,,,,,,,,,,,,,,,,,,,,,,,,,,,,,,,,,,,,,,,,,,,,,1962-05-23 00:00:00,"日本の天然ガスの成因,アメリカ石油地質学雑誌,1964"
新潟県,KR-9-2,,,,,,,,井戸,ガス井,,,,,0,,,,,,,,,,,,,,,,,,,,,,,,,,,,,,,,,,,,,,,,,,,,,,,,,,,,,,,,,,,,,,,,,,,,1962-05-23 00:00:00,"日本の天然ガスの成因,アメリカ石油地質学雑誌,1964"
新潟県,KR-15-1,,,,,,,,井戸,ガス井,,,,,4.57,,,,,,,,,,,,,,,,,,,,,,,,,,,,,,,,,,,,,,,,,,,,,,,,,,,,,,,,,,,,,,,,,,,,1962-05-23 00:00:00,"日本の天然ガスの成因,アメリカ石油地質学雑誌,1964"
新潟県,１．（ますふく）,139,26,50,38,12,40,,不明,温泉・鉱泉,,,,98,,,8,,,,,,,,,,,,1260,48.2,,,,3.5,66.3,,,,,,,,,,,,,1900,,,,,,,,,244,,,,,,,,,,,,,,,,,,,,,,,,,,1963,"日本の熱水系の水素，酸素の同位元素比と主成分化学について,地球科学ジャーナル1973"
新潟県,２．（りゅうせんかく）,139,26,50,38,12,40,,不明,温泉・鉱泉,,,,97,,,8.6,,,,,,,,,,,,1240,78.2,,,,0.6,93,,,,,,,,,,,,,2030,,,,,,,,,220,,,,,,,,,,,,,,,,,,,,,,,,,,1963,"日本の熱水系の水素，酸素の同位元素比と主成分化学について,地球科学ジャーナル1973"
新潟県,３．（だいかんそう）,139,26,50,38,12,40,,不明,温泉・鉱泉,,,,89,,,8.6,,,,,,,,,,,,1345,65.5,,,,1.4,87,,,,,,,,,,,,,2049,,,,,,,,,175,,,,,,,,,,,,,,,,,,,,,,,,,,1963,"日本の熱水系の水素，酸素の同位元素比と主成分化学について,地球科学ジャーナル1973"
新潟県,,139,35,10,38,4,50,,不明,温泉・鉱泉,,,,73,,,7.8,,,,,,,,,,,,630,45.7,,,,2.7,72.3,,,,,,,,,,,,,764,,,,,,,,,460,,,,,,,,,,,,,,,,,,,,,,,,,,1963,"日本の熱水系の水素，酸素の同位元素比と主成分化学について,地球科学ジャーナル1973"
新潟県,,,,,,,,,不明,温泉・鉱泉,,,,87,,,7.9,,,,,,,,,,,,768,50.5,,,,2.1,70.1,,,,,,,,,,,,,976,,,,,,,,,478,,,,,,,,,,,,,,,,,,,,,,,,,,1963,"日本の熱水系の水素，酸素の同位元素比と主成分化学について,地球科学ジャーナル1973"
新潟県,,139,18,50,37,52,40,,不明,温泉・鉱泉,,,,49,,,8.3,,,,,,,,,,,,1290,28.1,,,,27.8,35.3,,,,,,,,,,,,,,,,,,,,,,1094,,,,,,,,,,,,,,,,,,,,,,,,,,1963,"日本の熱水系の水素，酸素の同位元素比と主成分化学について,地球科学ジャーナル1973"
新潟県,,,,,,,,,不明,温泉・鉱泉,,,,48,,,7.6,,,,,,,,,,,,1040,21.8,,,,10.1,187,,,,,,,,,,,,,815,,,,,,,,,1650,,,,,,,,,,,,,,,,,,,,,,,,,,1963,"日本の熱水系の水素，酸素の同位元素比と主成分化学について,地球科学ジャーナル1973"
新潟県,,,,,,,,,不明,温泉・鉱泉,,,,42,,,7.9,,,,,,,,,,,,1360,29.9,,,,8.5,97.5,,,,,,,,,,,,,641,,,,,,,,,499,,,,,,,,,,,,,,,,,,,,,,,,,,1963,"日本の熱水系の水素，酸素の同位元素比と主成分化学について,地球科学ジャーナル1973"
新潟県,,138,48,0,36,56,40,,不明,温泉・鉱泉,,,,61,,,7.9,,,,,,,,,,,,148,8.4,,,,0.7,57,,,,,,,,,,,,,241,,,,,,,,,106,,,,,,,,,,,,,,,,,,,,,,,,,,1963,"日本の熱水系の水素，酸素の同位元素比と主成分化学について,地球科学ジャーナル1973"
新潟県,,138,9,40,36,54,20,,不明,温泉・鉱泉,,,,45,,,7.6,,,,,,,,,,,,439,34.7,,,,31.6,58.9,,,,,,,,,,,,,655,,,,,,,,,3,,,,,,,,,,,,,,,,,,,,,,,,,,1963,"日本の熱水系の水素，酸素の同位元素比と主成分化学について,地球科学ジャーナル1973"
新潟県,,138,52,20,37,3,40,,不明,温泉・鉱泉,,,,50,,,7.9,,,,,,,,,,,,330,15.2,,,,0.7,61,,,,,,,,,,,,,577,,,,,,,,,36.3,,,,,,,,,,,,,,,,,,,,,,,,,,1963,"日本の熱水系の水素，酸素の同位元素比と主成分化学について,地球科学ジャーナル1973"
新潟県,五泉市,,,,,,,,井戸,用水,150,,,14.9,,,6.3,,,,,,,,,,,,9.9,0.7,,,,3.7,9.2,,,,,,,0.03,,,,,,11.6,,,,,,,,,5.2,,,,,62.24,,,,,,,,,22.3,,,,,,,,,,,,1966-07-27 00:00:00,"阿賀野川水系，早出川扇状地の地下水,地調月報,1974"
新潟県,五泉市,,,,,,,,井戸,用水,45,,,13.4,,,6.5,,,,,,,,,0.26,,,6.9,1.3,,,,5.1,5.4,,,,,,,0,,,,,,12.4,,,,,,,,,6.1,,,,,42.71,,,,,,,,,21.6,,,,,,,,,,,,1966-07-27 00:00:00,"阿賀野川水系，早出川扇状地の地下水,地調月報,1974"
新潟県,五泉市,,,,,,,,井戸,用水,47,,,13,,,6.5,,,,,,,,,0.77,,,7.3,1.3,,,,4.4,7.6,,,,,,,1.22,,,,,,10.6,,,,,,,,,5.5,,,,,53.7,,,,,,,,,20,,,,,,,,,,,,1966-07-27 00:00:00,"阿賀野川水系，早出川扇状地の地下水,地調月報,1974"
新潟県,五泉市,,,,,,,,井戸,用水,45.5,,,12.5,,,6.4,,,,,,,,,0.25,,,5.6,0.6,,,,2.8,3.6,,,,,,,0.03,,,,,,10.6,,,,,,,,,4.9,,,,,23.19,,,,,,,,,18.8,,,,,,,,,,,,1966-07-27 00:00:00,"阿賀野川水系，早出川扇状地の地下水,地調月報,1974"
新潟県,五泉市,,,,,,,,井戸,用水,36,,,13.5,,,6.6,,,,,,,,,0.26,,,6.2,1.2,,,,2.8,5.5,,,,,,,0,,,,,,12,,,,,,,,,4,,,,,24.41,,,,,,,,,16.5,,,,,,,,,,,,1966-07-27 00:00:00,"阿賀野川水系，早出川扇状地の地下水,地調月報,1974"
新潟県,五泉市,,,,,,,,井戸,用水,73,,,13.8,,,6.4,,,,,,,,,0.42,,,7.1,1.6,,,,4.4,10.3,,,,,,,1.04,,,,,,13.4,,,,,,,,,4.4,,,,,64.68,,,,,,,,,23,,,,,,,,,,,,1966-07-27 00:00:00,"阿賀野川水系，早出川扇状地の地下水,地調月報,1974"
新潟県,五泉市,,,,,,,,井戸,用水,21.5,,,13.9,,,6.4,,,,,,,,,0.9,,,7.5,1.9,,,,4.5,10.8,,,,,,,2.58,,,,,,12.4,,,,,,,,,4.7,,,,,68.34,,,,,,,,,25.2,,,,,,,,,,,,1966-07-27 00:00:00,"阿賀野川水系，早出川扇状地の地下水,地調月報,1974"
新潟県,五泉市,,,,,,,,井戸,用水,11,,,14,,,6.5,,,,,,,,,0.82,,,7.5,1.6,,,,4.7,11.6,,,,,,,0.73,,,,,,13.4,,,,,,,,,4.6,,,,,72,,,,,,,,,23.5,,,,,,,,,,,,1966-07-27 00:00:00,"阿賀野川水系，早出川扇状地の地下水,地調月報,1974"
新潟県,村松町,,,,,,,,井戸,用水,38,,,13.4,,,6.2,,,,,,,,,0.21,,,8.1,1.3,,,,2.1,5.8,,,,,,,0,,,,,,15.5,,,,,,,,,3.4,,,,,20.75,,,,,,,,,15.8,,,,,,,,,,,,1966-07-27 00:00:00,"阿賀野川水系，早出川扇状地の地下水,地調月報,1974"
新潟県,村松町,,,,,,,,井戸,用水,40,,,13.6,,,6,,,,,,,,,,,,8.5,1.3,,,,3.4,4.4,,,,,,,0,,,,,,17.7,,,,,,,,,10.9,,,,,8.54,,,,,,,,,12,,,,,,,,,,,,1966-07-27 00:00:00,"阿賀野川水系，早出川扇状地の地下水,地調月報,1974"
新潟県,村松町,,,,,,,,井戸,用水,23,,,14,,,5.9,,,,,,,,,0.23,,,6,1.4,,,,3.1,5.6,,,,,,,0.02,,,,,,13.1,,,,,,,,,4.7,,,,,23.19,,,,,,,,,13,,,,,,,,,,,,1966-07-27 00:00:00,"阿賀野川水系，早出川扇状地の地下水,地調月報,1974"
新潟県,村松町,,,,,,,,井戸,用水,8,,,14,276,,6.1,,,,,,,,,0.23,,,10.9,5.9,,,,3.3,8.3,,,,,,,0.02,,,,,,22.3,,,,,,,,,3.2,,,,,24.41,,,,,,,,,15,,,,,,,,,,,,1966-07-27 00:00:00,"阿賀野川水系，早出川扇状地の地下水,地調月報,1974"
新潟県,村松町,,,,,,,,井戸,用水,4.5,,,16.3,,,6.1,,,,,,,,,0.29,,,5.3,1.3,,,,2,4.8,,,,,,,0.06,,,,,,12,,,,,,,,,7.7,,,,,17.09,,,,,,,,,9.5,,,,,,,,,,,,1966-07-27 00:00:00,"阿賀野川水系，早出川扇状地の地下水,地調月報,1974"
新潟県,村松町,,,,,,,,井戸,用水,40,,,14,,,6.2,,,,,,,,,1.69,,,9.6,1.9,,,,2.3,4.6,,,,,,,6.9,,,,,,13.1,,,,,,,,,3.9,,,,,37.83,,,,,,,,,45,,,,,,,,,,,,1966-07-27 00:00:00,"阿賀野川水系，早出川扇状地の地下水,地調月報,1974"
新潟県,村松町,,,,,,,,井戸,用水,15,,,13.5,,,6.1,,,,,,,,,0.23,,,12,1.7,,,,4.3,9.1,,,,,,,0.02,,,,,,35.4,,,,,,,,,6.1,,,,,42.71,,,,,,,,,16.5,,,,,,,,,,,,1966-07-27 00:00:00,"阿賀野川水系，早出川扇状地の地下水,地調月報,1974"
新潟県,村松町,,,,,,,,井戸,用水,6,,,14,,,5.9,,,,,,,,,0.31,,,7.9,1.1,,,,4.1,6.3,,,,,,,0.06,,,,,,19.1,,,,,,,,,5.5,,,,,9.76,,,,,,,,,11.6,,,,,,,,,,,,1966-07-27 00:00:00,"阿賀野川水系，早出川扇状地の地下水,地調月報,1974"
新潟県,五泉市,,,,,,,,井戸,用水,4.6,,,12.3,,,6,,,,,,,,,0.28,,,5.2,0.9,,,,2.6,7.5,,,,,,,0.25,,,,,,14.5,,,,,,,,,10.2,,,,,18.31,,,,,,,,,9.6,,,,,,,,,,,,1966-07-27 00:00:00,"阿賀野川水系，早出川扇状地の地下水,地調月報,1974"
新潟県,五泉市,,,,,,,,井戸,用水,,,,13,,,5.9,,,,,,,,,0.28,,,8.5,3.2,,,,3,6.9,,,,,,,0.05,,,,,,19.8,,,,,,,,,11.8,,,,,17.09,,,,,,,,,14.6,,,,,,,,,,,,1966-07-27 00:00:00,"阿賀野川水系，早出川扇状地の地下水,地調月報,1974"
新潟県,五泉市,,,,,,,,井戸,用水,4,,,14,,,5.8,,,,,,,,,0.66,,,10.4,2.7,,,,4.3,8.1,,,,,,,0.66,,,,,,25.5,,,,,,,,,14.7,,,,,24.41,,,,,,,,,16.4,,,,,,,,,,,,1966-07-27 00:00:00,"阿賀野川水系，早出川扇状地の地下水,地調月報,1974"
新潟県,五泉市,,,,,,,,井戸,用水,,,,12,,,6,,,,,,,,,0.44,,,4.7,0.9,,,,3.8,5.6,,,,,,,0.78,,,,,,13.1,,,,,,,,,9,,,,,13.42,,,,,,,,,9.1,,,,,,,,,,,,1966-07-27 00:00:00,"阿賀野川水系，早出川扇状地の地下水,地調月報,1974"
新潟県,五泉市,,,,,,,,井戸,用水,36,,,12,,,6.1,,,,,,,,,0.17,,,4.4,0.7,,,,2.1,4.8,,,,,,,0.03,,,,,,8.8,,,,,,,,,7.1,,,,,17.09,,,,,,,,,11.3,,,,,,,,,,,,1966-07-27 00:00:00,"阿賀野川水系，早出川扇状地の地下水,地調月報,1974"
新潟県,五泉市,,,,,,,,井戸,用水,,,,12.3,,,6,,,,,,,,,0.32,,,4.6,0.9,,,,2.7,4.9,,,,,,,0,,,,,,10.9,,,,,,,,,8,,,,,20.75,,,,,,,,,11,,,,,,,,,,,,1966-07-27 00:00:00,"阿賀野川水系，早出川扇状地の地下水,地調月報,1974"
新潟県,五泉市,,,,,,,,井戸,用水,27,,,13,,,6.1,,,,,,,,,0.27,,,4.5,0.8,,,,1.7,4.1,,,,,,,0,,,,,,9.9,,,,,,,,,6.8,,,,,18.31,,,,,,,,,13.1,,,,,,,,,,,,1966-07-27 00:00:00,"阿賀野川水系，早出川扇状地の地下水,地調月報,1974"
新潟県,五泉市,,,,,,,,井戸,用水,85,,,12.5,,,6.2,,,,,,,,,0.17,,,5.6,0.6,,,,2.7,4.7,,,,,,,0,,,,,,9.9,,,,,,,,,7.1,,,,,31.12,,,,,,,,,21.5,,,,,,,,,,,,1966-07-27 00:00:00,"阿賀野川水系，早出川扇状地の地下水,地調月報,1974"
新潟県,五泉市,,,,,,,,井戸,用水,,,,13.4,,,6.5,,,,,,,,,1.37,,,13.6,1.9,,,,5.6,10.7,,,,,,,5.01,,,,,,11.6,,,,,,,,,5.2,,,,,92.14,,,,,,,,,34.5,,,,,,,,,,,,1966-07-27 00:00:00,"阿賀野川水系，早出川扇状地の地下水,地調月報,1974"
新潟県,五泉市,,,,,,,,井戸,用水,50,,,15,,,6.3,,,,,,,,,0.25,,,5.5,0.9,,,,1.9,4.3,,,,,,,0,,,,,,9.9,,,,,,,,,7.1,,,,,26.85,,,,,,,,,25.3,,,,,,,,,,,,1966-07-27 00:00:00,"阿賀野川水系，早出川扇状地の地下水,地調月報,1974"
新潟県,五泉市,,,,,,,,井戸,用水,32,,,13.5,,,6.4,,,,,,,,,0.31,,,10.9,1.4,,,,4.3,16.1,,,,,,,0,,,,,,47.5,,,,,,,,,16,,,,,80.55,,,,,,,,,35.3,,,,,,,,,,,,1966-07-27 00:00:00,"阿賀野川水系，早出川扇状地の地下水,地調月報,1974"
新潟県,五泉市,,,,,,,,井戸,用水,,,,13.5,,,6,,,,,,,,,0.57,,,18.4,7.9,,,,4,11.6,,,,,,,0.17,,,,,,38.6,,,,,,,,,15.9,,,,,46.99,,,,,,,,,29,,,,,,,,,,,,1966-07-27 00:00:00,"阿賀野川水系，早出川扇状地の地下水,地調月報,1974"
新潟県,五泉市,,,,,,,,井戸,用水,,,,15,,,6,,,,,,,,,0.42,,,6.4,1.8,,,,2.4,6.3,,,,,,,0,,,,,,10.6,,,,,,,,,11.2,,,,,26.24,,,,,,,,,16,,,,,,,,,,,,1966-07-27 00:00:00,"阿賀野川水系，早出川扇状地の地下水,地調月報,1974"
新潟県,五泉市,,,,,,,,井戸,用水,6,,,15,,,5.9,,,,,,,,,0.23,,,8.7,1.2,,,,3.2,7,,,,,,,0,,,,,,15.9,,,,,,,,,19.4,,,,,11.59,,,,,,,,,20.8,,,,,,,,,,,,1966-07-27 00:00:00,"阿賀野川水系，早出川扇状地の地下水,地調月報,1974"
新潟県,五泉市,,,,,,,,井戸,用水,,,,15,,,5.8,,,,,,,,,0.26,,,6,3.1,,,,3.1,7.1,,,,,,,0.06,,,,,,14.1,,,,,,,,,4.5,,,,,23.8,,,,,,,,,12.5,,,,,,,,,,,,1966-07-27 00:00:00,"阿賀野川水系，早出川扇状地の地下水,地調月報,1974"
新潟県,五泉市,,,,,,,,井戸,用水,,,,13.5,,,5.7,,,,,,,,,0.4,,,5.1,1.2,,,,3,6.5,,,,,,,0.09,,,,,,10.9,,,,,,,,,7.7,,,,,20.75,,,,,,,,,9.5,,,,,,,,,,,,1966-07-27 00:00:00,"阿賀野川水系，早出川扇状地の地下水,地調月報,1974"
新潟県,五泉市,,,,,,,,井戸,用水,,,,,,,6.2,,,,,,,,,0.74,,,4.3,1,,,,4.2,4.6,,,,,,,0.08,,,,,,7.4,,,,,,,,,6.1,,,,,21.97,,,,,,,,,8.6,,,,,,,,,,,,1966-07-27 00:00:00,"阿賀野川水系，早出川扇状地の地下水,地調月報,1974"
新潟県,五泉市,,,,,,,,井戸,用水,7,,,14,3700,,6.2,,,,,,,,,0.37,,,4.3,0.7,,,,1.9,5.7,,,,,,,0,,,,,,9.5,,,,,,,,,7.1,,,,,20.75,,,,,,,,,8.1,,,,,,,,,,,,1966-07-27 00:00:00,"阿賀野川水系，早出川扇状地の地下水,地調月報,1974"
新潟県,守門村東野名,,,,,,,,湧泉,地すべり湧水,,,,8.6,,,8.12,,,,,,,,,,,,4.299,,,,,,,,,,,,,,,,,,,4.289,,,,,,,,,1.201,,,,,30.083,,,,,,,,,26.319,,,,,,,,,,,,1973-11-05 00:00:00,"地すべり地帯の水質とその統計的分析について,地すべり,1975"
新潟県,守門村東野名,,,,,,,,井戸,地すべり湧水,,,,9,,,7.21,,,,,,,,,,,,4.207,,,,,,,,,,,,,,,,,,,5.105,,,,,,,,,1.393,,,,,18.977,,,,,,,,,19.109,,,,,,,,,,,,1973-11-05 00:00:00,"地すべり地帯の水質とその統計的分析について,地すべり,1975"
新潟県,守門村東野名,,,,,,,,井戸,地すべり湧水,,,,9.1,,,7.05,,,,,,,,,,,,4.299,,,,,,,,,,,,,,,,,,,5.318,,,,,,,,,1.921,,,,,19.526,,,,,,,,,15.623,,,,,,,,,,,,1973-11-05 00:00:00,"地すべり地帯の水質とその統計的分析について,地すべり,1975"
新潟県,守門村東野名,,,,,,,,井戸,地すべり湧水,,,,8.5,,,7.6,,,,,,,,,,,,7.104,,,,,,,,,,,,,,,,,,,4.998,,,,,,,,,17.195,,,,,36.185,,,,,,,,,23.976,,,,,,,,,,,,1973-11-05 00:00:00,"地すべり地帯の水質とその統計的分析について,地すべり,1975"
新潟県,守門村東野名,,,,,,,,井戸,地すべり湧水,,,,10.6,,,7.85,,,,,,,,,,,,72.51,,,,,,,,,,,,,,,,,,,6.204,,,,,,,,,335.49,,,,,201.305,,,,,,,,,26.92,,,,,,,,,,,,1973-11-05 00:00:00,"地すべり地帯の水質とその統計的分析について,地すべり,1975"
新潟県,守門村東野名,,,,,,,,井戸,地すべり湧水,,,,10.6,,,6.9,,,,,,,,,,,,3.403,,,,,,,,,,,,,,,,,,,4.998,,,,,,,,,6.004,,,,,7.383,,,,,,,,,6.91,,,,,,,,,,,,1973-11-05 00:00:00,"地すべり地帯の水質とその統計的分析について,地すべり,1975"
新潟県,守門村東野名,,,,,,,,井戸,地すべり湧水,,,,9,,,7.13,,,,,,,,,,,,4.805,,,,,,,,,,,,,,,,,,,5.318,,,,,,,,,1.681,,,,,33.317,,,,,,,,,27.101,,,,,,,,,,,,1973-11-05 00:00:00,"地すべり地帯の水質とその統計的分析について,地すべり,1975"
新潟県,守門村東野名,,,,,,,,井戸,地すべり湧水,,,,8.9,,,7.2,,,,,,,,,,,,4.598,,,,,,,,,,,,,,,,,,,4.998,,,,,,,,,1.585,,,,,31.974,,,,,,,,,27.281,,,,,,,,,,,,1973-11-05 00:00:00,"地すべり地帯の水質とその統計的分析について,地すべり,1975"
新潟県,守門村東野名,,,,,,,,井戸,地すべり湧水,,,,10,,,5.38,,,,,,,,,,,,6.805,,,,,,,,,,,,,,,,,,,11.309,,,,,,,,,1.297,,,,,0.001,,,,,,,,,3.125,,,,,,,,,,,,1973-11-05 00:00:00,"地すべり地帯の水質とその統計的分析について,地すべり,1975"
新潟県,守門村東野名,,,,,,,,湧泉,地すべり湧水,,,,9.8,,,6.02,,,,,,,,,,,,4.598,,,,,,,,,,,,,,,,,,,6.806,,,,,,,,,1.393,,,,,8.787,,,,,,,,,6.43,,,,,,,,,,,,1973-11-05 00:00:00,"地すべり地帯の水質とその統計的分析について,地すべり,1975"
新潟県,守門村東野名,,,,,,,,井戸,地すべり湧水,,,,10,,,6.05,,,,,,,,,,,,5.104,,,,,,,,,,,,,,,,,,,7.409,,,,,,,,,1.681,,,,,13.974,,,,,,,,,11.117,,,,,,,,,,,,1973-11-05 00:00:00,"地すべり地帯の水質とその統計的分析について,地すべり,1975"
新潟県,守門村東野名,,,,,,,,井戸,地すべり湧水,,,,9.5,,,5.75,,,,,,,,,,,,4.506,,,,,,,,,,,,,,,,,,,6.7,,,,,,,,,2.209,,,,,6.285,,,,,,,,,7.872,,,,,,,,,,,,1973-11-05 00:00:00,"地すべり地帯の水質とその統計的分析について,地すべり,1975"
新潟県,守門村東野名,,,,,,,,湧泉,地すべり湧水,,,,13.1,,,5.64,,,,,,,,,,,,2.391,,,,,,,,,,,,,,,,,,,5.707,,,,,,,,,1.681,,,,,8.97,,,,,,,,,8.172,,,,,,,,,,,,1973-11-05 00:00:00,"地すべり地帯の水質とその統計的分析について,地すべり,1975"
新潟県,松之山町湯本,,,,,,,,井戸,地すべり湧水,,,,8.8,,,6.55,,,,,,,,,,,,4.989,,,,,,,,,,,,,,,,,,,4.998,,,,,,,,,13.208,,,,,31.425,,,,,,,,,23.916,,,,,,,,,,,,1973-11-05 00:00:00,"地すべり地帯の水質とその統計的分析について,地すべり,1975"
新潟県,松之山町湯本,,,,,,,,井戸,地すべり湧水,,,,10.2,,,7.38,,,,,,,,,,,,8.092,,,,,,,,,,,,,,,,,,,4.112,,,,,,,,,38.616,,,,,69.99,,,,,,,,,11.898,,,,,,,,,,,,1973-11-05 00:00:00,"地すべり地帯の水質とその統計的分析について,地すべり,1975"
新潟県,松之山町湯本,,,,,,,,井戸,地すべり湧水,,,,10.4,,,6.55,,,,,,,,,,,,4.897,,,,,,,,,,,,,,,,,,,5.318,,,,,,,,,11.499,,,,,54.796,,,,,,,,,34.371,,,,,,,,,,,,1973-11-05 00:00:00,"地すべり地帯の水質とその統計的分析について,地すべり,1975"
新潟県,松之山町湯本,,,,,,,,井戸,地すべり湧水,,,,10.8,,,7.51,,,,,,,,,,,,14.507,,,,,,,,,,,,,,,,,,,5.814,,,,,,,,,26.705,,,,,74.994,,,,,,,,,20.31,,,,,,,,,,,,1973-11-05 00:00:00,"地すべり地帯の水質とその統計的分析について,地すべり,1975"
新潟県,松之山町湯本,,,,,,,,井戸,地すべり湧水,,,,11.6,,,7.29,,,,,,,,,,,,10.024,,,,,,,,,,,,,,,,,,,6.487,,,,,,,,,8.501,,,,,102.025,,,,,,,,,21.692,,,,,,,,,,,,1973-11-05 00:00:00,"地すべり地帯の水質とその統計的分析について,地すべり,1975"
新潟県,松之山町湯本,,,,,,,,井戸,地すべり湧水,,,,10.3,,,7.05,,,,,,,,,,,,8.001,,,,,,,,,,,,,,,,,,,8.614,,,,,,,,,19.5,,,,,54.416,,,,,,,,,24.877,,,,,,,,,,,,1973-11-05 00:00:00,"地すべり地帯の水質とその統計的分析について,地すべり,1975"
新潟県,松之山町湯本,,,,,,,,井戸,地すべり湧水,,,,11.3,,,6.06,,,,,,,,,,,,9.702,,,,,,,,,,,,,,,,,,,8.898,,,,,,,,,37.415,,,,,55.894,,,,,,,,,26.98,,,,,,,,,,,,1973-11-05 00:00:00,"地すべり地帯の水質とその統計的分析について,地すべり,1975"
新潟県,松之山町湯本,,,,,,,,井戸,地すべり湧水,,,,9,,,7.05,,,,,,,,,,,,10.506,,,,,,,,,,,,,,,,,,,10.99,,,,,,,,,24.015,,,,,90.188,,,,,,,,,17.005,,,,,,,,,,,,1973-11-05 00:00:00,"地すべり地帯の水質とその統計的分析について,地すべり,1975"
新潟県,松之山町湯本,,,,,,,,井戸,地すべり湧水,,,,11.6,,,7.11,,,,,,,,,,,,12.989,,,,,,,,,,,,,,,,,,,7.693,,,,,,,,,18.78,,,,,66.39,,,,,,,,,21.212,,,,,,,,,,,,1973-11-05 00:00:00,"地すべり地帯の水質とその統計的分析について,地すべり,1975"
新潟県,松之山町湯本,,,,,,,,井戸,地すべり湧水,,,,9.5,,,7.21,,,,,,,,,,,,7.794,,,,,,,,,,,,,,,,,,,6.204,,,,,,,,,3.986,,,,,43.08,,,,,,,,,18.508,,,,,,,,,,,,1973-11-05 00:00:00,"地すべり地帯の水質とその統計的分析について,地すべり,1975"
新潟県,松之山町湯本,,,,,,,,湧泉,地すべり湧水,,,,11.8,,,7.26,,,,,,,,,,,,8.598,,,,,,,,,,,,,,,,,,,5.814,,,,,,,,,32.516,,,,,49.487,,,,,,,,,19.529,,,,,,,,,,,,1973-11-05 00:00:00,"地すべり地帯の水質とその統計的分析について,地すべり,1975"
新潟県,松之山町湯本,,,,,,,,井戸,地すべり湧水,,,,10.6,,,6.69,,,,,,,,,,,,20.507,,,,,,,,,,,,,,,,,,,6.806,,,,,,,,,30.499,,,,,82.316,,,,,,,,,19.589,,,,,,,,,,,,1973-11-05 00:00:00,"地すべり地帯の水質とその統計的分析について,地すべり,1975"
新潟県,松之山町湯本,,,,,,,,井戸,地すべり湧水,,,,11.2,,,6.98,,,,,,,,,,,,6.506,,,,,,,,,,,,,,,,,,,4.998,,,,,,,,,29.49,,,,,55.223,,,,,,,,,17.907,,,,,,,,,,,,1973-11-05 00:00:00,"地すべり地帯の水質とその統計的分析について,地すべり,1975"
新潟県,松之山町湯本,,,,,,,,井戸,地すべり湧水,,,,12.6,,,6.85,,,,,,,,,,,,5.196,,,,,,,,,,,,,,,,,,,4.396,,,,,,,,,14.985,,,,,30.815,,,,,,,,,13.881,,,,,,,,,,,,1973-11-05 00:00:00,"地すべり地帯の水質とその統計的分析について,地すべり,1975"
新潟県,松之山町湯本,,,,,,,,井戸,地すべり湧水,,,,12.4,,,7.11,,,,,,,,,,,,6.989,,,,,,,,,,,,,,,,,,,4.609,,,,,,,,,109.508,,,,,44.972,,,,,,,,,22.474,,,,,,,,,,,,1973-11-05 00:00:00,"地すべり地帯の水質とその統計的分析について,地すべり,1975"
新潟県,松之山町湯本,,,,,,,,湧泉,地すべり湧水,,,,7.6,,,6.84,,,,,,,,,,,,8.69,,,,,,,,,,,,,,,,,,,4.396,,,,,,,,,23.198,,,,,38.687,,,,,,,,,20.491,,,,,,,,,,,,1973-11-05 00:00:00,"地すべり地帯の水質とその統計的分析について,地すべり,1975"
新潟県,松之山町湯本,,,,,,,,湧泉,地すべり湧水,,,,7.5,,,6.87,,,,,,,,,,,,6.391,,,,,,,,,,,,,,,,,,,4.502,,,,,,,,,23.006,,,,,27.581,,,,,,,,,20.01,,,,,,,,,,,,1973-11-05 00:00:00,"地すべり地帯の水質とその統計的分析について,地すべり,1975"
新潟県,松之山町湯本,,,,,,,,井戸,地すべり湧水,,,,9.8,,,6.97,,,,,,,,,,,,6.207,,,,,,,,,,,,,,,,,,,5.814,,,,,,,,,26.993,,,,,40.029,,,,,,,,,20.371,,,,,,,,,,,,1973-11-05 00:00:00,"地すべり地帯の水質とその統計的分析について,地すべり,1975"
新潟県,松之山町湯本,,,,,,,,井戸,地すべり湧水,,,,9.8,,,7.04,,,,,,,,,,,,8.299,,,,,,,,,,,,,,,,,,,5.318,,,,,,,,,28.578,,,,,56.382,,,,,,,,,22.474,,,,,,,,,,,,1973-11-05 00:00:00,"地すべり地帯の水質とその統計的分析について,地すべり,1975"
新潟県,津南町中深見,,,,,,,,井戸,用水,,,,11.4,,,6.45,,,,,,,,,,,,5.104,,,,,,,,,,,,,,,,,,,4.715,,,,,,,,,5.379,,,,,34.476,,,,,,,,,25.899,,,,,,,,,,,,1973-11-05 00:00:00,"地すべり地帯の水質とその統計的分析について,地すべり,1975"
新潟県,津南町中深見,,,,,,,,井戸,地すべり湧水,,,,10.8,,,6.63,,,,,,,,,,,,5.793,,,,,,,,,,,,,,,,,,,6.204,,,,,,,,,9.702,,,,,41.005,,,,,,,,,26.079,,,,,,,,,,,,1973-11-05 00:00:00,"地すべり地帯の水質とその統計的分析について,地すべり,1975"
新潟県,津南町中深見,,,,,,,,井戸,地すべり湧水,,,,11.7,,,6.41,,,,,,,,,,,,5.104,,,,,,,,,,,,,,,,,,,5.814,,,,,,,,,14.697,,,,,37.405,,,,,,,,,28.002,,,,,,,,,,,,1973-11-05 00:00:00,"地すべり地帯の水質とその統計的分析について,地すべり,1975"
新潟県,津南町中深見,,,,,,,,井戸,地すべり湧水,,,,11.8,,,6.69,,,,,,,,,,,,8.092,,,,,,,,,,,,,,,,,,,8.685,,,,,,,,,8.693,,,,,67.183,,,,,,,,,22.594,,,,,,,,,,,,1973-11-05 00:00:00,"地すべり地帯の水質とその統計的分析について,地すべり,1975"
新潟県,津南町中深見,,,,,,,,井戸,地すべり湧水,,,,11.7,,,6.76,,,,,,,,,,,,5.61,,,,,,,,,,,,,,,,,,,4.502,,,,,,,,,3.698,,,,,53.576,,,,,,,,,22.594,,,,,,,,,,,,1973-11-05 00:00:00,"地すべり地帯の水質とその統計的分析について,地すべり,1975"
新潟県,津南町中深見,,,,,,,,井戸,地すべり湧水,,,,10.6,,,6.88,,,,,,,,,,,,6.391,,,,,,,,,,,,,,,,,,,4.715,,,,,,,,,8.309,,,,,50.219,,,,,,,,,23.495,,,,,,,,,,,,1973-11-05 00:00:00,"地すべり地帯の水質とその統計的分析について,地すべり,1975"
新潟県,津南町中深見,,,,,,,,井戸,地すべり湧水,,,,10.4,,,7.07,,,,,,,,,,,,6.092,,,,,,,,,,,,,,,,,,,4.998,,,,,,,,,7.781,,,,,42.714,,,,,,,,,21.993,,,,,,,,,,,,1973-11-05 00:00:00,"地すべり地帯の水質とその統計的分析について,地すべり,1975"
新潟県,津南町中深見,,,,,,,,井戸,地すべり湧水,,,,11.2,,,6.84,,,,,,,,,,,,5.495,,,,,,,,,,,,,,,,,,,3.403,,,,,,,,,3.122,,,,,51.013,,,,,,,,,26.8,,,,,,,,,,,,1973-11-05 00:00:00,"地すべり地帯の水質とその統計的分析について,地すべり,1975"
新潟県,津南町中深見,,,,,,,,井戸,地すべり湧水,,,,12.3,,,6.8,,,,,,,,,,,,3.908,,,,,,,,,,,,,,,,,,,3.51,,,,,,,,,2.69,,,,,25.995,,,,,,,,,15.383,,,,,,,,,,,,1973-11-05 00:00:00,"地すべり地帯の水質とその統計的分析について,地すべり,1975"
新潟県,津南町中深見,,,,,,,,井戸,地すべり湧水,,,,9.9,,,7.08,,,,,,,,,,,,4.391,,,,,,,,,,,,,,,,,,,2.588,,,,,,,,,2.402,,,,,35.025,,,,,,,,,38.578,,,,,,,,,,,,1973-11-05 00:00:00,"地すべり地帯の水質とその統計的分析について,地すべり,1975"
新潟県,津南町中深見,,,,,,,,井戸,用水,,,,12.3,,,5.56,,,,,,,,,,,,2.897,,,,,,,,,,,,,,,,,,,4.289,,,,,,,,,4.419,,,,,9.397,,,,,,,,,8.112,,,,,,,,,,,,1973-11-05 00:00:00,"地すべり地帯の水質とその統計的分析について,地すべり,1975"
新潟県,姫川流域,137,52,40,36,52,0,,湧泉,温泉・鉱泉,,,,52.3,,,6.3,8.2,,,,767,,,,,,1.13,215,25.8,,,,34.2,39.6,,,,,,,,,,,,0.8,293.1,1.26,0.21,,,,,,,27.7,,,,,239.4,,,,,,,,,,,26.5,,,,540.5,,,,,,1972.10.27.,"長野県姫川流域の諸温泉の研究,温泉科学,1978"
新潟県,姫川流域,137,52,40,36,52,0,,湧泉,温泉・鉱泉,,,,56.9,,,6.2,8.2,,,,928,,,,,,,220,25.4,,,1.65,32.4,43.7,,,,,,,,,,,,0.29,303.1,1.41,0.08,,,,,,,30.9,,,,,209.9,,,,,,,,,,,,,,,543.8,,,,,,1972.10.27.,"長野県姫川流域の諸温泉の研究,温泉科学,1978"
新潟県,姫川流域,137,52,40,36,52,0,,湧泉,温泉・鉱泉,,,,41.7,,,6.2,8.2,,,,948,,,,,,1.22,244,270,,,2.73,35.2,45.2,,,,,,,,,,,,0.34,360.6,1.4,0.31,,,,,,,29.7,,,,,236.2,,,,,,,,,,,,,,,611.8,,,,,,1972.10.27.,"長野県姫川流域の諸温泉の研究,温泉科学,1978"
新潟県,姫川流域,137,52,40,36,52,0,,湧泉,温泉・鉱泉,,,,16,,,6.1,8.2,,,,698.4,,,,,,0.95,152,20,,,,24.7,32.7,,,,,,,,,,,,0.26,205.8,1.2,0.2,,,,,,,21.9,,,,,162,,,,,,,,,,,,,,,485,,,,,,1972.10.27.,"長野県姫川流域の諸温泉の研究,温泉科学,1978"
新潟県,姫川流域,137,56,20,36,56,0,,湧泉,温泉・鉱泉,,,18.8,41.6,,,7.2,7.9,,,,1825,3000,,,,,1.06,650,5.4,,,,7,20.3,,,,,,,2.18,,,,,,243,,,,,,,,,,,,,,1488,,,,,,,,,,,,,,,,,,,,,1974.7.17.,"長野県姫川流域の諸温泉の研究,温泉科学,1978"
新潟県,姫川流域,137,57,30,36,55,10,,湧泉,温泉・鉱泉,,,21.9,48.8,,,6.8,7.6,,,,1728,3800,,,,,1.14,630,7.1,,,,10.5,17.7,,,,,,,0.65,,,,,,331,,,,,,,,,,,,,,1243,,,,,,,,,,,,,,,,,,,,,1974.7.17.,"長野県姫川流域の諸温泉の研究,温泉科学,1978"
新潟県,姫川流域,137,55,0,36,54,40,,湧泉,温泉・鉱泉,,,22.5,14.2,,,7,7.9,,,,3666,4200,,,,,0.63,1065,5.4,,,,10,18.3,,,,,,,0.73,,,,,,768,,,,,,,,,,,,,,2690,,,,,,,,,,,,,,,,,,,,,1974.7.17.,"長野県姫川流域の諸温泉の研究,温泉科学,1978"
新潟県,,,,,,,,,不明,温泉・鉱泉,,,,50.5,,,8.8,,,,,,,,,,,,,,,,,,,,,,0.01,,,0.12,,,,,,,,,,,,,,,,,,,,,,,,,,,,,,,,,,,,,,,,,1978-08-19 00:00:00,"フォッサ・マグナ北部における温泉の地質学的・地球化学的研究（その３）,温泉工学会誌,1980"
新潟県,,,,,,,,,不明,温泉・鉱泉,,,,51.5,,,8.8,,,,,,,,,,,,,,,,,,,,,,0,,,0.12,,,,,,,,,,,,,,,,,,,,,,,,,,,,,,,,,,,,,,,,,1978-08-19 00:00:00,"フォッサ・マグナ北部における温泉の地質学的・地球化学的研究（その３）,温泉工学会誌,1980"
新潟県,,137,56,20,36,56,0,,不明,温泉・鉱泉,,,,38.9,,,7.6,,,,,,,,,,,,,,,,,,,,,,0.09,,,0.18,,,,,,,,,,,,,,,,,,,,,,,,,,,,,,,,,,,,,,,,,1978-08-19 00:00:00,"フォッサ・マグナ北部における温泉の地質学的・地球化学的研究（その３）,温泉工学会誌,1980"
新潟県,,,,,,,,,不明,温泉・鉱泉,,,,42.3,,,6.5,,,,,,,,,,,,,,,,,,,,,,0.43,,,0.2,,,,,,,,,,,,,,,,,,,,,,,,,,,,,,,,,,,,,,,,,1978-08-20 00:00:00,"フォッサ・マグナ北部における温泉の地質学的・地球化学的研究（その３）,温泉工学会誌,1980"
新潟県,,137,54,0,36,51,0,,不明,温泉・鉱泉,,,,40,,,6.4,,,,,,,,,,,,,,,,,,,,,,0.85,,,0.29,,,,,,,,,,,,,,,,,,,,,,,,,,,,,,,,,,,,,,,,,1978-08-20 00:00:00,"フォッサ・マグナ北部における温泉の地質学的・地球化学的研究（その３）,温泉工学会誌,1980"
新潟県,,137,52,40,36,52,0,,不明,温泉・鉱泉,,,,47.9,,,6.4,,,,,,,,,,,,,,,,,,,,,,0.67,,,0.14,,,,,,,,,,,,,,,,,,,,,,,,,,,,,,,,,,,,,,,,,1978-08-20 00:00:00,"フォッサ・マグナ北部における温泉の地質学的・地球化学的研究（その３）,温泉工学会誌,1980"
新潟県,,,,,,,,,不明,温泉・鉱泉,,,,44.4,,,6.4,,,,,,,,,,,,,,,,,,,,,,2.17,,,0.13,,,,,,,,,,,,,,,,,,,,,,,,,,,,,,,,,,,,,,,,,1978-08-21 00:00:00,"フォッサ・マグナ北部における温泉の地質学的・地球化学的研究（その３）,温泉工学会誌,1980"
新潟県,,,,,,,,,不明,温泉・鉱泉,,,,55.5,,,6.1,,,,,,,,,,,,,,,,,,,,,,1.14,,,0.23,,,,,,,,,,,,,,,,,,,,,,,,,,,,,,,,,,,,,,,,,1978-08-21 00:00:00,"フォッサ・マグナ北部における温泉の地質学的・地球化学的研究（その３）,温泉工学会誌,1980"
新潟県,,,,,,,,,不明,温泉・鉱泉,,,,46.3,,,6.2,,,,,,,,,,,,,,,,,,,,,,1.86,,,0.83,,,,,,,,,,,,,,,,,,,,,,,,,,,,,,,,,,,,,,,,,1978-08-21 00:00:00,"フォッサ・マグナ北部における温泉の地質学的・地球化学的研究（その３）,温泉工学会誌,1980"
新潟県,,,,,,,,,不明,温泉・鉱泉,,,,48.4,,,6.4,,,,,,,,,,,,,,,,,,,,,,1.79,,,0.25,,,,,,,,,,,,,,,,,,,,,,,,,,,,,,,,,,,,,,,,,1978-08-21 00:00:00,"フォッサ・マグナ北部における温泉の地質学的・地球化学的研究（その３）,温泉工学会誌,1980"
新潟県,,,,,,,,,不明,温泉・鉱泉,,,,21.4,,,7.5,,,,,,,,,,,,,,,,,,,,,,0.14,,,7.85,,,,,,,,,,,,,,,,,,,,,,,,,,,,,,,,,,,,,,,,,1978-08-21 00:00:00,"フォッサ・マグナ北部における温泉の地質学的・地球化学的研究（その３）,温泉工学会誌,1980"
新潟県,,,,,,,,,不明,温泉・鉱泉,,,,30.6,,,6.9,,,,,,,,,,,,,,,,,,,,,,0.13,,,18.4,,,,,,,,,,,,,,,,,,,,,,,,,,,,,,,,,,,,,,,,,1978-08-21 00:00:00,"フォッサ・マグナ北部における温泉の地質学的・地球化学的研究（その３）,温泉工学会誌,1980"
新潟県,,,,,,,,,不明,温泉・鉱泉,,,,25.5,,,7.6,,,,,,,,,,,,,,,,,,,,,,0.13,,,0.06,,,,,,,,,,,,,,,,,,,,,,,,,,,,,,,,,,,,,,,,,1978-08-22 00:00:00,"フォッサ・マグナ北部における温泉の地質学的・地球化学的研究（その３）,温泉工学会誌,1980"
新潟県,,139,0,30,37,36,10,,不明,温泉・鉱泉,,,,15.5,,,8.4,,,,,,,,,,,,,,,,,,,,,,0.1,,,0.8,,,,,,,,,,,,,,,,,,,,,,,,,,,,,,,,,,,,,,,,,1978-08-22 00:00:00,"フォッサ・マグナ北部における温泉の地質学的・地球化学的研究（その３）,温泉工学会誌,1980"
新潟県,,139,7,30,37,31,20,,不明,温泉・鉱泉,,,,12.6,,,6.8,,,,,,,,,,,,,,,,,,,,,,1.56,,,11.2,,,,,,,,,,,,,,,,,,,,,,,,,,,,,,,,,,,,,,,,,1978-08-22 00:00:00,"フォッサ・マグナ北部における温泉の地質学的・地球化学的研究（その３）,温泉工学会誌,1980"
新潟県,,,,,,,,,不明,温泉・鉱泉,,,,22.5,,,6.6,,,,,,,,,,,,,,,,,,,,,,0.76,,,2.41,,,,,,,,,,,,,,,,,,,,,,,,,,,,,,,,,,,,,,,,,1978-08-22 00:00:00,"フォッサ・マグナ北部における温泉の地質学的・地球化学的研究（その３）,温泉工学会誌,1980"
新潟県,,,,,,,,,不明,温泉・鉱泉,,,,32.8,,,8.4,,,,,,,,,,,,,,,,,,,,,,0.01,,,0.01,,,,,,,,,,,,,,,,,,,,,,,,,,,,,,,,,,,,,,,,,1978-08-22 00:00:00,"フォッサ・マグナ北部における温泉の地質学的・地球化学的研究（その３）,温泉工学会誌,1980"
新潟県,,139,5,20,37,10,50,,不明,温泉・鉱泉,,,,37.3,,,8.4,,,,,,,,,,,,,,,,,,,,,,0,,,0.02,,,,,,,,,,,,,,,,,,,,,,,,,,,,,,,,,,,,,,,,,1978-08-22 00:00:00,"フォッサ・マグナ北部における温泉の地質学的・地球化学的研究（その３）,温泉工学会誌,1980"
新潟県,,138,52,20,37,3,40,,不明,温泉・鉱泉,,,,47.7,,,7.8,,,,,,,,,,,,,,,,,,,,,,0.4,,,0.42,,,,,,,,,,,,,,,,,,,,,,,,,,,,,,,,,,,,,,,,,1978-08-23 00:00:00,"フォッサ・マグナ北部における温泉の地質学的・地球化学的研究（その３）,温泉工学会誌,1980"
新潟県,,138,48,0,36,56,40,,不明,温泉・鉱泉,,,,43,,,9.4,,,,,,,,,,,,,,,,,,,,,,0,,,0.01,,,,,,,,,,,,,,,,,,,,,,,,,,,,,,,,,,,,,,,,,1978-08-23 00:00:00,"フォッサ・マグナ北部における温泉の地質学的・地球化学的研究（その３）,温泉工学会誌,1980"
新潟県,,138,46,20,36,52,10,,不明,温泉・鉱泉,,,,37.9,,,7.6,,,,,,,,,,,,,,,,,,,,,,0.02,,,0.05,,,,,,,,,,,,,,,,,,,,,,,,,,,,,,,,,,,,,,,,,1978-08-23 00:00:00,"フォッサ・マグナ北部における温泉の地質学的・地球化学的研究（その３）,温泉工学会誌,1980"
新潟県,,,,,,,,,不明,温泉・鉱泉,,,,49.6,,,6.6,,,,,,,,,,,,,,,,,,,,,,0.22,,,1.52,,,,,,,,,,,,,,,,,,,,,,,,,,,,,,,,,,,,,,,,,1978-11-19 00:00:00,"フォッサ・マグナ北部における温泉の地質学的・地球化学的研究（その３）,温泉工学会誌,1980"
新潟県,,138,37,40,36,48,30,,不明,温泉・鉱泉,,,,62.4,,,7,,,,,,,,,,,,,,,,,,,,,,0.1,,,0.04,,,,,,,,,,,,,,,,,,,,,,,,,,,,,,,,,,,,,,,,,1979-07-20 00:00:00,"フォッサ・マグナ北部における温泉の地質学的・地球化学的研究（その３）,温泉工学会誌,1980"
新潟県,,138,38,0,36,49,40,,不明,温泉・鉱泉,,,,63.5,,,6.8,,,,,,,,,,,,,,,,,,,,,,0.04,,,0.35,,,,,,,,,,,,,,,,,,,,,,,,,,,,,,,,,,,,,,,,,1979-07-20 00:00:00,"フォッサ・マグナ北部における温泉の地質学的・地球化学的研究（その３）,温泉工学会誌,1980"
新潟県,,138,38,0,36,49,40,,不明,温泉・鉱泉,,,,61.1,,,7,,,,,,,,,,,,,,,,,,,,,,0.05,,,0.05,,,,,,,,,,,,,,,,,,,,,,,,,,,,,,,,,,,,,,,,,1979-07-20 00:00:00,"フォッサ・マグナ北部における温泉の地質学的・地球化学的研究（その３）,温泉工学会誌,1980"
新潟県,,138,38,0,36,49,40,,不明,温泉・鉱泉,,,,53.7,,,7.2,,,,,,,,,,,,,,,,,,,,,,0.08,,,0.05,,,,,,,,,,,,,,,,,,,,,,,,,,,,,,,,,,,,,,,,,1979-07-20 00:00:00,"フォッサ・マグナ北部における温泉の地質学的・地球化学的研究（その３）,温泉工学会誌,1980"
新潟県,,138,37,30,36,51,20,,不明,温泉・鉱泉,,,,55.4,,,7.5,,,,,,,,,,,,,,,,,,,,,,0.18,,,0.11,,,,,,,,,,,,,,,,,,,,,,,,,,,,,,,,,,,,,,,,,1979-07-20 00:00:00,"フォッサ・マグナ北部における温泉の地質学的・地球化学的研究（その３）,温泉工学会誌,1980"
新潟県,,138,39,20,36,55,50,,不明,温泉・鉱泉,,,,39.6,,,7.4,,,,,,,,,,,,,,,,,,,,,,104,,,0,,,,,,,,,,,,,,,,,,,,,,,,,,,,,,,,,,,,,,,,,1979-07-20 00:00:00,"フォッサ・マグナ北部における温泉の地質学的・地球化学的研究（その３）,温泉工学会誌,1980"
新潟県,,138,39,30,36,56,40,,不明,温泉・鉱泉,,,,35.6,,,7.6,,,,,,,,,,,,,,,,,,,,,,0.08,,,0.02,,,,,,,,,,,,,,,,,,,,,,,,,,,,,,,,,,,,,,,,,1979-07-21 00:00:00,"フォッサ・マグナ北部における温泉の地質学的・地球化学的研究（その３）,温泉工学会誌,1980"
新潟県,,,,,,,,,不明,温泉・鉱泉,,,,34.1,,,7.6,,,,,,,,,,,,,,,,,,,,,,0.08,,,0.68,,,,,,,,,,,,,,,,,,,,,,,,,,,,,,,,,,,,,,,,,1979-07-21 00:00:00,"フォッサ・マグナ北部における温泉の地質学的・地球化学的研究（その３）,温泉工学会誌,1980"
新潟県,,,,,,,,,不明,温泉・鉱泉,,,,31.8,,,8,,,,,,,,,,,,,,,,,,,,,,0,,,0.03,,,,,,,,,,,,,,,,,,,,,,,,,,,,,,,,,,,,,,,,,1979-07-21 00:00:00,"フォッサ・マグナ北部における温泉の地質学的・地球化学的研究（その３）,温泉工学会誌,1980"
新潟県,,,,,,,,,不明,温泉・鉱泉,,,,18.4,,,7,,,,,,,,,,,,,,,,,,,,,,0.05,,,0.14,,,,,,,,,,,,,,,,,,,,,,,,,,,,,,,,,,,,,,,,,1979-07-21 00:00:00,"フォッサ・マグナ北部における温泉の地質学的・地球化学的研究（その３）,温泉工学会誌,1980"
新潟県,,138,35,40,36,57,20,,不明,温泉・鉱泉,,,,30.8,,,8,,,,,,,,,,,,,,,,,,,,,,0,,,0.08,,,,,,,,,,,,,,,,,,,,,,,,,,,,,,,,,,,,,,,,,1979-07-21 00:00:00,"フォッサ・マグナ北部における温泉の地質学的・地球化学的研究（その３）,温泉工学会誌,1980"
新潟県,,,,,,,,,不明,温泉・鉱泉,,,,34.7,,,8.5,,,,,,,,,,,,,,,,,,,,,,0.02,,,0.47,,,,,,,,,,,,,,,,,,,,,,,,,,,,,,,,,,,,,,,,,1979-07-20 00:00:00,"フォッサ・マグナ北部における温泉の地質学的・地球化学的研究（その３）,温泉工学会誌,1980"
新潟県,,138,38,30,37,0,10,,不明,温泉・鉱泉,,,,32,,,8,,,,,,,,,,,,,,,,,,,,,,0,,,0.27,,,,,,,,,,,,,,,,,,,,,,,,,,,,,,,,,,,,,,,,,1979-07-20 00:00:00,"フォッサ・マグナ北部における温泉の地質学的・地球化学的研究（その３）,温泉工学会誌,1980"
新潟県,,138,40,10,37,2,40,,不明,温泉・鉱泉,,,,24,,,7.7,,,,,,,,,,,,,,,,,,,,,,0.04,,,0.18,,,,,,,,,,,,,,,,,,,,,,,,,,,,,,,,,,,,,,,,,1979-07-21 00:00:00,"フォッサ・マグナ北部における温泉の地質学的・地球化学的研究（その３）,温泉工学会誌,1980"
新潟県,村上市浜新田,139,26,50,38,12,40,,井戸,温泉・鉱泉,,,,70,,,7.1,,,,,,,,,,,,,,,,,,,,,,,,,,,,,,4.9,1930,,,,,,,,,,,,,,,,,,,,,,,,,,,,,,,,,,,1961-08-24 00:00:00,"東北日本の温泉のフッ素含有量,電気通信大学報（理工学篇）,1980"
新潟県,村上市浜新田,139,26,50,38,12,40,,井戸,温泉・鉱泉,,,,88,,,8,,,,,,,,,,,,,,,,,,,,,,,,,,,,,,4.3,1420,,,,,,,,,,,,,,,,,,,,,,,,,,,,,,,,,,,1963-07-26 00:00:00,"東北日本の温泉のフッ素含有量,電気通信大学報（理工学篇）,1980"
新潟県,中魚沼郡川西町橘小学校,138,45,20,37,12,20,,井戸,観測井,150,,,12,,,7.51,8.83,,,,,99,,,2.59,,,8.55,6.43,,,0.13,4.2,2.2,,,,0.2,,0.78,0.78,,,,,,6.4,,,,,4.45,,,,0.08,,,,,45.6,,,,,,,,,,,,,,,,,,,,,,"新潟県中魚沼地域地水水利用適正化調査報告.工業用水,1982"
新潟県,中魚沼郡川西町橘小学校,138,45,20,37,12,20,,井戸,観測井,33,,,12,,,7,8.57,,,,,87,,,0.73,,,4.13,3.17,,,0.1,3.48,2.25,,,,0.11,,0.81,0.81,,,,,,7.8,,,,,2,,,,,,,,,84.3,,,,,,,,,,,,,,,,,,,,,,"新潟県中魚沼地域地水水利用適正化調査報告.工業用水,1982"
新潟県,中魚沼郡川西町橘小学校,138,45,20,37,12,20,,井戸,観測井,82.5,,,11,,,7.45,8.56,,,,,104,,,,,,8.44,6.13,,,,4.18,2.27,,,,0.3,,1.07,1.07,,,,,,5.7,,,,,2.05,,,,,,,,,52.2,,,,,,,,,,,,,,,,,,,,,,"新潟県中魚沼地域地水水利用適正化調査報告.工業用水,1982"
新潟県,十日町市十日町博物館,138,45,40,37,8,30,,井戸,観測井,150,,,12.2,,,7.5,8.84,,,,,97,,,0.37,,,8.54,1.88,,,,5.39,3.05,,,,0.17,,0.47,0.47,,,,,,5.3,,,,,2.7,,,,0.1,,,,,58.2,,,,,,,,,,,,,,,,,,,,,,"新潟県中魚沼地域地水水利用適正化調査報告.工業用水,1982"
新潟県,十日町市十日町博物館,138,45,40,37,8,30,,井戸,観測井,22,,,,,,7.58,8.79,,,,,170,,,1.13,,,9.56,3.38,,,0.7,7.49,5.1,,,,0.78,,2.45,2.45,,,,,,12.8,,,,,2.85,,,,0.42,,,,,71,,,,,,,,,,,,,,,,,,,,,,"新潟県中魚沼地域地水水利用適正化調査報告.工業用水,1982"
新潟県,十日町市十日町博物館,138,45,40,37,8,30,,井戸,観測井,82.5,,,,,,7.63,8.82,,,,,110,,,0.26,,,8.65,2.67,,,0.13,4.84,3.15,,,,0.17,,0.63,0.63,,,,,,3.9,,,,,3.05,,,,,,,,,61,,,,,,,,,,,,,,,,,,,,,,"新潟県中魚沼地域地水水利用適正化調査報告.工業用水,1982"
新潟県,中魚沼郡津南町下船戸,138,39,50,37,1,0,,井戸,観測井,100,,,11.8,,,7.6,8.82,,,,,69,,,0.37,,,8.75,1.51,,,,3.2,5.95,,,,,,0.03,0.03,,,,,,7.4,,,,,6.05,,,,,,,,,42.6,,,,,,,,,,,,,,,,,,,,,,"新潟県中魚沼地域地水水利用適正化調査報告.工業用水,1982"
新潟県,中魚沼郡津南町下船戸,138,39,50,37,1,0,,井戸,観測井,22,,,13,,,7.47,8.9,,,,,106,,,3.32,,,10.7,1.66,,,,3.26,2.02,,,,0.15,0.4,12.48,12.48,,,,,,6,,,,,10.5,,,,1.14,,,,,40.3,,,,,,,,,,,,,,,,,,,,,,"新潟県中魚沼地域地水水利用適正化調査報告.工業用水,1982"
新潟県,高橋建設,138,36,5,37,3,47,,井戸,温泉・鉱泉,400,,,52,,,7.2,,,,,,,,,,,1.79,4050,82.5,,,,34.7,1733,,,,,,,,,,,,,8924,,,,,,,,,52,,,,,52.1,,,,,,,,,,,,,,,,,,,,,1975.10.,"中部日本内陸地帯の諸温泉，鉱泉水の安定同位体組成,温泉工学会誌,1983"
新潟県,凌雲閣,138,36,5,37,3,47,,井戸,温泉・鉱泉,410,,,74.7,,,7.5,,,,,,,,,,,1.94,3815,108.5,,,,34.2,1845,,,,,,,,,,,,,8982,,,,,,,,,93.2,,,,,25.3,,,,,,,,,,,,,,,,,,,,,1975.10.,"中部日本内陸地帯の諸温泉，鉱泉水の安定同位体組成,温泉工学会誌,1983"
新潟県,凌雲閣下道路傍,138,36,5,37,3,47,,湧泉,温泉・鉱泉,,,,13.7,,,7.5,,,,,,,,,,,0.07,218,3.3,,,,4.7,44,,,,,,,,,,,,,308,,,,,,,,,57,,,,,173.5,,,,,,,,,,,,,,,,,,,,,1975.10.,"中部日本内陸地帯の諸温泉，鉱泉水の安定同位体組成,温泉工学会誌,1983"
新潟県,町営1,138,36,5,37,3,47,,井戸,温泉・鉱泉,240,,,86.2,,,7.6,,,,,,,,,,,2.69,3182,166.9,,,,3,1887,,,,,,,,,,,,,8720,,,,,,,,,83.1,,,,,53.8,,,,,,,,,,,,,,,,,,,,,1975.10.,"中部日本内陸地帯の諸温泉，鉱泉水の安定同位体組成,温泉工学会誌,1983"
新潟県,町営2,138,36,5,37,3,47,,井戸,温泉・鉱泉,264,,,94.7,,,7.8,,,,,,,,,,,2.13,3850,140.6,,,,13.4,1973,,,,,,,,,,,,,9227,,,,,,,,,94.2,,,,,47,,,,,,,,,,,,,,,,,,,,,1975.10.,"中部日本内陸地帯の諸温泉，鉱泉水の安定同位体組成,温泉工学会誌,1983"
新潟県,町営4,138,36,5,37,3,47,,井戸,温泉・鉱泉,,,,31,,,7.4,,,,,,,,,,,0.41,904,12.8,,,,0.6,182,,,,,,,,,,,,,1582,,,,,,,,,4.3,,,,,195.2,,,,,,,,,,,,,,,,,,,,,1975.10.,"中部日本内陸地帯の諸温泉，鉱泉水の安定同位体組成,温泉工学会誌,1983"
新潟県,町営3,138,36,5,37,3,47,,井戸,温泉・鉱泉,300,,,37.8,,,7.3,,,,,,,,,,,1.47,4605,58.1,,,,41.5,957,,,,,,,,,,,,,8873,,,,,,,,,1.8,,,,,118.1,,,,,,,,,,,,,,,,,,,,,1975.10.,"中部日本内陸地帯の諸温泉，鉱泉水の安定同位体組成,温泉工学会誌,1983"
新潟県,兎口,,,,,,,,井戸,温泉・鉱泉,360,,,35.9,,,7.3,,,,,,,,,,,1.27,5480,39,,,,46.3,193,,,,,,,,,,,,,8895,,,,,,,,,213.3,,,,,872.5,,,,,,,,,,,,,,,,,,,,,1975.10.,"中部日本内陸地帯の諸温泉，鉱泉水の安定同位体組成,温泉工学会誌,1983"
新潟県,湯之島,,,,,,,,井戸,温泉・鉱泉,40,,,24.4,,,8.3,,,,,,,,,,,0.06,546,4.1,,,,0.6,2.5,,,,,,,,,,,,,546,,,,,,,,,361.1,,,,,472.4,,,,,,,,,,,,,,,360.9,,,,,,1975.10.,"中部日本内陸地帯の諸温泉，鉱泉水の安定同位体組成,温泉工学会誌,1983"
新潟県,姫川支流根知川流域,,,,,,,,湧泉,温泉・鉱泉,,,,10.3,,,7,,,,,,,,,,,,5.5,0.2,,,,12.1,23.5,,,,,,,,,,,,,8.9,,,,,,,,,20,,,,,90,,,,,,,,,,,,,,,,,,,,,1972.10.,"中部日本内陸地帯の諸温泉，鉱泉水の安定同位体組成,温泉工学会誌,1983"
新潟県,姫川支流根知川流域,,,,,,,,湧泉,温泉・鉱泉,,,,14.2,,,7,,,,,,,,,,,0.63,1065,5.4,,,,10,18.3,,,,,,,,,,,,,768,,,,,,,,,,,,,,2690,,,,,,,,,,,,,,,,,,,,,1972.10.,"中部日本内陸地帯の諸温泉，鉱泉水の安定同位体組成,温泉工学会誌,1983"
新潟県,姫川支流根知川流域,,,,,,,,湧泉,温泉・鉱泉,,,,11.2,,,5.6,,,,,,,,,,,,8,0.3,,,,4.1,25.7,,,,,,,,,,,,,6.7,,,,,,,,,51,,,,,14.1,,,,,,,,,,,,,,,,,,,,,1972.10.,"中部日本内陸地帯の諸温泉，鉱泉水の安定同位体組成,温泉工学会誌,1983"
新潟県,白根,,,,,,,,井戸,ガス井,,,,,,,7.6,,,,,,,,,106,,,2330,140,,,67.8,222,385,,,,,,,,,,,,,4820,19.1,2.3,,,,,,,,,,,,586,,,,,,,,,,,9.9,,,,,,,,,,,"日本およびフィリピンの水溶型ヨウ素鉱床にみられる地域的特徴,石油技術協会誌,1983"
新潟県,白根,,,,,,,,井戸,ガス井,,,,,,,7.6,,,,,,,,,121.4,,,3120,200,,,39.2,329,580,,,,,,,,,,,,,6980,33.1,13.8,,,,,,,,,,,,513,,,,,,,,,,,10.5,,,,,,,,,,,"日本およびフィリピンの水溶型ヨウ素鉱床にみられる地域的特徴,石油技術協会誌,1983"
新潟県,白根,,,,,,,,井戸,ガス井,,,,,,,7.3,,,,,,,,,128.8,,,3260,200,,,42.3,415,505,,,,,,,,,,,,,7450,29.9,15.7,,,,,,,,,,,,488,,,,,,,,,,,2.8,,,,,,,,,,,"日本およびフィリピンの水溶型ヨウ素鉱床にみられる地域的特徴,石油技術協会誌,1983"
新潟県,旭,,,,,,,,井戸,ガス井,,,,,,,7.9,,,,,,,,,155.7,,,5470,37.5,,,18.7,32.6,50.5,,,,,,,,,,,,,7590,42.1,12.3,,,,,,,,,,,,1560,,,,,,,,,,,,,,,,,,,,,,"日本およびフィリピンの水溶型ヨウ素鉱床にみられる地域的特徴,石油技術協会誌,1983"
新潟県,旭,,,,,,,,井戸,ガス井,,,,,,,8.1,,,,,,,,,179.3,,,5420,32,,,23.5,38.1,76.2,,,,,,,,,,,,,8580,56.7,16.3,,,,,,,,,,,,518,,,,,,,,,,,151,,,,,,,,,,,"日本およびフィリピンの水溶型ヨウ素鉱床にみられる地域的特徴,石油技術協会誌,1983"
新潟県,旭,,,,,,,,井戸,ガス井,,,,,,,8.3,,,,,,,,,203.9,,,4500,39,,,17.9,14.8,38.1,,,,,,,,,,,,,6790,45.4,14,,,,,,,,,,,,640,,,,,,,,,,,,,,,,,,,,,,"日本およびフィリピンの水溶型ヨウ素鉱床にみられる地域的特徴,石油技術協会誌,1983"
新潟県,黒井,,,,,,,,井戸,ガス井,,,,,,,8,,,,,,,,,259.8,,,4650,36,,,20,26.6,62.1,,,,,,,,,,,,,6830,32.1,4.8,,,,,,,,,,,,633,,,,,,,,,,,,,,,,,,,,,,"日本およびフィリピンの水溶型ヨウ素鉱床にみられる地域的特徴,石油技術協会誌,1983"
新潟県,明治,,,,,,,,井戸,ガス井,,,,,,,7.7,,,,,,,,,193.5,,,4720,48,,,13.9,23.1,58.1,,,,,,,,,,,,,7100,50.2,13.1,,,,,,,,,,,,860,,,,,,,,,,,,,,,,,,,,,,"日本およびフィリピンの水溶型ヨウ素鉱床にみられる地域的特徴,石油技術協会誌,1983"
新潟県,明治,,,,,,,,井戸,ガス井,,,,,,,7.9,,,,,,,,,140.3,,,5020,45,,,17.5,31.5,78.2,,,,,,,,,,,,,7470,58.7,12.6,,,,,,,,,,,,713,,,,,,,,,,,,,,,,,,,,,,"日本およびフィリピンの水溶型ヨウ素鉱床にみられる地域的特徴,石油技術協会誌,1983"
新潟県,内野,,,,,,,,井戸,ガス井,,,,,,,7.7,,,,,,,,,330,,,10360,472,,,128,482,497,,,,,,,,,,,,,18460,87.3,47,,,,,,,,,,,,529,,,,,,,,,,,60,,,,,,,,,,,"日本およびフィリピンの水溶型ヨウ素鉱床にみられる地域的特徴,石油技術協会誌,1983"
新潟県,内野,,,,,,,,井戸,ガス井,,,,,,,7.5,,,,,,,,,371,,,10340,560,,,146,445,428,,,,,,,,,,,,,18350,71.3,44.8,,,,,,,,,,,,558,,,,,,,,,,,50.8,,,,,,,,,,,"日本およびフィリピンの水溶型ヨウ素鉱床にみられる地域的特徴,石油技術協会誌,1983"
新潟県,内野,,,,,,,,井戸,ガス井,,,,,,,7.7,,,,,,,,,352,,,11020,660,,,235,480,273,,,,,,,,,,,,,19120,91.8,43.6,,,,,,,,,,,,719,,,,,,,,,,,59.4,,,,,,,,,,,"日本およびフィリピンの水溶型ヨウ素鉱床にみられる地域的特徴,石油技術協会誌,1983"
新潟県,内野,,,,,,,,井戸,ガス井,,,,,,,7.8,,,,,,,,,327.3,,,10580,330,,,113,497,782,,,,,,,,,,,,,19470,102,63.4,,,,,,,,,,,,388,,,,,,,,,,,64.8,,,,,,,,,,,"日本およびフィリピンの水溶型ヨウ素鉱床にみられる地域的特徴,石油技術協会誌,1983"
新潟県,内野,,,,,,,,井戸,ガス井,,,,,,,7.9,,,,,,,,,338.3,,,10360,390,,,123,503,525,,,,,,,,,,,,,18860,106,55.7,,,,,,,,,,,,411,,,,,,,,,,,44.8,,,,,,,,,,,"日本およびフィリピンの水溶型ヨウ素鉱床にみられる地域的特徴,石油技術協会誌,1983"
新潟県,内野,,,,,,,,井戸,ガス井,,,,,,,7.5,,,,,,,,,362.9,,,8650,390,,,161,584,283,,,,,,,,,,,,,15740,121,29.4,,,,,,,,,,,,1070,,,,,,,,,,,55.1,,,,,,,,,,,"日本およびフィリピンの水溶型ヨウ素鉱床にみられる地域的特徴,石油技術協会誌,1983"
新潟県,内野,,,,,,,,井戸,ガス井,,,,,,,7.5,,,,,,,,,305.4,,,4220,255,,,85.7,600,353,,,,,,,,,,,,,8380,95,17.9,,,,,,,,,,,,1300,,,,,,,,,,,32.4,,,,,,,,,,,"日本およびフィリピンの水溶型ヨウ素鉱床にみられる地域的特徴,石油技術協会誌,1983"
新潟県,北阿賀,,,,,,,,井戸,ガス井,,,,,,,7.6,,,,,,,,,291.7,,,11840,600,,,170,265,683,,,,,,,,,,,,,20590,136,71.4,,,,,,,,,,,,225,,,,,,,,,,,84.3,,,,,,,,,,,"日本およびフィリピンの水溶型ヨウ素鉱床にみられる地域的特徴,石油技術協会誌,1983"
新潟県,西内野,,,,,,,,井戸,ガス井,,,,,,,7.7,,,,,,,,,275.2,,,10600,206,,,147,438,704,,,,,,,,,,,,,19210,104,65.6,,,,,,,,,,,,533,,,,,,,,,,,88.1,,,,,,,,,,,"日本およびフィリピンの水溶型ヨウ素鉱床にみられる地域的特徴,石油技術協会誌,1983"
新潟県,加治川,,,,,,,,井戸,ガス井,,,,,,,7.7,,,,,,,,,316.3,,,7750,403,,,125,391,238,,,,,,,,,,,,,13220,101,57.9,,,,,,,,,,,,1360,,,,,,,,,,,34.6,,,,,,,,,,,"日本およびフィリピンの水溶型ヨウ素鉱床にみられる地域的特徴,石油技術協会誌,1983"
新潟県,加治川,,,,,,,,井戸,ガス井,,,,,,,7.2,,,,,,,,,217.6,,,3860,183,,,59.2,255,290,,,,,,,,,,,,,16970,63.4,31.1,,,,,,,,,,,,755,,,,,,,,,,,38.9,,,,,,,,,,,"日本およびフィリピンの水溶型ヨウ素鉱床にみられる地域的特徴,石油技術協会誌,1983"
新潟県,加治川,,,,,,,,井戸,ガス井,,,,,,,7.6,,,,,,,,,308.1,,,10700,416,,,183,273,280,,,,,,,,,,,,,17280,72.6,62.4,,,,,,,,,,,,1720,,,,,,,,,,,65.9,,,,,,,,,,,"日本およびフィリピンの水溶型ヨウ素鉱床にみられる地域的特徴,石油技術協会誌,1983"
新潟県,中条,,,,,,,,井戸,ガス井,,,,,,,7.3,,,,,,,,,288.9,,,12200,485,,,133,194,846,,,,,,,,,,,,,21420,92.2,67.6,,,,,,,,,,,,612,,,,,,,,,,,143,,,,,,,,,,,"日本およびフィリピンの水溶型ヨウ素鉱床にみられる地域的特徴,石油技術協会誌,1983"
新潟県,中条,,,,,,,,井戸,ガス井,,,,,,,7.3,,,,,,,,,327.3,,,12740,293,,,93.8,103,420,,,,,,,,,,,,,20850,93,64.8,,,,,,,,,,,,529,,,,,,,,,,,295,,,,,,,,,,,"日本およびフィリピンの水溶型ヨウ素鉱床にみられる地域的特徴,石油技術協会誌,1983"
新潟県,中条,,,,,,,,井戸,ガス井,,,,,,,7.2,,,,,,,,,287.3,,,11900,229,,,95,130,760,,,,,,,,,,,,,20520,92.5,64.4,,,,,,,,,,,,592,,,,,,,,,,,184,,,,,,,,,,,"日本およびフィリピンの水溶型ヨウ素鉱床にみられる地域的特徴,石油技術協会誌,1983"
新潟県,西長岡,,,,,,,,井戸,ガス井,,,,,,,7.9,,,,,,,,,191.3,,,5600,370,,,14.2,59,377,,,,,,,,,,,,,9550,56.4,24.9,,,,,,,,,,,,307,,,,,,,,,,,,,,,,,,,,,,"日本およびフィリピンの水溶型ヨウ素鉱床にみられる地域的特徴,石油技術協会誌,1983"
新潟県,西長岡,,,,,,,,井戸,ガス井,,,,,,,8,,,,,,,,,124.5,,,1820,182,,,8.8,32.8,146,,,,,,,,,,,,,2890,9.7,5.7,,,,,,,,,,,,642,,,,,,,,,,,37.8,,,,,,,,,,,"日本およびフィリピンの水溶型ヨウ素鉱床にみられる地域的特徴,石油技術協会誌,1983"
新潟県,白馬地域,137,52,34,36,51,50,,湧泉,温泉・鉱泉,,,,49.8,,,6.4,,,,,950,,,-140,,,,338,33,,,,,62,,,,,,,,,,,,,282.1,,,,,,,,,,,,,,,,,,,,,,,,,,,,,,,,,,,1977.10.,"中部地方における温泉水中のホウ素の地球化学的研究（第１報）,地球化学,1983"
新潟県,白馬地域,137,52,34,36,52,22,,湧泉,温泉・鉱泉,,,,79,,,6.8,,,,,1430,,,-160,,,,495,41,,,,,79,,,,,,,,,,,,,432.7,,,,,,,,,,,,,,,,,,,,,,,,,,,,,,,,,,,1977.10.,"中部地方における温泉水中のホウ素の地球化学的研究（第１報）,地球化学,1983"
新潟県,白馬地域,137,52,6,36,52,43,,湧泉,温泉・鉱泉,,,,52,,,6.6,,,,,1110,,,-160,,,,399,39,,,,,69,,,,,,,,,,,,,373.2,,,,,,,,,,,,,,,,,,,,,,,,,,,,,,,,,,,1977.10.,"中部地方における温泉水中のホウ素の地球化学的研究（第１報）,地球化学,1983"
新潟県,三国一の湯,137,47,50,36,48,31,,湧泉,温泉・鉱泉,,,,32.3,,,3,,,,,1020,,,-140,,,,13,5,,,,,12,,,,,,,,,,,,,72.85,,,,,,,,,,,,,,,,,,,,,,,,,,,,,,,,,,,1977.10.,"中部地方における温泉水中のホウ素の地球化学的研究（第１報）,地球化学,1983"
新潟県,せんきのゆNo.1,137,47,50,36,48,31,,湧泉,温泉・鉱泉,,,,88,,,3,,,,,1010,,,-140,,,,433,11,,,,,32,,,,,,,,,,,,,74.36,,,,,,,,,,,,,,,,,,,,,,,,,,,,,,,,,,,1977.10.,"中部地方における温泉水中のホウ素の地球化学的研究（第１報）,地球化学,1983"
新潟県,せんきのゆNo.2,137,47,50,36,48,31,,湧泉,温泉・鉱泉,,,,84,,,3.4,,,,,350,,,-140,,,,4,1,,,,,4,,,,,,,,,,,,,84.13,,,,,,,,,,,,,,,,,,,,,,,,,,,,,,,,,,,1977.10.,"中部地方における温泉水中のホウ素の地球化学的研究（第１報）,地球化学,1983"
新潟県,薬師湯,137,47,50,36,48,31,,湧泉,温泉・鉱泉,,,,68,,,2.2,,,,,1320,,,-140,,,,13,6,,,,,9,,,,,,,,,,,,,70.18,,,,,,,,,,,,,,,,,,,,,,,,,,,,,,,,,,,1977.10.,"中部地方における温泉水中のホウ素の地球化学的研究（第１報）,地球化学,1983"
新潟県,黄金湯,137,47,50,36,48,31,,湧泉,温泉・鉱泉,,,,43.1,,,5.8,,,,,1050,,,-150,,,,24,5,,,,,9,,,,,,,,,,,,,85.71,,,,,,,,,,,,,,,,,,,,,,,,,,,,,,,,,,,1977.10.,"中部地方における温泉水中のホウ素の地球化学的研究（第１報）,地球化学,1983"
新潟県,長岡市高見町90,138,52,10,37,29,30,,井戸,観測井,52.5,,,13.7,,,6.6,8.5,,,,,139,,,2.2,,,16.1,6.6,,,1.2,33.4,51.6,,,,1.4,,,11.4,,,,,,13.5,,,,0,0.99,,,,,,,,,238,,,,,,,,,41,,,,,,,,,,,,1974,"地下水利用適正化調査に係る地下水位等観測井についての資料,工業用水,1983"
新潟県,長岡市東蔵王2-2-90,138,51,40,37,28,10,,井戸,観測井,50,,,13.8,,,6.4,8.2,,,,,200,,,2.9,,,15.6,3.5,,,0.9,9.5,25,,,,0.9,,,21.5,,,,,,14.6,,,,0,0.12,,,,,,,,,159,,,,,,,,,47,,,,,,,,,,,,1974,"地下水利用適正化調査に係る地下水位等観測井についての資料,工業用水,1983"
新潟県,長岡市中島5-7-7,138,51,10,37,27,0,,井戸,観測井,100,,,12.9,,,7.2,8.2,,,,,52,,,0.4,,,11.7,3.9,,,0.3,8.1,19.2,,,,0.1,,,1.1,,,,,,8.9,,,,0,0,,,,,,,,,61,,,,,,,,,38.8,,,,,,,,,,,,1974,"地下水利用適正化調査に係る地下水位等観測井についての資料,工業用水,1983"
新潟県,越路町浦270,138,48,10,37,23,50,,井戸,観測井,50,,,11.7,,,6.9,8.1,,,,,43,,,0.5,,,8.9,1.5,,,0.4,70,19.2,,,,0.1,,,2.2,,,,,,12.4,,,,0,0.31,,,,,,,,,42.7,,,,,,,,,37,,,,,,,,,,,,1974,"地下水利用適正化調査に係る地下水位等観測井についての資料,工業用水,1983"
新潟県,湯沢町字清水田,138,48,30,36,56,20,,井戸,観測井,40,,,12.5,,,7.2,8.2,,,,,95,,,,,,15.2,0.899,,,0,1.53,5.88,,,,0,,,0.05,,,,,,21.7,,,,0,1.12,,,,10.1,,,,,31.2,,,,,,,,,25.5,,,,,,,,,,,,1976,"地下水利用適正化調査に係る地下水位等観測井についての資料,工業用水,1983"
新潟県,塩沢町中字大田,138,51,10,37,1,30,,井戸,観測井,60,,,13,,,7.4,8.1,,,,,105,,,,,,4.78,0.782,,,0,3.09,3.44,,,,0,,,0.1,,,,,,11.3,,,,0,1.67,,,,10.1,,,,,23.2,,,,,,,,,19.5,,,,,,,,,,,,1976,"地下水利用適正化調査に係る地下水位等観測井についての資料,工業用水,1983"
新潟県,六日町865,138,52,40,37,3,30,,井戸,観測井,60,,,14.2,,,6.5,8.2,,,,,125,,,,,,11.7,1.17,,,6.3,2.23,1.54,,,,0.028,,,1.79,,,,,,14,,,,6.9,2.42,,,,5.86,,,,,26.2,,,,,,,,,57.5,,,,,,,,,,,,1976,"地下水利用適正化調査に係る地下水位等観測井についての資料,工業用水,1983"
新潟県,,138,9,40,36,54,20,,不明,温泉・鉱泉,,,,37,,,6.6,,,,,1350,,,-120,,,,363,21,,,,,108,,,,,,,,,,,,,487.2,,,,,,,,,,,,,,,,,,,,,,,,,,,,,,,,,,,,"中部地方における温泉水中のホウ素の地球化学的研究（第２報）,地球化学,1984"
新潟県,,,,,,,,,不明,温泉・鉱泉,,,,44.3,,,6.4,,,,,1180,,,-115,,,,236,16,,,,,86,,,,,,,,,,,,,154.6,,,,,,,,,,,,,,,,,,,,,,,,,,,,,,,,,,,,"中部地方における温泉水中のホウ素の地球化学的研究（第２報）,地球化学,1984"
新潟県,,,,,,,,,不明,温泉・鉱泉,,,,40.6,,,6,,,,,1230,,,-270,,,,80,14,,,,,66,,,,,,,,,,,,,41.16,,,,,,,,,,,,,,,,,,,,,,,,,,,,,,,,,,,,"中部地方における温泉水中のホウ素の地球化学的研究（第２報）,地球化学,1984"
新潟県,,,,,,,,,不明,温泉・鉱泉,,,,42.5,,,7.4,,,,,1160,,,,,,,144,17,,,,,58,,,,,,,,,,,,,115.3,,,,,,,,,,,,,,,,,,,,,,,,,,,,,,,,,,,,"中部地方における温泉水中のホウ素の地球化学的研究（第２報）,地球化学,1984"
新潟県,,,,,,,,,不明,温泉・鉱泉,,,,36.7,,,6.8,,,,,860,,,,,,,199,21,,,,,91,,,,,,,,,,,,,167.8,,,,,,,,,,,,,,,,,,,,,,,,,,,,,,,,,,,,"中部地方における温泉水中のホウ素の地球化学的研究（第２報）,地球化学,1984"
新潟県,,137,57,30,36,55,10,,不明,温泉・鉱泉,,,,42,,,6.8,,,,,1710,,,-40,,,,703,27,,,,,74,,,,,,,,,,,,,318.7,,,,,,,,,,,,,,,,,,,,,,,,,,,,,,,,,,,,"中部地方における温泉水中のホウ素の地球化学的研究（第２報）,地球化学,1984"
新潟県,,138,46,20,36,52,10,,不明,温泉・鉱泉,,,,36.7,,,8,,,,,2300,,,-160,,,,546,15,,,,,406,,,,,,,,,,,,,1112,,,,,,,,,,,,,,,,,,,,,,,,,,,,,,,,,,,,"中部地方における温泉水中のホウ素の地球化学的研究（第２報）,地球化学,1984"
新潟県,,138,45,10,36,58,0,,不明,温泉・鉱泉,,,,44,,,9.8,,,,,740,,,-340,,,,246,2,,,,,30,,,,,,,,,,,,,346.1,,,,,,,,,,,,,,,,,,,,,,,,,,,,,,,,,,,,"中部地方における温泉水中のホウ素の地球化学的研究（第２報）,地球化学,1984"
新潟県,落堀川,,,,,,,,井戸,油井,,,,,,,6.73,,,,,,,,,,,,,,,,,,,,,,,,,,,,,,,5148,,,,,,,,,,,,,,,,,,,,,,,,,,,,,,,,,,,,"油・ガス田水の同位体組成,石油資源開発株式会社,1985"
新潟県,落堀川,,,,,,,,井戸,油井,,,,,,,6.86,,,,,,,,,,,,,,,,,,,,,,,,,,,,,,,5076,,,,,,,,,,,,,,,,,,,,,,,,,,,,,,,,,,,,"油・ガス田水の同位体組成,石油資源開発株式会社,1985"
新潟県,落堀川,,,,,,,,井戸,油井,,,,,,,6.92,,,,,,,,,,,,,,,,,,,,,,,,,,,,,,,3408,,,,,,,,,,,,,,,,,,,,,,,,,,,,,,,,,,,,"油・ガス田水の同位体組成,石油資源開発株式会社,1985"
新潟県,新胎内,,,,,,,,井戸,油井,,,,96,,,8.33,,,,,,,,,,,,,,,,,,,,,,,,,,,,,,,6452,,,,,,,,,,,,,,,,,,,,,,,,,,,,,,,,,,,1983-07-18 00:00:00,"油・ガス田水の同位体組成,石油資源開発株式会社,1985"
新潟県,新胎内,,,,,,,,井戸,油井,,,,97,,,8.14,,,,,,,,,,,,,,,,,,,,,,,,,,,,,,,9927,,,,,,,,,,,,,,,,,,,,,,,,,,,,,,,,,,,1983-07-25 00:00:00,"油・ガス田水の同位体組成,石油資源開発株式会社,1985"
新潟県,紫雲寺,,,,,,,,井戸,油井,,,,,,,6.1,,,,,,,,,,,,,,,,,,,,,,,,,,,,,,,10085,,,,,,,,,,,,,,,,,,,,,,,,,,,,,,,,,,,,"油・ガス田水の同位体組成,石油資源開発株式会社,1985"
新潟県,紫雲寺,,,,,,,,井戸,油井,,,,37,,,7.45,,,,,,,,,,,,,,,,,,,,,,,,,,,,,,,21362,,,,,,,,,,,,,,,,,,,,,,,,,,,,,,,,,,,,"油・ガス田水の同位体組成,石油資源開発株式会社,1985"
新潟県,東新潟,,,,,,,,井戸,油井,,,,88,,,6.25,,,,,,,,,,,,,,,,,,,,,,,,,,,,,,,12571,,,,,,,,,,,,,,,,,,,,,,,,,,,,,,,,,,,,"油・ガス田水の同位体組成,石油資源開発株式会社,1985"
新潟県,東新潟,,,,,,,,井戸,油井,,,,102,,,6.45,,,,,,,,,,,,,,,,,,,,,,,,,,,,,,,6533,,,,,,,,,,,,,,,,,,,,,,,,,,,,,,,,,,,,"油・ガス田水の同位体組成,石油資源開発株式会社,1985"
新潟県,東新潟,,,,,,,,井戸,油井,,,,107,,,7.98,,,,,,,,,,,,,,,,,,,,,,,,,,,,,,,9515,,,,,,,,,,,,,,,,,,,,,,,,,,,,,,,,,,,1983-07-18 00:00:00,"油・ガス田水の同位体組成,石油資源開発株式会社,1985"
新潟県,見附,,,,,,,,井戸,油井,,,,93,,,6.88,,,,,,,,,,,,,,,,,,,,,,,,,,,,,,,9905,,,,,,,,,,,,,,,,,,,,,,,,,,,,,,,,,,,1983-09-01 00:00:00,"油・ガス田水の同位体組成,石油資源開発株式会社,1985"
新潟県,見附,,,,,,,,井戸,油井,,,,91,,,6.98,,,,,,,,,,,,,,,,,,,,,,,,,,,,,,,11578,,,,,,,,,,,,,,,,,,,,,,,,,,,,,,,,,,,1983-08-19 00:00:00,"油・ガス田水の同位体組成,石油資源開発株式会社,1985"
新潟県,見附,,,,,,,,井戸,油井,,,,94,,,7.36,,,,,,,,,,,,,,,,,,,,,,,,,,,,,,,12578,,,,,,,,,,,,,,,,,,,,,,,,,,,,,,,,,,,1983-08-19 00:00:00,"油・ガス田水の同位体組成,石油資源開発株式会社,1985"
新潟県,見附,,,,,,,,井戸,油井,,,,96,,,7.07,,,,,,,,,,,,,,,,,,,,,,,,,,,,,,,10911,,,,,,,,,,,,,,,,,,,,,,,,,,,,,,,,,,,1983-08-19 00:00:00,"油・ガス田水の同位体組成,石油資源開発株式会社,1985"
新潟県,見附,,,,,,,,井戸,油井,,,,,,,7.34,,,,,,,,,,,,,,,,,,,,,,,,,,,,,,,10004,,,,,,,,,,,,,,,,,,,,,,,,,,,,,,,,,,,1983-08-19 00:00:00,"油・ガス田水の同位体組成,石油資源開発株式会社,1985"
新潟県,見附,,,,,,,,井戸,油井,,,,83,,,7.25,,,,,,,,,,,,,,,,,,,,,,,,,,,,,,,11351,,,,,,,,,,,,,,,,,,,,,,,,,,,,,,,,,,,1983-08-28 00:00:00,"油・ガス田水の同位体組成,石油資源開発株式会社,1985"
新潟県,藤川,,,,,,,,井戸,油井,,,,101,,,6.92,,,,,,,,,,,,,,,,,,,,,,,,,,,,,,,14772,,,,,,,,,,,,,,,,,,,,,,,,,,,,,,,,,,,,"油・ガス田水の同位体組成,石油資源開発株式会社,1985"
新潟県,藤川,,,,,,,,井戸,油井,,,,102,,,8,,,,,,,,,,,,,,,,,,,,,,,,,,,,,,,13051,,,,,,,,,,,,,,,,,,,,,,,,,,,,,,,,,,,1983-07-19 00:00:00,"油・ガス田水の同位体組成,石油資源開発株式会社,1985"
新潟県,藤川,,,,,,,,井戸,油井,,,,100,,,7.61,,,,,,,,,,,,,,,,,,,,,,,,,,,,,,,12344,,,,,,,,,,,,,,,,,,,,,,,,,,,,,,,,,,,1983-07-20 00:00:00,"油・ガス田水の同位体組成,石油資源開発株式会社,1985"
新潟県,雲出,,,,,,,,井戸,油井,,,,83,,,7.34,,,,,,,,,,,,,,,,,,,,,,,,,,,,,,,19978,,,,,,,,,,,,,,,,,,,,,,,,,,,,,,,,,,,,"油・ガス田水の同位体組成,石油資源開発株式会社,1985"
新潟県,吉井,,,,,,,,井戸,油井,,,,116,,,7.45,,,,,,,,,,,,,,,,,,,,,,,,,,,,,,,13665,,,,,,,,,,,,,,,,,,,,,,,,,,,,,,,,,,,1983-07-20 00:00:00,"油・ガス田水の同位体組成,石油資源開発株式会社,1985"
新潟県,安田,,,,,,,,井戸,油井,,,,117,,,7.26,,,,,,,,,,,,,,,,,,,,,,,,,,,,,,,11028,,,,,,,,,,,,,,,,,,,,,,,,,,,,,,,,,,,1983-07-29 00:00:00,"油・ガス田水の同位体組成,石油資源開発株式会社,1985"
新潟県,桜町,,,,,,,,井戸,油井,,,,,,,7.65,,,,,,,,,,,,,,,,,,,,,,,,,,,,,,,4899,,,,,,,,,,,,,,,,,,,,,,,,,,,,,,,,,,,1983-07-25 00:00:00,"油・ガス田水の同位体組成,石油資源開発株式会社,1985"
新潟県,桜町,,,,,,,,井戸,油井,,,,,,,7.14,,,,,,,,,,,,,,,,,,,,,,,,,,,,,,,5545,,,,,,,,,,,,,,,,,,,,,,,,,,,,,,,,,,,1983-07-25 00:00:00,"油・ガス田水の同位体組成,石油資源開発株式会社,1985"
新潟県,桜町,,,,,,,,井戸,油井,,,,,,,7.13,,,,,,,,,,,,,,,,,,,,,,,,,,,,,,,5616,,,,,,,,,,,,,,,,,,,,,,,,,,,,,,,,,,,1983-07-25 00:00:00,"油・ガス田水の同位体組成,石油資源開発株式会社,1985"
新潟県,新潟,,,,,,,,井戸,ガス井,,,,,,,,,,,,,,,,,,,,,,,,,,,,,,,,,,,,,,,,,,,,,,,,,,,,,,,,,,,,,,,,,,,,,,,,,1983-07-27 00:00:00,"油・ガス田水の同位体組成,石油資源開発株式会社,1985"
新潟県,新潟,,,,,,,,井戸,ガス井,,,,,,,,,,,,,,,,,,,,,,,,,,,,,,,,,,,,,,,,,,,,,,,,,,,,,,,,,,,,,,,,,,,,,,,,,1983-07-27 00:00:00,"油・ガス田水の同位体組成,石油資源開発株式会社,1985"
新潟県,新潟,,,,,,,,井戸,ガス井,,,,,,,,,,,,,,,,,,,,,,,,,,,,,,,,,,,,,,,,,,,,,,,,,,,,,,,,,,,,,,,,,,,,,,,,,1983-07-27 00:00:00,"油・ガス田水の同位体組成,石油資源開発株式会社,1985"
新潟県,新潟,,,,,,,,井戸,ガス井,,,,,,,,,,,,,,,,,,,,,,,,,,,,,,,,,,,,,,,,,,,,,,,,,,,,,,,,,,,,,,,,,,,,,,,,,1983-07-27 00:00:00,"油・ガス田水の同位体組成,石油資源開発株式会社,1985"
新潟県,深度274-309m,,,,,,,,井戸,ガス井,,,,23.4,,,6.8,,,,,,,,,,,,270,22,,,,28.4,36.9,,,,,,,,,,,,,390,,,,,,,,,,,,,,,,,,,,,,,,,,,,,,,,,,,,"油・ガス田水の同位体組成,石油資源開発株式会社,1985"
新潟県,深度292-322m,,,,,,,,井戸,ガス井,,,,24.5,,,6.79,,,,,,,,,,,,190,17,,,,24.6,34.5,,,,,,,,,,,,,282,,,,,,,,,,,,,,,,,,,,,,,,,,,,,,,,,,,,"油・ガス田水の同位体組成,石油資源開発株式会社,1985"
新潟県,深度470-510m,,,,,,,,井戸,ガス井,,,,26.2,,,7.2,,,,,,,,,,,,840,36,,,,71.5,76.2,,,,,,,,,,,,,855,,,,,,,,,,,,,,,,,,,,,,,,,,,,,,,,,,,,"油・ガス田水の同位体組成,石油資源開発株式会社,1985"
新潟県,深度478-528m,,,,,,,,井戸,ガス井,,,,26.6,,,7.08,,,,,,,,,,,,1260,57,,,,157.5,176,,,,,,,,,,,,,2040,,,,,,,,,,,,,,,,,,,,,,,,,,,,,,,,,,,,"油・ガス田水の同位体組成,石油資源開発株式会社,1985"
新潟県,深度578-608m,,,,,,,,井戸,ガス井,,,,29.3,,,7.05,,,,,,,,,,,,2110,96,,,,195.2,161.5,,,,,,,,,,,,,4070,,,,,,,,,,,,,,,,,,,,,,,,,,,,,,,,,,,,"油・ガス田水の同位体組成,石油資源開発株式会社,1985"
新潟県,"深度410-420m, 430-445m",,,,,,,,井戸,ガス井,,,,27.1,,,6.88,,,,,,,,,,,,4340,156,,,,382.2,551.5,,,,,,,,,,,,,8320,,,,,,,,,,,,,,,,,,,,,,,,,,,,,,,,,,,,"油・ガス田水の同位体組成,石油資源開発株式会社,1985"
新潟県,深度441-453m,,,,,,,,井戸,ガス井,,,,27.8,,,6.96,,,,,,,,,,,,5810,231,,,,328.2,526.7,,,,,,,,,,,,,10140,,,,,,,,,,,,,,,,,,,,,,,,,,,,,,,,,,,,"油・ガス田水の同位体組成,石油資源開発株式会社,1985"
新潟県,深度680-721m,,,,,,,,井戸,ガス井,,,,32.1,,,7.14,,,,,,,,,,,,2550,135,,,,372.4,332.3,,,,,,,,,,,,,5370,,,,,,,,,,,,,,,,,,,,,,,,,,,,,,,,,,,,"油・ガス田水の同位体組成,石油資源開発株式会社,1985"
新潟県,深度744-794m,,,,,,,,井戸,ガス井,,,,34.2,,,7.1,,,,,,,,,,,,7620,315,,,,450.2,351.5,,,,,,,,,,,,,13090,,,,,,,,,,,,,,,,,,,,,,,,,,,,,,,,,,,,"油・ガス田水の同位体組成,石油資源開発株式会社,1985"
新潟県,深度780-830m,,,,,,,,井戸,ガス井,,,,33.9,,,7.14,,,,,,,,,,,,8920,375,,,,480.9,329.9,,,,,,,,,,,,,15120,,,,,,,,,,,,,,,,,,,,,,,,,,,,,,,,,,,,"油・ガス田水の同位体組成,石油資源開発株式会社,1985"
新潟県,深度557-559m,,,,,,,,井戸,ガス井,,,,29.3,,,7.27,,,,,,,,,,,,9690,408,,,,336.5,176.4,,,,,,,,,,,,,15120,,,,,,,,,,,,,,,,,,,,,,,,,,,,,,,,,,,,"油・ガス田水の同位体組成,石油資源開発株式会社,1985"
新潟県,深度592-628m,,,,,,,,井戸,ガス井,,,,32.2,,,7.34,,,,,,,,,,,,9400,438,,,,344.7,149.5,,,,,,,,,,,,,15120,,,,,,,,,,,,,,,,,,,,,,,,,,,,,,,,,,,,"油・ガス田水の同位体組成,石油資源開発株式会社,1985"
新潟県,深度617-657m,,,,,,,,井戸,ガス井,,,,32.4,,,7.36,,,,,,,,,,,,9900,456,,,,364.2,151.5,,,,,,,,,,,,,15790,,,,,,,,,,,,,,,,,,,,,,,,,,,,,,,,,,,,"油・ガス田水の同位体組成,石油資源開発株式会社,1985"
新潟県,深度710-750m,,,,,,,,井戸,ガス井,,,,34.8,,,7.3,,,,,,,,,,,,10000,258,,,,349.3,166.3,,,,,,,,,,,,,16070,,,,,,,,,,,,,,,,,,,,,,,,,,,,,,,,,,,,"油・ガス田水の同位体組成,石油資源開発株式会社,1985"
新潟県,深度917-967m,,,,,,,,井戸,ガス井,,,,38.4,,,7.43,,,,,,,,,,,,9110,393,,,,403.3,301,,,,,,,,,,,,,15140,,,,,,,,,,,,,,,,,,,,,,,,,,,,,,,,,,,,"油・ガス田水の同位体組成,石油資源開発株式会社,1985"
新潟県,深度921-983m,,,,,,,,井戸,ガス井,,,,38.3,,,7.3,,,,,,,,,,,,9210,387,,,,420.6,277.4,,,,,,,,,,,,,15470,,,,,,,,,,,,,,,,,,,,,,,,,,,,,,,,,,,,"油・ガス田水の同位体組成,石油資源開発株式会社,1985"
新潟県,深度780-1040m,,,,,,,,井戸,ガス井,,,,39,,,7,,,,,,,,,,,,10750,504,,,,487.7,256.1,,,,,,,,,,,,,18060,,,,,,,,,,,,,,,,,,,,,,,,,,,,,,,,,,,,"油・ガス田水の同位体組成,石油資源開発株式会社,1985"
新潟県,深度968-1027m,,,,,,,,井戸,ガス井,,,,39.5,,,7.08,,,,,,,,,,,,10520,495,,,,507.6,264.5,,,,,,,,,,,,,17940,,,,,,,,,,,,,,,,,,,,,,,,,,,,,,,,,,,,"油・ガス田水の同位体組成,石油資源開発株式会社,1985"
新潟県,深度1700-1800m,,,,,,,,井戸,ガス井,,,,58.9,,,7.19,,,,,,,,,,,,10850,321,,,,426.4,784.4,,,,,,,,,,,,,19230,,,,,,,,,,,,,,,,,,,,,,,,,,,,,,,,,,,,"油・ガス田水の同位体組成,石油資源開発株式会社,1985"
新潟県,,,,,,,,,不明,温泉・鉱泉,,,,41.4,,,7.7,,,,,,,,,,,,,,,,,,26.2,,,,,,,,,,,,,5426,,,,,,,,,2,,,,,2914,,,,,,,,,,,,,,,,,,,,,,"食塩泉中のストロンチウム濃度およびSr/Ca比の変動について,温泉科学,1986"
新潟県,,,,,,,,,不明,温泉・鉱泉,,,,24.9,,,7.1,,,,,,,,,,,,,,,,,,39.2,,,,,,,,,,,,,5366,,,,,,,,,0,,,,,3483,,,,,,,,,,,,,,,,,,,,,,"食塩泉中のストロンチウム濃度およびSr/Ca比の変動について,温泉科学,1986"
新潟県,,,,,,,,,不明,温泉・鉱泉,,,,12,,,7,,,,,,,,,,,,,,,,,,106,,,,,,,,,,,,,3254,,,,,,,,,22,,,,,498,,,,,,,,,,,,,,,,,,,,,,"食塩泉中のストロンチウム濃度およびSr/Ca比の変動について,温泉科学,1986"
新潟県,,,,,,,,,不明,温泉・鉱泉,,,,14.3,,,7.3,,,,,,,,,,,,,,,,,,75.7,,,,,,,,,,,,,5213,,,,,,,,,0,,,,,3028,,,,,,,,,,,,,,,,,,,,,,"食塩泉中のストロンチウム濃度およびSr/Ca比の変動について,温泉科学,1986"
新潟県,,,,,,,,,不明,温泉・鉱泉,,,,33.5,,,8,,,,,,,,,,,,,,,,,,126,,,,,,,,,,,,,9149,,,,,,,,,0,,,,,3004,,,,,,,,,,,,,,,,,,,,,,"食塩泉中のストロンチウム濃度およびSr/Ca比の変動について,温泉科学,1986"
新潟県,,,,,,,,,不明,温泉・鉱泉,,,,32.7,,,7.8,,,,,,,,,,,,,,,,,,128,,,,,,,,,,,,,8019,,,,,,,,,0,,,,,2481,,,,,,,,,,,,,,,,,,,,,,"食塩泉中のストロンチウム濃度およびSr/Ca比の変動について,温泉科学,1986"
新潟県,,,,,,,,,不明,温泉・鉱泉,,,,13.2,,,7.3,,,,,,,,,,,,,,,,,,536,,,,,,,,,,,,,22420,,,,,,,,,0,,,,,1002,,,,,,,,,,,,,,,,,,,,,,"食塩泉中のストロンチウム濃度およびSr/Ca比の変動について,温泉科学,1986"
新潟県,,,,,,,,,不明,温泉・鉱泉,,,,18.4,,,7,,,,,,,,,,,,,,,,,,266,,,,,,,,,,,,,9095,,,,,,,,,0,,,,,603,,,,,,,,,,,,,,,,,,,,,,"食塩泉中のストロンチウム濃度およびSr/Ca比の変動について,温泉科学,1986"
新潟県,,,,,,,,,不明,温泉・鉱泉,,,,35.5,,,7.2,,,,,,,,,,,,,,,,,,202,,,,,,,,,,,,,9020,,,,,,,,,0,,,,,717,,,,,,,,,,,,,,,,,,,,,,"食塩泉中のストロンチウム濃度およびSr/Ca比の変動について,温泉科学,1986"
新潟県,,,,,,,,,不明,温泉・鉱泉,,,,24.3,,,8.1,,,,,,,,,,,,,,,,,,1911,,,,,,,,,,,,,8945,,,,,,,,,92,,,,,80,,,,,,,,,,,,,,,,,,,,,,"食塩泉中のストロンチウム濃度およびSr/Ca比の変動について,温泉科学,1986"
新潟県,,138,36,10,37,3,40,,不明,温泉・鉱泉,,,,73.2,,,7.3,,,,,,,,,,,,,,,,,,1825,,,,,,,,,,,,,8991,,,,,,,,,89,,,,,52,,,,,,,,,,,,,,,,,,,,,,"食塩泉中のストロンチウム濃度およびSr/Ca比の変動について,温泉科学,1986"
新潟県,,138,7,30,36,53,44,,不明,温泉・鉱泉,,,,,,,7.4,,,,,1050,1230,,,,,,89.1,24.8,,,,42.9,122,,,,,,,,,,,,,72.2,,,,,,,,,335,,,,,316,0.9,,,,,,,,,191,,,,,,,,,,,,"温泉実態調査からみた県内温泉の水質,新潟県衛生公害研究所年報第10報,1994"
新潟県,,138,36,5,37,3,47,,不明,温泉・鉱泉,,,,,,,7.6,,,,,12500,18300,,,,,,2870,100,,,,8.2,1370,,,,,,,,,,,,,7260,,,,,,,,,61.2,,,,,56.2,0.1,,,,,,,,,76.5,,,,,,,,,,,,"温泉実態調査からみた県内温泉の水質,新潟県衛生公害研究所年報第10報,1994"
新潟県,,138,45,8,36,57,42,,不明,温泉・鉱泉,,,,,,,9.3,,,,,689,1190,,,,,,231,1.9,,,,0,17.7,,,,,,,,,,,,,366,,,,,,,,,13.4,,,,,10,1.4,,,,,,,,,48.4,,,,,,,,,,,,"温泉実態調査からみた県内温泉の水質,新潟県衛生公害研究所年報第10報,1994"
新潟県,,138,46,5,36,52,10,,不明,温泉・鉱泉,,,,,,,7.8,,,,,2650,3830,,,,,,487,6.6,,,,0.5,337,,,,,,,,,,,,,1250,,,,,,,,,157,,,,,11.4,0,,,,,,,,,24.4,,,,,,,,,,,,"温泉実態調査からみた県内温泉の水質,新潟県衛生公害研究所年報第10報,1994"
新潟県,,138,47,3,36,47,26,,不明,温泉・鉱泉,,,,,,,6.4,,,,,5720,6700,,,,,,881,78.3,,,,58.9,726,,,,,,,,,,,,,1890,,,,,,,,,1190,,,,,500,0.1,,,,,,,,,113,,,,,,,,,,,,"温泉実態調査からみた県内温泉の水質,新潟県衛生公害研究所年報第10報,1994"
新潟県,,138,47,34,36,58,14,,不明,温泉・鉱泉,,,,,,,8.1,,,,,3150,4910,,,,,,924,6.1,,,,7.7,200,,,,,,,,,,,,,1570,,,,,,,,,366,,,,,110,1,,,,,,,,,31.3,,,,,,,,,,,,"温泉実態調査からみた県内温泉の水質,新潟県衛生公害研究所年報第10報,1994"
新潟県,,138,46,38,37,37,10,,不明,温泉・鉱泉,,,,,,,7.8,,,,,18400,26400,,,,,,6730,35.5,,,,97.3,90.5,,,,,,,,,,,,,9930,,,,,,,,,1,,,,,3040,13.2,,,,,,,,,18.8,,,,,,,,,,,,"温泉実態調査からみた県内温泉の水質,新潟県衛生公害研究所年報第10報,1994"
新潟県,,138,47,50,36,56,38,,不明,温泉・鉱泉,,,,,,,8.5,,,,,884,1360,,,,,,212,4,,,,0.2,79.4,,,,,,,,,,,,,368,,,,,,,,,125,,,,,16.8,0.9,,,,,,,,,46,,,,,,,,,,,,"温泉実態調査からみた県内温泉の水質,新潟県衛生公害研究所年報第10報,1994"
新潟県,,138,48,39,36,59,20,,不明,温泉・鉱泉,,,,,,,8.7,,,,,2410,3880,,,,,,805,27,,,,15.6,26.3,,,,,,,,,,,,,1059,,,,,,,,,248,,,,,347,20.1,,,,,,,,,44.3,,,,,,,,,,,,"温泉実態調査からみた県内温泉の水質,新潟県衛生公害研究所年報第10報,1994"
新潟県,,138,49,30,37,40,16,,不明,温泉・鉱泉,,,,,,,7.8,,,,,4330,6590,,,,,,1230,13.6,,,,241,2360,,,,,,,,,,,,,2360,,,,,,,,,10.2,,,,,43.5,0.2,,,,,,,,,16.3,,,,,,,,,,,,"温泉実態調査からみた県内温泉の水質,新潟県衛生公害研究所年報第10報,1994"
新潟県,,138,52,34,37,3,29,,不明,温泉・鉱泉,,,,,,,8,,,,,1420,2330,,,,,,404,17.6,,,,0.4,69.8,,,,,,,,,,,,,715,,,,,,,,,40.8,,,,,42.5,0.4,,,,,,,,,49.1,,,,,,,,,,,,"温泉実態調査からみた県内温泉の水質,新潟県衛生公害研究所年報第10報,1994"
新潟県,,138,52,10,37,24,47,,不明,温泉・鉱泉,,,,,,,7.6,,,,,336,425,,,,,,68.3,14.2,,,,3.3,7.7,,,,,,,,,,,,,88.4,,,,,,,,,1.5,,,,,72.1,0.3,,,,,,,,,121,,,,,,,,,,,,"温泉実態調査からみた県内温泉の水質,新潟県衛生公害研究所年報第10報,1994"
新潟県,,138,54,2,37,21,57,,不明,温泉・鉱泉,,,,,,,9.3,,,,,499,818,,,,,,188,0.5,,,,0.4,1.3,,,,,,,,,,,,,139,,,,,,,,,10.7,,,,,187,28.1,,,,,,,,,39.5,,,,,,,,,,,,"温泉実態調査からみた県内温泉の水質,新潟県衛生公害研究所年報第10報,1994"
新潟県,,138,56,29,37,2,52,,不明,温泉・鉱泉,,,,,,,9.2,,,,,156,219,,,,,,38.7,0.6,,,,0.1,5.3,,,,,,,,,,,,,26.8,,,,,,,,,26.2,,,,,12.7,1.9,,,,,,,,,52.3,,,,,,,,,,,,"温泉実態調査からみた県内温泉の水質,新潟県衛生公害研究所年報第10報,1994"
新潟県,,139,2,11,37,12,56,,不明,温泉・鉱泉,,,,,,,8.8,,,,,231,350,,,,,,58.2,0.8,,,,0.2,11.3,,,,,,,,,,,,,20.8,,,,,,,,,80.1,,,,,44.4,2,,,,,,,,,59.8,,,,,,,,,,,,"温泉実態調査からみた県内温泉の水質,新潟県衛生公害研究所年報第10報,1994"
新潟県,,139,3,16,37,12,48,,不明,温泉・鉱泉,,,,,,,8.7,,,,,204,310,,,,,,52.8,0.9,,,,0.2,14,,,,,,,,,,,,,24,,,,,,,,,59,,,,,39.7,1.6,,,,,,,,,48.9,,,,,,,,,,,,"温泉実態調査からみた県内温泉の水質,新潟県衛生公害研究所年報第10報,1994"
新潟県,,139,4,5,37,12,7,,不明,温泉・鉱泉,,,,,,,8.2,,,,,262,389,,,,,,61.1,1.1,,,,0.1,17.7,,,,,,,,,,,,,36.6,,,,,,,,,74.5,,,,,41.6,0.5,,,,,,,,,45.5,,,,,,,,,,,,"温泉実態調査からみた県内温泉の水質,新潟県衛生公害研究所年報第10報,1994"
新潟県,,139,4,46,37,11,33,,不明,温泉・鉱泉,,,,,,,8.5,,,,,347,478,,,,,,50.8,1.2,,,,0.1,43.2,,,,,,,,,,,,,39.2,,,,,,,,,147,,,,,13.9,0.8,,,,,,,,,42.3,,,,,,,,,,,,"温泉実態調査からみた県内温泉の水質,新潟県衛生公害研究所年報第10報,1994"
新潟県,,139,5,35,37,9,39,,不明,温泉・鉱泉,,,,,,,8.7,,,,,145,270,,,,,,16.5,0,,,,27.1,10.2,,,,,,,,,,,,,10.2,,,,,,,,,64.1,,,,,20.1,0.8,,,,,,,,,26.7,,,,,,,,,,,,"温泉実態調査からみた県内温泉の水質,新潟県衛生公害研究所年報第10報,1994"
新潟県,,139,17,35,37,49,47,,不明,温泉・鉱泉,,,,,,,8.6,,,,,1300,1930,,,,,,467,4.8,,,,0.5,21.9,,,,,,,,,,,,,116,,,,,,,,,726,,,,,66.2,2.2,,,,,,,,,16.4,,,,,,,,,,,,"温泉実態調査からみた県内温泉の水質,新潟県衛生公害研究所年報第10報,1994"
新潟県,,139,17,47,37,43,59,,不明,温泉・鉱泉,,,,,,,7.9,,,,,753,1190,,,,,,198,5.9,,,,0.8,54,,,,,,,,,,,,,256,,,,,,,,,198,,,,,45.6,0.4,,,,,,,,,37.2,,,,,,,,,,,,"温泉実態調査からみた県内温泉の水質,新潟県衛生公害研究所年報第10報,1994"
新潟県,,139,18,36,37,52,26,,不明,温泉・鉱泉,,,,,,,7.6,,,,,3500,5070,,,,,,1220,26.8,,,,25.4,56.9,,,,,,,,,,,,,1350,,,,,,,,,610,,,,,334,1.1,,,,,,,,,37.6,,,,,,,,,,,,"温泉実態調査からみた県内温泉の水質,新潟県衛生公害研究所年報第10報,1994"
新潟県,,139,23,35,37,43,55,,不明,温泉・鉱泉,,,,,,,7.2,,,,,1650,2260,,,,,,459,10,,,,3.7,63,,,,,,,,,,,,,334,,,,,,,,,641,,,,,104,0.1,,,,,,,,,44.7,,,,,,,,,,,,"温泉実態調査からみた県内温泉の水質,新潟県衛生公害研究所年報第10報,1994"
新潟県,,139,26,34,38,12,30,,不明,温泉・鉱泉,,,,,,,8.6,,,,,3600,5750,,,,,,1280,61.1,,,,2.3,68.6,,,,,,,,,,,,,1940,,,,,,,,,178,,,,,51.1,1.6,,,,,,,,,115,,,,,,,,,,,,"温泉実態調査からみた県内温泉の水質,新潟県衛生公害研究所年報第10報,1994"
新潟県,,139,28,22,37,40,52,,不明,温泉・鉱泉,,,,,,,6.6,,,,,2630,3620,,,,,,649,31.6,,,,11.8,133,,,,,,,,,,,,,866,,,,,,,,,593,,,,,76.4,0.1,,,,,,,,,55,,,,,,,,,,,,"温泉実態調査からみた県内温泉の水質,新潟県衛生公害研究所年報第10報,1994"
新潟県,,139,34,57,38,5,44,,不明,温泉・鉱泉,,,,,,,7.7,,,,,1580,2420,,,,,,515,23.2,,,,2.3,68.8,,,,,,,,,,,,,404,,,,,,,,,511,,,,,127,0.6,,,,,,,,,73.6,,,,,,,,,,,,"温泉実態調査からみた県内温泉の水質,新潟県衛生公害研究所年報第10報,1994"
新潟県,,139,36,17,38,4,34,,不明,温泉・鉱泉,,,,,,,7.2,,,,,2450,3950,,,,,,784,53.8,,,,2.1,89.6,,,,,,,,,,,,,949,,,,,,,,,438,,,,,133,0.2,,,,,,,,,92.4,,,,,,,,,,,,"温泉実態調査からみた県内温泉の水質,新潟県衛生公害研究所年報第10報,1994"
新潟県,村上市,139,26,26,38,12,33,,不明,温泉・鉱泉,175-500,,,100,1647,,,8.6,,,,,,,,,,,1380,76.7,,,,1.1,89.6,,,,,,,,,,,,,2088,,,,,,,,,191,,,,,59.6,,,,,,,,,173.9,,,,,,,,,,,,,"新潟地熱資源図説明書,地質調査所,1993"
新潟県,岩船郡関川村,139,35,3,38,5,49,,不明,温泉・鉱泉,"44, 200",,,40,373,,7.4,,,,,,,,,,,,285,17,,,,1.2,35.2,,,,,,,,,,,,,225,,,,,,,,,294,,,,,130,,,,,,,,,23.85,,,,,,,,,,,mg/kg,,"新潟地熱資源図説明書,地質調査所,1993"
新潟県,岩船郡関川村,139,35,9,38,4,33,,不明,温泉・鉱泉,130,,,69,398,,8.2,,,,,,,,,,,,790,70,,,,2,86.4,,,,,,,,,,,,,914,,,,,,,,,464,,,,,323,,,,,,,,,52.315,,,,,,,,,,,mg/kg,,"新潟地熱資源図説明書,地質調査所,1993"
新潟県,岩船郡関川村,139,34,54,38,4,1,,不明,温泉・鉱泉,120-200,,,59,257,,8,,,,,,,,,,,,885,71,,,,1.8,85.3,,,,,,,,,,,,,943,,,,,,,,,444,,,,,540,,,,,,,,,70.01,,,,,,,,,,,mg/kg,,"新潟地熱資源図説明書,地質調査所,1993"
新潟県,岩船郡関川村,139,36,10,38,3,53,,不明,温泉・鉱泉,"100, 300",,,54,360,,7.3,,,,,,,,,,,,500,42,,,,1.7,81.3,,,,,,,,,,,,,564,,,,,,,,,385,,,,,195,,,,,,,,,53.854,,,,,,,,,,,mg/kg,,"新潟地熱資源図説明書,地質調査所,1993"
新潟県,北蒲原郡黒川村,139,26,55,38,3,43,,不明,温泉・鉱泉,255,,,21,12,,,,,,,,,,,,,,180.2,5.9,,,,0.5,7.1,,,,,,,,,,,,,28.4,,,,,,,,,205,,,,,191.8,,,,,,,,,4.308,,,,,,,,,,,mg/kg,,"新潟地熱資源図説明書,地質調査所,1993"
新潟県,北蒲原郡中条町,139,19,38,38,3,8,,不明,温泉・鉱泉,284-1665,,,84,53680,,,7.9,,,,,,,,,,,10600,105,,,,66.18,283.6,,,,,,,,,,,,,16591,,,,,,,,,24.69,,,,,13811,,,,,,,,,1.373,,,,,,,,,,,mg/kg,,"新潟地熱資源図説明書,地質調査所,1993"
新潟県,北蒲原郡黒川村,139,29,19,38,1,35,,不明,温泉・鉱泉,550,,,25.6,2,,8.8,,,,,,,,,,,,505.3,20.6,,,,1.1,0.8,,,,,,,,,,,,,249.1,,,,,,,,,13,,,,,846.1,,,,,,,,,22,,,,,,,,,,,mg/kg,,"新潟地熱資源図説明書,地質調査所,1993"
新潟県,北蒲原郡加治川村,139,22,57,38,0,53,,不明,温泉・鉱泉,,,,15.3,5,,7.6,,,,,,,,,,,,,,,,,,,,,,,,,,,,,,,,,,,,,,,,,,,,,,,,,,,,,,,,,,,,,,,,,,,"新潟地熱資源図説明書,地質調査所,1993"
新潟県,新発田市,139,24,51,37,55,59,,不明,温泉・鉱泉,350,,,27,30,,8.5,,,,,,,,,,,,,,,,,,,,,,,,,,,,,,,,,,,,,,,,,,,,,,,,,,,,,,,,,,,,,,,,,,,"新潟地熱資源図説明書,地質調査所,1993"
新潟県,新発田市,139,25,2,37,55,8,,不明,温泉・鉱泉,600,,,43,115,,,6.9,,,,,,,,,,,994.2,77.6,,,,9.8,57.1,,,,,,,,,,,,,150.4,,,,,,,,,1567.8,,,,,761.7,,,,,,,,,129.2,,,,,,,,,,,mg/kg,,"新潟地熱資源図説明書,地質調査所,1993"
新潟県,新発田市,139,35,51,37,50,11,,不明,温泉・鉱泉,,,,56,,,6.7,,,,,,,,,,,,273,26,,,,1.8,107.1,,,,,,,,,,,,,308,,,,,,,,,238,,,,,338,,,,,,,,,61.5,,,,,,,,,,,,,"新潟地熱資源図説明書,地質調査所,1993"
新潟県,北蒲原郡豊浦町,139,18,53,37,52,29,,不明,温泉・鉱泉,256-305,,,49.3,954,,,7.4,,,,,,,,,,,1375,35.3,,,,30.5,66.1,,,,,,,,,,,,,1557,,,,,,,,,485.4,,,,,217.4,,,,,,,,,27,,,,,,,,,,,mg/kg,,"新潟地熱資源図説明書,地質調査所,1993"
新潟県,北蒲原郡笹神村,139,17,38,37,49,36,,不明,温泉・鉱泉,500,,,36.5,368,,8.2,,,,,,,,,,,,,,,,,,,,,,,,,,,,,,,,,,,,,,,,,,,,,,,,,,,,,,,,,,,,,,,,,,,"新潟地熱資源図説明書,地質調査所,1993"
新潟県,北蒲原郡笹神村,139,18,19,37,49,0,,不明,温泉・鉱泉,30-200,,,41,892,,,8.4,,,,,,,,,,,57.5,1.5,,,,0.1,46.7,,,,,,,,,,,,,8.7,,,,,,,,,206.4,,,,,31,,,,,,,,,14.8,,,,,,,,,,,mg/kg,,"新潟地熱資源図説明書,地質調査所,1993"
新潟県,北蒲原郡笹神村,139,18,8,37,48,28,,不明,温泉・鉱泉,,,,20,40,,,,,,,,,,,,,,,,,,,,,,,,,,,,,,,,,,,,,,,,,,,,,,,,,,,,,,,,,,,,,,,,,,,,,"新潟地熱資源図説明書,地質調査所,1993"
新潟県,北蒲原郡笹神村,139,17,54,37,47,51,,不明,温泉・鉱泉,,,,26,92,,,,,,,,,,,,,,,,,,,,,,,,,,,,,,,,,,,,,,,,,,,,,,,,,,,,,,,,,,,,,,,,,,,,,"新潟地熱資源図説明書,地質調査所,1993"
新潟県,北蒲原郡安田町,139,15,55,37,45,47,,不明,温泉・鉱泉,200,,,25,32,,,,,,,,,,,,,,,,,,,,,,,,,,,,,,,,,,,,,,,,,,,,,,,,,,,,,,,,,,,,,,,,,,,,,"新潟地熱資源図説明書,地質調査所,1993"
新潟県,北蒲原郡安田町,139,16,0,37,44,51,,不明,温泉・鉱泉,,,,16,32,,,4.1,,,,,,,,,,,83.2,4.9,,,,57.4,54.7,,,,,,,,,,,,,99.2,,,,,,,,,642.3,,,,,,,,,,,,,,50,,,,,,,,,,,mg/kg,,"新潟地熱資源図説明書,地質調査所,1993"
新潟県,五泉市,139,17,26,37,44,6,,不明,温泉・鉱泉,"170, 216",,,53.9,950,,,7.9,,,,,,,,,,,276.1,8.3,,,,1,89.9,,,,,,,,,,,,,428.3,,,,,,,,,266.8,,,,,50.8,,,,,,,,,23.8,,,,,,,,,,,mg/kg,,"新潟地熱資源図説明書,地質調査所,1993"
新潟県,東蒲原郡三川村,139,19,58,37,44,7,,不明,温泉・鉱泉,500,,,14.7,2,,,,,,,,,,,,,,,,,,,,,,,,,,,,,,,,,,,,,,,,,,,,,,,,,,,,,,,,,,,,,,,,,,,,,"新潟地熱資源図説明書,地質調査所,1993"
新潟県,東蒲原郡三川村,139,23,46,37,44,4,,不明,温泉・鉱泉,"50, 70",,,43,205,,,7.7,,,,,,,,,,,920.9,76.6,,,,15.3,192.9,,,,,,,,,,,,,781,,,,,,,,,1444.3,,,,,5.9,,,,,,,,,96.9,,,,,,,,,,,mg/kg,,"新潟地熱資源図説明書,地質調査所,1993"
新潟県,東蒲原郡津川町,139,26,20,37,41,52,,不明,温泉・鉱泉,500,,,32,20,,8.5,,,,,,,,,,,,,,,,,,,,,,,,,,,,,,,,,,,,,,,,,,,,,,,,,,,,,,,,,,,,,,,,,,,"新潟地熱資源図説明書,地質調査所,1993"
新潟県,東蒲原郡鹿瀬町,139,28,41,37,42,37,,不明,温泉・鉱泉,"507, 664",,,34.5,276,,8,,,,,,,,,,,,475.7,31.7,,,,5.5,185.7,,,,,,,,,,,,,79.7,,,,,,,,,1069.9,,,,,412.3,,,,,,,,,32.3,,,,,,,,,,,mg/kg,,"新潟地熱資源図説明書,地質調査所,1993"
新潟県,東蒲原郡鹿瀬町,139,28,16,37,41,1,,不明,温泉・鉱泉,310,,,40.3,325,,7.4,,,,,,,,,,,,350,22.6,,,,4.9,65.6,,,,,,,,,,,,,438,,,,,,,,,336,,,,,18,,,,,,,,,47.7,,,,,,,,,,,mg/kg,,"新潟地熱資源図説明書,地質調査所,1993"
新潟県,東蒲原郡津川町,139,32,36,37,37,41,,不明,温泉・鉱泉,1124,,,32,50,,,8.4,,,,,,,,,,,60,2,,,,0.9,2.6,,,,,,,,,,,,,4.6,,,,,,,,,115.6,,,,,26.2,,,,,,,,,15.9,,,,,,,,,,,mg/kg,,"新潟地熱資源図説明書,地質調査所,1993"
新潟県,東蒲原郡上川村,139,29,32,37,37,34,,不明,温泉・鉱泉,,,,11,36,,,6.9,,,,,,,,,,,876.8,38.5,,,,24.3,280.2,,,,,,,,,,,,,1557,,,,,,,,,491.7,,,,,67.5,,,,,,,,,35.7,,,,,,,,,,,mg/kg,,"新潟地熱資源図説明書,地質調査所,1993"
新潟県,東蒲原郡上川村,139,25,52,37,35,26,,不明,温泉・鉱泉,588,,,44,52,,,7.9,,,,,,,,,,,484.1,10.8,,,,20,37.5,,,,,,,,,,,,,270,,,,,,,,,521.1,,,,,331.6,,,,,,,,,15.8,,,,,,,,,,,mg/kg,,"新潟地熱資源図説明書,地質調査所,1993"
新潟県,新潟市,139,9,21,37,56,38,,不明,温泉・鉱泉,46,,,13,9,,,8.2,,,,,,,,,,,5855.1,369.9,,,,264.3,785.7,,,,,,,,,,,,,10473.6,,,,,,,,,25.5,,,,,1716.9,,,,,,,,,23.7,,,,,,,,,,,mg/kg,,"新潟地熱資源図説明書,地質調査所,1993"
新潟県,新潟市,139,2,46,37,55,36,,不明,温泉・鉱泉,1510,,,49,1400,,,7.9,,,,,,,,,,,10931.1,1322.6,,,,397.5,424.2,,,,,,,,,,,,,19454.6,,,,,,,,,37,,,,,1052.9,,,,,,,,,183.1,,,,,,,,,,,,,"新潟地熱資源図説明書,地質調査所,1993"
新潟県,新潟市,138,57,52,37,52,2,,不明,温泉・鉱泉,,,,15.5,,,,8.4,,,,,,,,,,,5638.1,888.8,,,,100.5,285.2,,,,,,,,,,,,,9360,,,,,,,,,27.6,,,,,933.5,,,,,,,,,8.6,,,,,,,,,,,mg/kg,,"新潟地熱資源図説明書,地質調査所,1993"
新潟県,西蒲原郡黒埼町,138,59,26,37,51,24,,不明,温泉・鉱泉,6,,,17,4,,,7.5,,,,,,,,,,,515.5,62.4,,,,45.9,28.6,,,,,,,,,,,,,673.7,,,,,,,,,13.2,,,,,611,,,,,,,,,32.3,,,,,,,,,,,mg/kg,,"新潟地熱資源図説明書,地質調査所,1993"
新潟県,新津市,139,7,51,37,47,23,,不明,温泉・鉱泉,930,,,42,16,,,7.8,,,,,,,,,,,4131.3,305.7,,,,9.5,37.9,,,,,,,,,,,,,5495.7,,,,,,,,,15.2,,,,,2205.8,,,,,,,,,140,,,,,,,,,,,mg/kg,,"新潟地熱資源図説明書,地質調査所,1993"
新潟県,新津市,139,7,27,37,46,15,,不明,温泉・鉱泉,,,,16,,,,6.7,,,,,,,,,,,1833.6,417.4,,,,23.4,92.9,,,,,,,,,,,,,3433,,,,,,,,,4.4,,,,,50.6,,,,,,,,,18,,,,,,,,,,,mg/kg,,"新潟地熱資源図説明書,地質調査所,1993"
新潟県,新津市,139,9,3,37,46,23,,不明,温泉・鉱泉,130,,,15,11,,,,,,,,,,,,,,,,,,,,,,,,,,,,,,,,,,,,,,,,,,,,,,,,,,,,,,,,,,,,,,,,,,,,,"新潟地熱資源図説明書,地質調査所,1993"
新潟県,新津市,139,9,14,37,45,43,,不明,温泉・鉱泉,,,,15,35,,,7.5-10.0,,,,,,,,,,,433.4,35.6,,,,12.4,21.1,,,,,,,,,,,,,642.1,,,,,,,,,,,,,,225.6,,,,,,,,,17.9,,,,,,,,,,,mg/kg,,"新潟地熱資源図説明書,地質調査所,1993"
新潟県,五泉市,139,8,38,37,45,7,,不明,温泉・鉱泉,236,,,17,19,,,8.1,,,,,,,,,,,154.3,10.6,,,,1.1,12.1,,,,,,,,,,,,,17.7,,,,,,,,,6.9,,,,,432.9,,,,,,,,,43.1,,,,,,,,,,,mg/kg,,"新潟地熱資源図説明書,地質調査所,1993"
新潟県,白根市,139,2,16,37,47,4,,不明,温泉・鉱泉,42,,,15,16,,,,,,,,,,,,,,398.9,1.6,,,,0.1,19.9,,,,,,,,,,,,,408.2,,,,,,,,,23.1,,,,,397.6,,,,,,,,,70.9,,,,,,,,,,,mg/kg,,"新潟地熱資源図説明書,地質調査所,1993"
新潟県,白根市,139,1,51,37,45,59,,不明,温泉・鉱泉,18,,,13.7,59,,,7,,,,,,,,,,,2160,34.8,,,,363.3,156.3,,,,,,,,,,,,,3086,,,,,,,,,5.6,,,,,1556.4,,,,,,,,,19.3,,,,,,,,,,,mg/kg,,"新潟地熱資源図説明書,地質調査所,1993"
新潟県,南蒲原郡田上町,139,5,17,37,42,40,,不明,温泉・鉱泉,184,,,33.1,5,,,6.5,,,,,,,,,,,2750,52.5,,,,60.6,340.2,,,,,,,,,,,,,5135,,,,,,,,,,,,,,0,,,,,,,,,35.9,,,,,,,,,,,mg/kg,,"新潟地熱資源図説明書,地質調査所,1993"
新潟県,中蒲原郡村松町,139,9,2,37,39,37,,不明,温泉・鉱泉,,,,14.6,1,,,,,,,,,,,,,,,,,,,,,,,,,,,,,,,,,,,,,,,,,,,,,,,,,,,,,,,,,,,,,,,,,,,,,"新潟地熱資源図説明書,地質調査所,1993"
新潟県,中蒲原郡村松町,139,8,12,37,38,49,,不明,温泉・鉱泉,,,,17.7,11,,8.5,,,,,,,,,,,,,,,,,,,,,,,,,,,,,,,,,,,,,,,,,,,,,,,,,,,,,,,,,,,,,,,,,,,"新潟地熱資源図説明書,地質調査所,1993"
新潟県,中蒲原郡村松町,139,17,21,37,39,20,,不明,温泉・鉱泉,301,,,20,108,,,,,,,,,,,,,,,,,,,,,,,,,,,,,,,,,,,,,,,,,,,,,,,,,,,,,,,,,,,,,,,,,,,,,"新潟地熱資源図説明書,地質調査所,1993"
新潟県,三条市,138,56,18,37,36,38,,不明,温泉・鉱泉,,,,70,,,,7.1,,,,,,,,,,,7990,431.6,,,,28.4,360.7,,,,,,,,,,,,,12905.9,,,,,,,,,325.1,,,,,512.6,,,,,,,,,161.6,,,,,,,,,,,mg/kg,,"新潟地熱資源図説明書,地質調査所,1993"
新潟県,南蒲原郡下田村,139,1,17,37,35,26,,不明,温泉・鉱泉,,,,15,3,,,,,,,,,,,,,,859.5,37.5,,,,14.9,39.9,,,,,,,,,,,,,1097.2,,,,,,,,,12.8,,,,,605.4,,,,,,,,,56.2,,,,,,,,,,,mg/kg,,"新潟地熱資源図説明書,地質調査所,1993"
新潟県,南蒲原郡下田村,139,5,29,37,33,43,,不明,温泉・鉱泉,,,,13,10,,,5.7,,,,,,,,,,,8.9,3.7,,,,6.2,8.4,,,,,,,,,,,,,7.2,,,,,,,,,60,,,,,26.6,,,,,,,,,0.2,,,,,,,,,,,mg/kg,,"新潟地熱資源図説明書,地質調査所,1993"
新潟県,南蒲原郡下田村,139,7,41,37,31,46,,不明,温泉・鉱泉,250,,,12,5,,,6.9,,,,,,,,,,,2182,311.6,,,,60.5,97.8,,,,,,,,,,,,,3616.4,,,,,,,,,27.9,,,,,478.1,,,,,,,,,233.7,,,,,,,,,,,,,"新潟地熱資源図説明書,地質調査所,1993"
新潟県,南蒲原郡栄町,138,56,59,37,33,13,,不明,温泉・鉱泉,,,,10,16,,,,,,,,,,,,,,44.2,15.7,,,,5.6,7.8,,,,,,,,,,,,,17,,,,,,,,,32.4,,,,,52.6,,,,,,,,,83.5,,,,,,,,,,,mg/kg,,"新潟地熱資源図説明書,地質調査所,1993"
新潟県,南蒲原郡中之島町,138,52,31,37,31,23,,不明,温泉・鉱泉,,,,32,104,,,7.5,,,,,,,,,,,2229.7,147.6,,,,80.8,485.7,,,,,,,,,,,,,4155.4,,,,,,,,,32.1,,,,,978.6,,,,,,,,,132.5,,,,,,,,,,,mg/kg,,"新潟地熱資源図説明書,地質調査所,1993"
新潟県,西蒲原郡巻町,138,51,11,37,47,38,,不明,温泉・鉱泉,182,,,28,13,,,8.5,,,,,,,,,,,58.3,14.1,,,,0.7,3.6,,,,,,,,,,,,,30.1,,,,,,,,,40.3,,,,,87.1,,,,,,,,,75.4,,,,,,,,,,,mg/kg,,"新潟地熱資源図説明書,地質調査所,1993"
新潟県,西蒲原郡岩室村,138,50,21,37,44,24,,不明,温泉・鉱泉,100,,,19,208,,,7.2,,,,,,,,,,,328.5,18.7,,,,2.2,106.8,,,,,,,,,,,,,691.5,,,,,,,,,9.5,,,,,38.3,,,,,,,,,32.3,,,,,,,,,,,mg/kg,,"新潟地熱資源図説明書,地質調査所,1993"
新潟県,西蒲原郡岩室村,138,48,9,37,43,40,,不明,温泉・鉱泉,700,,,22.2,52,,8.5,,,,,,,,,,,,,,,,,,,,,,,,,,,,,,,,,,,,,,,,,,,,,,,,,,,,,,,,,,,,,,,,,,,"新潟地熱資源図説明書,地質調査所,1993"
新潟県,西蒲原郡弥彦村,138,49,37,37,41,55,,不明,温泉・鉱泉,80,,,25.5,119,,,6.7,,,,,,,,,,,1254.6,81.3,,,,2.2,257.2,,,,,,,,,,,,,691.5,,,,,,,,,14.4,,,,,60.9,,,,,,,,,37.7,,,,,,,,,,,mg/kg,,"新潟地熱資源図説明書,地質調査所,1993"
新潟県,三島郡寺泊町,138,47,56,37,41,41,,不明,温泉・鉱泉,,,,12,46,,,7.3,,,,,,,,,,,61.2,3.5,,,,28.4,52.1,,,,,,,,,,,,,85.1,,,,,,,,,87.7,,,,,213.2,,,,,,,,,18.3,,,,,,,,,,,mg/kg,,"新潟地熱資源図説明書,地質調査所,1993"
新潟県,三島郡寺泊町,138,46,23,37,38,11,,不明,温泉・鉱泉,7,,,17,40,,,7.9,,,,,,,,,,,272.2,4.2,,,,15,30.9,,,,,,,,,,,,,138.9,,,,,,,,,62.2,,,,,524.8,,,,,,,,,11.8,,,,,,,,,,,mg/kg,,"新潟地熱資源図説明書,地質調査所,1993"
新潟県,三島郡寺泊町,138,46,34,37,37,23,,不明,温泉・鉱泉,1500,,,36.5,50,,7.7,,,,,,,,,,,,6328.4,959.3,,,,86.7,414.3,,,,,,,,,,,,,9707.8,,,,,,,,,848.9,,,,,2211.7,,,,,,,,,223,,,,,,,,,,,mg/kg,,"新潟地熱資源図説明書,地質調査所,1993"
新潟県,三島郡与板町,138,48,9,37,33,51,,不明,温泉・鉱泉,300,,,12,1,,,7.7,,,,,,,,,,,11578.2,3315.4,,,,150.7,642.9,,,,,,,,,,,,,22053,,,,,,,,,86.4,,,,,700.3,,,,,,,,,391,,,,,,,,,,,mg/kg,,"新潟地熱資源図説明書,地質調査所,1993"
新潟県,三島郡出雲崎町,138,40,11,37,31,30,,不明,温泉・鉱泉,60,,,13,14,,,,,,,,,,,,,,3548.4,798.6,,,,6.5,133.6,,,,,,,,,,,,,5743.8,,,,,,,,,371.6,,,,,770.3,,,,,,,,,140,,,,,,,,,,,mg/kg,,"新潟地熱資源図説明書,地質調査所,1993"
新潟県,三島郡三島町,138,45,10,37,29,53,,不明,温泉・鉱泉,316,,,5.5,,,,,,,,,,,,,,,,,,,,,,,,,,,,,,,,,,,,,,,,,,,,,,,,,,,,,,,,,,,,,,,,,,,,,,"新潟地熱資源図説明書,地質調査所,1993"
新潟県,三島郡三島町,138,46,28,37,28,57,,不明,温泉・鉱泉,150,,,12.5,52,,,,,,,,,,,,,,,,,,,,,,,,,,,,,,,,,,,,,,,,,,,,,,,,,,,,,,,,,,,,,,,,,,,,,"新潟地熱資源図説明書,地質調査所,1993"
新潟県,刈羽郡西山町,138,38,52,37,29,28,,不明,温泉・鉱泉,,,,26.8,,,7.5-8.5,,,,,,,,,,,,,,,,,,,,,,,,,,,,,,,,,,,,,,,,,,,,,,,,,,,,,,,,,,,,,,,,,,,"新潟地熱資源図説明書,地質調査所,1993"
新潟県,刈羽郡西山町,138,39,55,37,27,36,,不明,温泉・鉱泉,,,,14.8,1,,,7.5,,,,,,,,,,,251.5,15.5,,,,3.3,23.4,,,,,,,,,,,,,241.1,,,,,,,,,17.6,,,,,371.5,,,,,,,,,27,,,,,,,,,,,mg/kg,,"新潟地熱資源図説明書,地質調査所,1993"
新潟県,長岡市,138,42,46,37,27,58,,不明,温泉・鉱泉,,,,11,14,,,7.5,,,,,,,,,,,20.1,2.7,,,,5.5,41.5,,,,,,,,,,,,,14.7,,,,,,,,,43.8,,,,,131.6,,,,,,,,,75,,,,,,,,,,,mg/kg,,"新潟地熱資源図説明書,地質調査所,1993"
新潟県,刈羽郡西山町,138,41,32,37,26,25,,不明,温泉・鉱泉,,,,14.5,3,,,8,,,,,,,,,,,40,2.5,,,,3.7,19.1,,,,,,,,,,,,,16.3,,,,,,,,,31.6,,,,,121.6,,,,,,,,,,,,,,,,,,,,mg/kg,,"新潟地熱資源図説明書,地質調査所,1993"
新潟県,刈羽郡西山町,138,41,3,37,25,50,,不明,温泉・鉱泉,,,,13.6,3,,,,,,,,,,,,,,,,,,,,,,,,,,,,,,,,,,,,,,,,,,,,,,,,,,,,,,,,,,,,,,,,,,,,,"新潟地熱資源図説明書,地質調査所,1993"
新潟県,刈羽郡刈羽村,138,41,59,37,25,58,,不明,温泉・鉱泉,,,,13,2,,,6.4,,,,,,,,,,,23.7,2.7,,,,3.7,26.4,,,,,,,,,,,,,4.3,,,,,,,,,61.7,,,,,74.5,,,,,,,,,67.9,,,,,,,,,,,,,"新潟地熱資源図説明書,地質調査所,1993"
新潟県,長岡市,138,43,4,37,26,2,,不明,温泉・鉱泉,200,,,22.5,35,,,8.2,,,,,,,,,,,310.3,18.8,,,,1.6,3.8,,,,,,,,,,,,,14.2,,,,,,,,,<1,,,,,826.4,,,,,,,,,63.9,,,,,,,,,,,mg/kg,,"新潟地熱資源図説明書,地質調査所,1993"
新潟県,長岡市,138,43,44,37,24,20,,不明,温泉・鉱泉,,,,13.9,16,,,9,,,,,,,,,,,138.2,9.6,,,,0.3,1.9,,,,,,,,,,,,,10.6,,,,,,,,,<1,,,,,436.9,,,,,,,,,39.2,,,,,,,,,,,mg/kg,,"新潟地熱資源図説明書,地質調査所,1993"
新潟県,長岡市,138,46,52,37,27,8,,不明,温泉・鉱泉,,,,39.5,300,,,,,,,,,,,,,,,,,,,,,,,,,,,,,,,,,,,,,,,,,,,,,,,,,,,,,,,,,,,,,,,,,,,,,"新潟地熱資源図説明書,地質調査所,1993"
新潟県,長岡市,138,49,11,37,27,6,,不明,温泉・鉱泉,973,,,40,11,,,7.8,,,,,,,,,,,946.3,151.7,,,,7.4,134.3,,,,,,,,,,,,,1507.5,,,,,,,,,6.6,,,,,621.4,,,,,,,,,109.9,,,,,,,,,,,mg/kg,,"新潟地熱資源図説明書,地質調査所,1993"
新潟県,長岡市,138,50,40,37,26,24,,不明,温泉・鉱泉,,,,44,360,,,7.9,,,,,,,,,,,87.2,8.3,,,,1.1,8.4,,,,,,,,,,,,,17.7,,,,,,,,,5.5,,,,,233.8,,,,,,,,,143.3,,,,,,,,,,,mg/kg,,"新潟地熱資源図説明書,地質調査所,1993"
新潟県,見附市,138,55,51,37,29,28,,不明,温泉・鉱泉,1450,,,37,42,,,8.4,,,,,,,,,,,131.8,8.3,,,,2.8,28.6,,,,,,,,,,,,,78,,,,,,,,,15.2,,,,,309.2,,,,,,,,,93.7,,,,,,,,,,,mg/kg,,"新潟地熱資源図説明書,地質調査所,1993"
新潟県,栃尾市,138,59,24,37,27,57,,不明,温泉・鉱泉,4,,,20,4,,,,,,,,,,,,,,,,,,,,,,,,,,,,,,,,,,,,,,,,,,,,,,,,,,,,,,,,,,,,,,,,,,,,,"新潟地熱資源図説明書,地質調査所,1993"
新潟県,栃尾市,138,59,9,37,27,25,,不明,温泉・鉱泉,4,,,38,1,,,,,,,,,,,,,,,,,,,,,,,,,,,,,,,,,,,,,,,,,,,,,,,,,,,,,,,,,,,,,,,,,,,,,"新潟地熱資源図説明書,地質調査所,1993"
新潟県,長岡市,138,55,21,37,28,59,,不明,温泉・鉱泉,1200,,,46.2,300,,,8.5,,,,,,,,,,,95.2,1.9,,,,0.3,0.5,,,,,,,,,,,,,58.5,,,,,,,,,7.6,,,,,126,,,,,,,,,45.4,,,,,,,,,,,mg/kg,,"新潟地熱資源図説明書,地質調査所,1993"
新潟県,長岡市,138,55,8,37,28,30,,不明,温泉・鉱泉,1142,,,47.7,50,,,,,,,,,,,,,,,,,,,,,,,,,,,,,,,,,,,,,,,,,,,,,,,,,,,,,,,,,,,,,,,,,,,,,"新潟地熱資源図説明書,地質調査所,1993"
新潟県,長岡市,138,54,43,37,27,29,,不明,温泉・鉱泉,1500,,,18.8,200,,,,,,,,,,,,,,,,,,,,,,,,,,,,,,,,,,,,,,,,,,,,,,,,,,,,,,,,,,,,,,,,,,,,,"新潟地熱資源図説明書,地質調査所,1993"
新潟県,長岡市,138,53,59,37,27,1,,不明,温泉・鉱泉,,,,14.5,1,,,8.2,,,,,,,,,,,44.6,10.6,,,,9.7,35.1,,,,,,,,,,,,,108.2,,,,,,,,,<5,,,,,128.2,,,,,,,,,,,,,,,,,,,,mg/kg,,"新潟地熱資源図説明書,地質調査所,1993"
新潟県,長岡市,138,54,40,37,26,46,,不明,温泉・鉱泉,800,,,33,,,,7.2,,,,,,,,,,,193.8,12.9,,,,8.1,91.4,,,,,,,,,,,,,397.1,,,,,,,,,3.4,,,,,162.6,,,,,,,,,80.8,,,,,,,,,,,mg/kg,,"新潟地熱資源図説明書,地質調査所,1993"
新潟県,長岡市,138,54,30,37,26,5,,不明,温泉・鉱泉,3,,,14.1,9,,8,,,,,,,,,,,,9.7,4.6,,,,6,19.1,,,,,,,,,,,,,9,,,,,,,,,5.5,,,,,132.1,,,,,,,,,27.6,,,,,,,,,,,mg/kg,,"新潟地熱資源図説明書,地質調査所,1993"
新潟県,長岡市,138,52,0,37,25,4,,不明,温泉・鉱泉,551,,,37,1556,,,7.8,,,,,,,,,,,78.6,20.1,,,,3.6,0.7,,,,,,,,,,,,,97.1,,,,,,,,,<1,,,,,86.2,,,,,,,,,96.3,,,,,,,,,,,mg/kg,,"新潟地熱資源図説明書,地質調査所,1993"
新潟県,長岡市,138,50,40,37,23,26,,不明,温泉・鉱泉,83,,,22,41,,,7.6,,,,,,,,,,,915.7,134.1,,,,54.6,268.3,,,,,,,,,,,,,2079.9,,,,,,,,,5.4,,,,,158.5,,,,,,,,,2900.6,,,,,,,,,,,mg/kg,,"新潟地熱資源図説明書,地質調査所,1993"
新潟県,長岡市,138,51,2,37,22,26,,不明,温泉・鉱泉,225,,,25.5,125,,,8.5,,,,,,,,,,,21.2,4.4,,,,4.2,18,,,,,,,,,,,,,22,,,,,,,,,5,,,,,124.5,,,,,,,,,,,,,,,,,,,,mg/kg,,"新潟地熱資源図説明書,地質調査所,1993"
新潟県,長岡市,138,53,54,37,21,44,,不明,温泉・鉱泉,138,,,15,164,,,9.2,,,,,,,,,,,181.3,1.4,,,,0.1,0.8,,,,,,,,,,,,,91.6,,,,,,,,,60.7,,,,,386,,,,,,,,,13.6,,,,,,,,,,,mg/kg,,"新潟地熱資源図説明書,地質調査所,1993"
新潟県,小千谷市,138,51,19,37,20,26,,不明,温泉・鉱泉,,,,13,8,,,,,,,,,,,,,,150.6,12.3,,,,1.1,5,,,,,,,,,,,,,14.2,,,,,,,,,23.5,,,,,383.7,,,,,,,,,29.1,,,,,,,,,,,mg/kg,,"新潟地熱資源図説明書,地質調査所,1993"
新潟県,三島郡越路町,138,43,48,37,22,2,,不明,温泉・鉱泉,63,,,14,20,,,,,,,,,,,,,,1.6,0.3,,,,0,0.5,,,,,,,,,,,,,3.2,,,,,,,,,0.1,,,,,1.6,,,,,,,,,5.3,,,,,,,,,,,mg/kg,,"新潟地熱資源図説明書,地質調査所,1993"
新潟県,三島郡越路町,138,44,19,37,21,22,,不明,温泉・鉱泉,,,,18,13,,,7.5,,,,,,,,,,,1.5,0.8,,,,0.3,2.3,,,,,,,,,,,,,1,,,,,,,,,2.9,,,,,5,,,,,,,,,5.2,,,,,,,,,,,mg/kg,,"新潟地熱資源図説明書,地質調査所,1993"
新潟県,北魚沼郡守門村,139,2,51,37,21,21,,不明,温泉・鉱泉,126,,,21.2,110,,,7.5,,,,,,,,,,,815.7,59.9,,,,32.1,7.1,,,,,,,,,,,,,425.5,,,,,,,,,240.7,,,,,1398,,,,,,,,,32.3,,,,,,,,,,,mg/kg,,"新潟地熱資源図説明書,地質調査所,1993"
新潟県,北魚沼郡広神村,139,2,41,37,14,27,,不明,温泉・鉱泉,30,,,13,7,,,6.5,,,,,,,,,,,64.7,4.2,,,,27.3,228.6,,,,,,,,,,,,,53.3,,,,,,,,,251,,,,,619.5,,,,,,,,,80.8,,,,,,,,,,,mg/kg,,"新潟地熱資源図説明書,地質調査所,1993"
新潟県,北魚沼郡湯之谷村,139,0,56,37,13,30,,不明,温泉・鉱泉,409,,,24.5,740,,7.2,,,,,,,,,,,,352.9,21.2,,,,57.9,275,,,,,,,,,,,,,72.7,,,,,,,,,964.9,,,,,764.2,,,,,,,,,59.2,,,,,,,,,,,,,"新潟地熱資源図説明書,地質調査所,1993"
新潟県,北魚沼郡湯之谷村,139,2,12,37,12,58,,不明,温泉・鉱泉,"653, 823",,,34,420,,,8.5,,,,,,,,,,,61.9,3.2,,,,,19.1,,,,,,,,,,,,,26.2,,,,,,,,,115.2,,,,,42.3,,,,,,,,,50.3,,,,,,,,,,,mg/kg,,"新潟地熱資源図説明書,地質調査所,1993"
新潟県,北魚沼郡湯之谷村,139,3,2,37,12,38,,不明,温泉・鉱泉,"297, 729",,,43,281,,,8.1,,,,,,,,,,,33.5,2.4,,,,0.6,16,,,,,,,,,,,,,13.7,,,,,,,,,39,,,,,63.1,,,,,,,,,,,,,,,,,,,,mg/kg,,"新潟地熱資源図説明書,地質調査所,1993"
新潟県,北魚沼郡湯之谷村,139,3,43,37,12,15,,不明,温泉・鉱泉,530,,,40.1,546,,,7.5,,,,,,,,,,,98,1.5,,,,,53,,,,,,,,,,,,,81.1,,,,,,,,,175.3,,,,,71.8,,,,,,,,,0.7,,,,,,,,,,,mg/kg,,"新潟地熱資源図説明書,地質調査所,1993"
新潟県,北魚沼郡湯之谷村,139,4,11,37,11,59,,不明,温泉・鉱泉,1000,,,38.7,860,,8.3,,,,,,,,,,,,84.2,2.7,,,,,48,,,,,,,,,,,,,73.7,,,,,,,,,153.8,,,,,17.9,,,,,,,,,1.5,,,,,,,,,,,mg/kg,,"新潟地熱資源図説明書,地質調査所,1993"
新潟県,北魚沼郡湯之谷村,139,4,54,37,11,35,,不明,温泉・鉱泉,801,,,31.8,607,,,8.6,,,,,,,,,,,30.7,0.8,,,,0.1,25.8,,,,,,,,,,,,,24.9,,,,,,,,,88.1,,,,,18.8,,,,,,,,,48.1,,,,,,,,,,,mg/kg,,"新潟地熱資源図説明書,地質調査所,1993"
新潟県,北魚沼郡湯之谷村,139,5,14,37,11,3,,不明,温泉・鉱泉,,,,37,33,,,8.5,,,,,,,,,,,29.6,0.8,,,,0.1,35.8,,,,,,,,,,,,,14.9,,,,,,,,,124.2,,,,,17.8,,,,,,,,,24,,,,,,,,,,,mg/kg,,"新潟地熱資源図説明書,地質調査所,1993"
新潟県,北魚沼郡湯之谷村,139,5,30,37,9,43,,不明,温泉・鉱泉,42,,,31.2,1030,,,8,,,,,,,,,,,19.8,0.5,,,,<0.1,37.2,,,,,,,,,,,,,11.4,,,,,,,,,115.4,,,,,15.5,,,,,,,,,10,,,,,,,,,,,mg/kg,,"新潟地熱資源図説明書,地質調査所,1993"
新潟県,南魚沼郡大和町,138,55,30,37,11,14,,不明,温泉・鉱泉,800,,,18.2,,,,7.2,,,,,,,,,,,1342,51.2,,,,73.8,347.1,,,,,,,,,,,,,2418,,,,,,,,,667.1,,,,,118.7,,,,,,,,,,,,,,,,,,,,mg/kg,,"新潟地熱資源図説明書,地質調査所,1993"
新潟県,南魚沼郡大和町,138,55,5,37,9,53,,不明,温泉・鉱泉,250,,,18.7,62,,,,,,,,,,,,,,548.5,17,,,,25.4,117.9,,,,,,,,,,,,,843.1,,,,,,,,,391.4,,,,,28.3,,,,,,,,,16,,,,,,,,,,,mg/kg,,"新潟地熱資源図説明書,地質調査所,1993"
新潟県,南魚沼郡大和町,138,54,25,37,9,37,,不明,温泉・鉱泉,400,,,26,3,,,,,,,,,,,,,,46.7,3.6,,,,10.3,61.9,,,,,,,,,,,,,195,,,,,,,,,16.5,,,,,17.5,,,,,,,,,50.6,,,,,,,,,,,mg/kg,,"新潟地熱資源図説明書,地質調査所,1993"
新潟県,南魚沼郡大和町,138,56,18,37,8,26,,不明,温泉・鉱泉,1200,,,27.6,17,,9,,,,,,,,,,,,230.3,3.2,,,,1.2,5,,,,,,,,,,,,,39.9,,,,,,,,,83.4,,,,,522.2,,,,,,,,,39.1,,,,,,,,,,,mg/kg,,"新潟地熱資源図説明書,地質調査所,1993"
新潟県,南魚沼郡大和町,138,56,34,37,7,50,,不明,温泉・鉱泉,323,,,27,198,,,9.2,,,,,,,,,,,18.5,0.1,,,,0.1,4.7,,,,,,,,,,,,,7.1,,,,,,,,,10.5,,,,,34.8,,,,,,,,,9,,,,,,,,,,,mg/kg,,"新潟地熱資源図説明書,地質調査所,1993"
新潟県,南魚沼郡六日町,138,53,31,37,7,32,,不明,温泉・鉱泉,,,,11,6,,,,,,,,,,,,,,,,,,,,,,,,,,,,,,,,,,,,,,,,,,,,,,,,,,,,,,,,,,,,,,,,,,,,,"新潟地熱資源図説明書,地質調査所,1993"
新潟県,南魚沼郡六日町,138,57,59,37,5,35,,不明,温泉・鉱泉,851,,,25.1,8,,>8.5,,,,,,,,,,,,,,,,,,,,,,,,,,,,,,,,,,,,,,,,,,,,,,,,,,,,,,,,,,,,,,,,,,,"新潟地熱資源図説明書,地質調査所,1993"
新潟県,南魚沼郡六日町,138,58,4,37,2,58,,不明,温泉・鉱泉,200,,,26.9,1640,,7.5-8.5,,,,,,,,,,,,,,,,,,,,,,,,,,,,,,,,,,,,,,,,,,,,,,,,,,,,,,,,,,,,,,,,,,,"新潟地熱資源図説明書,地質調査所,1993"
新潟県,南魚沼郡六日町,138,56,28,37,2,48,,不明,温泉・鉱泉,67,,,52,471,,,9.1,,,,,,,,,,,35,0.9,,,,<0.1,6.8,,,,,,,,,,,,,26.3,,,,,,,,,28,,,,,34.2,,,,,,,,,83.9,,,,,,,,,,,mg/kg,,"新潟地熱資源図説明書,地質調査所,1993"
新潟県,南魚沼郡六日町,138,51,33,37,4,54,,不明,温泉・鉱泉,43,,,16,36,,,8.6,,,,,,,,,,,247.2,8.8,,,,7.2,11.6,,,,,,,,,,,,,284.2,,,,,,,,,52,,,,,181.3,,,,,,,,,4.5,,,,,,,,,,,mg/kg,,"新潟地熱資源図説明書,地質調査所,1993"
新潟県,南魚沼郡六日町,138,52,9,37,3,46,,不明,温泉・鉱泉,400,,,58,1470,,,7.8,,,,,,,,,,,190,4.8,,,,0.1,24,,,,,,,,,,,,,315,,,,,,,,,47,,,,,61.6,,,,,,,,,,,,,,,,,,,,mg/kg,,"新潟地熱資源図説明書,地質調査所,1993"
新潟県,十日町市,138,48,3,37,3,19,,不明,温泉・鉱泉,881,,,19.2,600,,,8.3,,,,,,,,,,,29.3,3.5,,,,3.2,11.9,,,,,,,,,,,,,19.5,,,,,,,,,16.5,,,,,80.4,,,,,,,,,18,,,,,,,,,,,mg/kg,,"新潟地熱資源図説明書,地質調査所,1993"
新潟県,南魚沼郡塩沢町,138,48,45,37,2,44,,不明,温泉・鉱泉,5,,,5.3,11,,,,,,,,,,,,,,,,,,,,,,,,,,,,,,,,,,,,,,,,,,,,,,,,,,,,,,,,,,,,,,,,,,,,,"新潟地熱資源図説明書,地質調査所,1993"
新潟県,南魚沼郡塩沢町,138,49,20,37,2,36,,不明,温泉・鉱泉,1000,,,21.7,60,,,8.4,,,,,,,,,,,599.5,14,,,,9.6,126.6,,,,,,,,,,,,,1105,,,,,,,,,30.4,,,,,136.6,,,,,,,,,33,,,,,,,,,,,mg/kg,,"新潟地熱資源図説明書,地質調査所,1993"
新潟県,南魚沼郡六日町,138,49,1,37,2,0,,不明,温泉・鉱泉,700,,,36,,,,,,,,,,,,,,,,,,,,,,,,,,,,,,,,,,,,,,,,,,,,,,,,,,,,,,,,,,,,,,,,,,,,,,"新潟地熱資源図説明書,地質調査所,1993"
新潟県,南魚沼郡塩沢町,138,48,41,37,1,15,,不明,温泉・鉱泉,829,,,44,140,,,,,,,,,,,,,,,,,,,,,,,,,,,,,,,,,,,,,,,,,,,,,,,,,,,,,,,,,,,,,,,,,,,,,"新潟地熱資源図説明書,地質調査所,1993"
新潟県,南魚沼郡塩沢町,138,48,11,37,1,11,,不明,温泉・鉱泉,100,,,28,100,,,8.5,,,,,,,,,,,500.5,6,,,,,2,,,,,,,,,,,,,444.2,,,,,,,,,5,,,,,479.9,,,,,,,,,,,,,,,,,,,,mg/kg,,"新潟地熱資源図説明書,地質調査所,1993"
新潟県,南魚沼郡塩沢町,138,48,28,36,59,10,,不明,温泉・鉱泉,700,,,31.1,15,,,8.2,,,,,,,,,,,1019,18.2,,,,19.3,84.2,,,,,,,,,,,,,1061,,,,,,,,,353.3,,,,,1039,,,,,,,,,35.3,,,,,,,,,,,mg/kg,,"新潟地熱資源図説明書,地質調査所,1993"
新潟県,南魚沼郡塩沢町,138,47,43,36,58,50,,不明,温泉・鉱泉,447,,,24.3,26,,8.1,,,,,,,,,,,,99.3,0.6,,,,,3.8,,,,,,,,,,,,,95.3,,,,,,,,,12.4,,,,,97.8,,,,,,,,,15.2,,,,,,,,,,,mg/kg,,"新潟地熱資源図説明書,地質調査所,1993"
新潟県,南魚沼郡塩沢町,138,47,43,36,58,18,,不明,温泉・鉱泉,600,,,25.8,21,,8.1,,,,,,,,,,,,888.9,13.5,,,,24.5,157.8,,,,,,,,,,,,,1498,,,,,,,,,246.7,,,,,243.8,,,,,,,,,27.9,,,,,,,,,,,mg/kg,,"新潟地熱資源図説明書,地質調査所,1993"
新潟県,南魚沼郡湯沢町,138,48,16,36,55,41,,不明,温泉・鉱泉,600,,,61.5,2366,,,8.3,,,,,,,,,,,193.5,5.8,,,,0.1,69.4,,,,,,,,,,,,,292.8,,,,,,,,,109.9,,,,,31.9,,,,,,,,,26.4,,,,,,,,,,,mg/kg,,"新潟地熱資源図説明書,地質調査所,1993"
新潟県,南魚沼郡湯沢町,138,50,8,36,55,41,,不明,温泉・鉱泉,1472,,,55.7,718,,,,,,,,,,,,,,,,,,,,,,,,,,,,,,,,,,,,,,,,,,,,,,,,,,,,,,,,,,,,,,,,,,,,,"新潟地熱資源図説明書,地質調査所,1993"
新潟県,南魚沼郡湯沢町,138,49,17,36,54,38,,不明,温泉・鉱泉,,,,43.1,,,7.5-8.5,,,,,,,,,,,,,,,,,,,,,,,,,,,,,,,,,,,,,,,,,,,,,,,,,,,,,,,,,,,,,,,,,,,"新潟地熱資源図説明書,地質調査所,1993"
新潟県,南魚沼郡湯沢町,138,50,18,36,54,36,,不明,温泉・鉱泉,600,,,25.8,330,,,,,,,,,,,,,,,,,,,,,,,,,,,,,,,,,,,,,,,,,,,,,,,,,,,,,,,,,,,,,,,,,,,,,"新潟地熱資源図説明書,地質調査所,1993"
新潟県,南魚沼郡湯沢町,138,50,28,36,54,34,,不明,温泉・鉱泉,,,,35.2,616,,8.8,,,,,,,,,,,,30.6,0.6,,,,0.4,22.7,,,,,,,,,,,,,16.1,,,,,,,,,72.2,,,,,29.4,,,,,,,,,16.1,,,,,,,,,,,mg/kg,,"新潟地熱資源図説明書,地質調査所,1993"
新潟県,南魚沼郡湯沢町,138,46,32,36,53,19,,不明,温泉・鉱泉,,,,32.8,293,,8.9,,,,,,,,,,,,12.8,0.1,,,,,14.4,,,,,,,,,,,,,8.5,,,,,,,,,35.7,,,,,17.1,,,,,,,,,,,,,,,,,,,,mg/kg,,"新潟地熱資源図説明書,地質調査所,1993"
新潟県,南魚沼郡湯沢町,138,46,4,36,51,51,,不明,温泉・鉱泉,60,,,37,332,,,6.8,,,,,,,,,,,425.6,14.1,,,,1.1,321.4,,,,,,,,,,,,,1123.7,,,,,,,,,148.1,,,,,17,,,,,,,,,59.2,,,,,,,,,,,mg/kg,,"新潟地熱資源図説明書,地質調査所,1993"
新潟県,南魚沼郡湯沢町,138,46,0,36,50,38,,不明,温泉・鉱泉,87,,,38.5,240,,,,,,,,,,,,,,2713.4,303.3,,,,109.2,1517.7,,,,,,,,,,,,,6155.2,,,,,,,,,411.5,,,,,1756.3,,,,,,,,,296.2,,,,,,,,,,,mg/kg,,"新潟地熱資源図説明書,地質調査所,1993"
新潟県,南魚沼郡湯沢町,138,43,32,36,48,40,,不明,温泉・鉱泉,,,,50,32,,,6.6,,,,,,,,,,,325,10.3,,,,8.9,300.2,,,,,,,,,,,,,611,,,,,,,,,417,,,,,,,,,,,,,,61,,,,,,,,,,,mg/kg,,"新潟地熱資源図説明書,地質調査所,1993"
新潟県,南魚沼郡湯沢町,138,47,8,36,47,50,,不明,温泉・鉱泉,549,,,32,20,,,6.5,,,,,,,,,,,1086,101.6,,,,79.5,971.6,,,,,,,,,,,,,1768,,,,,,,,,1325,,,,,646.9,,,,,,,,,73.2,,,,,,,,,,,mg/kg,,"新潟地熱資源図説明書,地質調査所,1993"
新潟県,中魚沼郡中里村,138,43,56,36,59,39,,不明,温泉・鉱泉,120,,,33,37,,,7.5,,,,,,,,,,,1261.4,51,,,,5,40.7,,,,,,,,,,,,,2059.9,,,,,,,,,6.9,,,,,26.2,,,,,,,,,61.4,,,,,,,,,,,mg/kg,,"新潟地熱資源図説明書,地質調査所,1993"
新潟県,中魚沼郡中里村,138,45,8,36,58,8,,不明,温泉・鉱泉,300,,,48,116,,,9.2,,,,,,,,,,,211.5,17.2,,,,,40,,,,,,,,,,,,,354.6,,,,,,,,,46.5,,,,,49.5,,,,,,,,,67.9,,,,,,,,,,,mg/kg,,"新潟地熱資源図説明書,地質調査所,1993"
新潟県,中魚沼郡津南町,138,41,23,36,56,49,,不明,温泉・鉱泉,901,,,26.4,33,,,8.1,,,,,,,,,,,84.9,5.7,,,,8.9,20.1,,,,,,,,,,,,,54.8,,,,,,,,,,,,,,185.6,,,,,,,,,39,,,,,,,,,,,mg/kg,,"新潟地熱資源図説明書,地質調査所,1993"
新潟県,中魚沼郡津南町,138,41,44,36,56,40,,不明,温泉・鉱泉,901,,,30.5,83,,>8.5,,,,,,,,,,,,,,,,,,,,,,,,,,,,,,,,,,,,,,,,,,,,,,,,,,,,,,,,,,,,,,,,,,,"新潟地熱資源図説明書,地質調査所,1993"
新潟県,中魚沼郡津南町,138,39,28,36,56,19,,不明,温泉・鉱泉,361,,,21.5,140,,,7.7,,,,,,,,,,,308.3,28.2,,,,3.7,76.4,,,,,,,,,,,,,563.7,,,,,,,,,72.8,,,,,53.6,,,,,,,,,121.7,,,,,,,,,,,mg/kg,,"新潟地熱資源図説明書,地質調査所,1993"
新潟県,中魚沼郡津南町,138,39,14,36,55,47,,不明,温泉・鉱泉,,,,39.5,12,,,8,,,,,,,,,,,237.9,12.9,,,,11.6,52.2,,,,,,,,,,,,,370.5,,,,,,,,,107.6,,,,,94.3,,,,,,,,,57.9,,,,,,,,,,,mg/kg,,"新潟地熱資源図説明書,地質調査所,1993"
新潟県,中魚沼郡津南町,138,38,29,36,54,38,,不明,温泉・鉱泉,700,,,43,77,,,,,,,,,,,,,,483.3,5.3,,,,1.4,283.9,,,,,,,,,,,,,637.1,,,,,,,,,705.9,,,,,28.2,,,,,,,,,3.4,,,,,,,,,,,mg/kg,,"新潟地熱資源図説明書,地質調査所,1993"
新潟県,中魚沼郡津南町,138,39,52,37,2,41,,不明,温泉・鉱泉,190,,,26,16,,,7.5,,,,,,,,,,,74.4,10.6,,,,2.2,4.8,,,,,,,,,,,,,60.2,,,,,,,,,4.1,,,,,130.1,,,,,,,,,64.6,,,,,,,,,,,mg/kg,,"新潟地熱資源図説明書,地質調査所,1993"
新潟県,中魚沼郡津南町,138,38,29,37,0,32,,不明,温泉・鉱泉,743,,,35.9,150,,,7.9,,,,,,,,,,,67.1,2.8,,,,0.9,14.3,,,,,,,,,,,,,56.7,,,,,,,,,21.8,,,,,105.5,,,,,,,,,67.9,,,,,,,,,,,mg/kg,,"新潟地熱資源図説明書,地質調査所,1993"
新潟県,中魚沼郡津南町,138,37,59,37,0,3,,不明,温泉・鉱泉,410,,,37,201,,,,,,,,,,,,,,61.6,3.2,,,,0.7,,,,,,,,,,,,,,21.3,,,,,,,,,21.8,,,,,108,,,,,,,,,78.6,,,,,,,,,,,mg/kg,,"新潟地熱資源図説明書,地質調査所,1993"
新潟県,中魚沼郡津南町,138,37,29,37,0,3,,不明,温泉・鉱泉,432,,,30,18,,,8.3,,,,,,,,,,,45.3,3.2,,,,0.5,11.9,,,,,,,,,,,,,14.2,,,,,,,,,16.5,,,,,90.2,,,,,,,,,21.5,,,,,,,,,,,mg/kg,,"新潟地熱資源図説明書,地質調査所,1993"
新潟県,中魚沼郡津南町,138,38,6,37,0,3,,不明,温泉・鉱泉,,,,35,,,,,,,,,,,,,,,,,,,,,,,,,,,,,,,,,,,,,,,,,,,,,,,,,,,,,,,,,,,,,,,,,,,,,,"新潟地熱資源図説明書,地質調査所,1993"
新潟県,中魚沼郡津南町,138,35,9,36,59,21,,不明,温泉・鉱泉,356,,,31,233,,,8.9,,,,,,,,,,,32,4.2,,,,<1,0.7,,,,,,,,,,,,,11.7,,,,,,,,,8.2,,,,,55,,,,,,,,,60.1,,,,,,,,,,,mg/kg,,"新潟地熱資源図説明書,地質調査所,1993"
新潟県,中魚沼郡津南町,138,35,24,36,59,9,,不明,温泉・鉱泉,300,,,33.5,4,,,8.6,,,,,,,,,,,152.7,8.8,,,,0.7,33.6,,,,,,,,,,,,,113.5,,,,,,,,,9.4,,,,,314.8,,,,,,,,,67.9,,,,,,,,,,,mg/kg,,"新潟地熱資源図説明書,地質調査所,1993"
新潟県,柏崎市,138,32,53,37,21,46,,不明,温泉・鉱泉,1534,,,35,6,,,6.9,,,,,,,,,,,3383,183.4,,,,63.3,207.2,,,,,,,,,,,,,5495.7,,,,,,,,,10.3,,,,,842.3,,,,,,,,,53.9,,,,,,,,,,,,,"新潟地熱資源図説明書,地質調査所,1993"
新潟県,柏崎市,138,32,23,37,21,17,,不明,温泉・鉱泉,500,,,25.3,280,,,8.3,,,,,,,,,,,66.5,7.1,,,,0.7,14.3,,,,,,,,,,,,,31.9,,,,,,,,,38.3,,,,,134.7,,,,,,,,,50.6,,,,,,,,,,,mg/kg,,"新潟地熱資源図説明書,地質調査所,1993"
新潟県,柏崎市,138,35,20,37,20,59,,不明,温泉・鉱泉,80,,,21.2,60,,,7.9,,,,,,,,,,,2350,40.5,,,,25.2,40.2,,,,,,,,,,,,,4023,,,,,,,,,2,,,,,40.7,,,,,,,,,13,,,,,,,,,,,mg/kg,,"新潟地熱資源図説明書,地質調査所,1993"
新潟県,刈羽郡高柳町,138,39,26,37,12,48,,不明,温泉・鉱泉,165,,,17,10,,,7.1,,,,,,,,,,,7445,19.7,,,,320.7,1232,,,,,,,,,,,,,13958,,,,,,,,,,,,,,54.1,,,,,,,,,,,,,,,,,,,,mg/kg,,"新潟地熱資源図説明書,地質調査所,1993"
新潟県,刈羽郡高柳町,138,34,30,37,11,29,,不明,温泉・鉱泉,,,,13,1,,7.5,,,,,,,,,,,,340,<0.1,,,,0.3,20,,,,,,,,,,,,,409,,,,,,,,,44.2,,,,,221,,,,,,,,,6.8,,,,,,,,,,,mg/kg,,"新潟地熱資源図説明書,地質調査所,1993"
新潟県,刈羽郡高柳町,138,37,32,37,11,2,,不明,温泉・鉱泉,150,,,13.2,120,,,6.7,,,,,,,,,,,156.3,10.3,,,,3.6,8.1,,,,,,,,,,,,,0.6,,,,,,,,,22,,,,,232.2,,,,,,,,,,,,,,,,,,,,mg/kg,,"新潟地熱資源図説明書,地質調査所,1993"
新潟県,刈羽郡高柳町,138,38,3,37,10,26,,不明,温泉・鉱泉,,,,12.8,3,,,8.6,,,,,,,,,,,172,14.2,,,,2,4.6,,,,,,,,,,,,,21.3,,,,,,,,,33,,,,,91.6,,,,,,,,,44.8,,,,,,,,,,,mg/kg,,"新潟地熱資源図説明書,地質調査所,1993"
新潟県,東頸城郡松代町,138,33,13,37,8,50,,不明,温泉・鉱泉,3,,,13,3,,,9.4,,,,,,,,,,,192.3,<1,,,,<1,<1,,,,,,,,,,,,,74.7,,,,,,,,,21,,,,,406.3,,,,,,,,,7.5,,,,,,,,,,,mg/kg,,"新潟地熱資源図説明書,地質調査所,1993"
新潟県,東頸城郡松代町,138,37,40,37,9,23,,不明,温泉・鉱泉,,,,27.3,20,,8.6,,,,,,,,,,,,2880,11.6,,,,14.9,164.7,,,,,,,,,,,,,4477,,,,,,,,,149.4,,,,,356.8,,,,,,,,,102.8,,,,,,,,,,,mg/kg,,"新潟地熱資源図説明書,地質調査所,1993"
新潟県,東頸城郡松之山町,138,35,29,37,3,51,,不明,温泉・鉱泉,1167,,,92.4,219,,7.6,,,,,,,,,,,,3496,106.3,,,,52.8,2097,,,,,,,,,,,,,9367,,,,,,,,,57.6,,,,,76.8,,,,,,,,,52,,,,,,,,,,,mg/kg,,"新潟地熱資源図説明書,地質調査所,1993"
新潟県,東頸城郡牧村,138,25,56,37,1,17,,不明,温泉・鉱泉,,,,8.3,8,,,,,,,,,,,,,,,,,,,,,,,,,,,,,,,,,,,,,,,,,,,,,,,,,,,,,,,,,,,,,,,,,,,,,"新潟地熱資源図説明書,地質調査所,1993"
新潟県,東頸城郡牧村,138,25,44,37,1,42,,不明,温泉・鉱泉,,,,8.4,5,,,,,,,,,,,,,,,,,,,,,,,,,,,,,,,,,,,,,,,,,,,,,,,,,,,,,,,,,,,,,,,,,,,,,"新潟地熱資源図説明書,地質調査所,1993"
新潟県,中頸城郡吉川町,138,30,5,37,11,20,,不明,温泉・鉱泉,,,,15,16,,7.6,,,,,,,,,,,,3710,13.4,,,,105.2,327.4,,,,,,,,,,,,,7709,,,,,,,,,<1,,,,,176.6,,,,,,,,,8.5,,,,,,,,,,,mg/kg,,"新潟地熱資源図説明書,地質調査所,1993"
新潟県,中頸城郡柿崎町,138,26,10,37,16,39,,不明,温泉・鉱泉,6,,,14,2,,,7.7,,,,,,,,,,,2384.7,164.6,,,,15.8,47.8,,,,,,,,,,,,,3191,,,,,,,,,496.7,,,,,732.2,,,,,,,,,46.3,,,,,,,,,,,,,"新潟地熱資源図説明書,地質調査所,1993"
新潟県,中頸城郡大潟町,138,20,31,37,13,53,,不明,温泉・鉱泉,711,,,22,51,,,7.6,,,,,,,,,,,5822.2,348.8,,,,45.9,114.3,,,,,,,,,,,,,8970.4,,,,,,,,,12.3,,,,,1191.5,,,,,,,,,,,,,,,,,,,,mg/kg,,"新潟地熱資源図説明書,地質調査所,1993"
新潟県,上越市,138,11,24,37,9,28,,不明,温泉・鉱泉,,,,15,1,,,7.8,,,,,,,,,,,197.7,11.8,,,,8.1,23.6,,,,,,,,,,,,,205.6,,,,,,,,,78.2,,,,,201.2,,,,,,,,,46.3,,,,,,,,,,,mg/kg,,"新潟地熱資源図説明書,地質調査所,1993"
新潟県,上越市,138,11,2,37,6,47,,不明,温泉・鉱泉,,,,9.2,1,,,7.4,,,,,,,,,,,21.9,0.7,,,,2.5,8.8,,,,,,,,,,,,,6.4,,,,,,,,,24.6,,,,,62.2,,,,,,,,,25.8,,,,,,,,,,,mg/kg,,"新潟地熱資源図説明書,地質調査所,1993"
新潟県,上越市,138,13,30,37,5,45,,不明,温泉・鉱泉,,,,14.6,2,,,7.5,,,,,,,,,,,61.8,2.8,,,,2.3,14.3,,,,,,,,,,,,,23.1,,,,,,,,,24.7,,,,,148.8,,,,,,,,,33.3,,,,,,,,,,,mg/kg,,"新潟地熱資源図説明書,地質調査所,1993"
新潟県,中頸城郡板倉町,138,18,54,37,0,45,,不明,温泉・鉱泉,,,,12,,,,,,,,,,,,,,,,,,,,,,,,,,,,,,,,,,,,,,,,,,,,,,,,,,,,,,,,,,,,,,,,,,,,,,"新潟地熱資源図説明書,地質調査所,1993"
新潟県,新井市,138,20,1,36,58,10,,不明,温泉・鉱泉,,,,18,8,,,,,,,,,,,,,,,,,,,,,,,,,,,,,,,,,,,,,,,,,,,,,,,,,,,,,,,,,,,,,,,,,,,,,"新潟地熱資源図説明書,地質調査所,1993"
新潟県,新井市,138,20,28,36,57,9,,不明,温泉・鉱泉,,,,13,2,,,8.7,,,,,,,,,,,630.2,3,,,,5.6,12.8,,,,,,,,,,,,,763.2,,,,,,,,,56,,,,,215.8,,,,,,,,,10,,,,,,,,,,,mg/kg,,"新潟地熱資源図説明書,地質調査所,1993"
新潟県,中頸城郡中郷村,138,13,2,36,56,50,,不明,温泉・鉱泉,250,,,30.8,694,,,7.9,,,,,,,,,,,353.2,31.2,,,,4.9,13.2,,,,,,,,,,,,,391.3,,,,,,,,,1,,,,,420,,,,,,,,,88.6,,,,,,,,,,,mg/kg,,"新潟地熱資源図説明書,地質調査所,1993"
新潟県,中頸城郡妙高村,138,14,54,36,53,55,,不明,温泉・鉱泉,1800,,,38,81,,7.5-8.5,,,,,,,,,,,,,,,,,,,,,,,,,,,,,,,,,,,,,,,,,,,,,,,,,,,,,,,,,,,,,,,,,,,"新潟地熱資源図説明書,地質調査所,1993"
新潟県,中頸城郡妙高村,138,9,35,36,54,22,,不明,温泉・鉱泉,70,,,52,532,,,6.7,,,,,,,,,,,465.1,30.5,,,,35.8,116.8,,,,,,,,,,,,,710.1,,,,,,,,,1.1,,,,,554.7,,,,,,,,,140.5,,,,,,,,,,,mg/kg,,"新潟地熱資源図説明書,地質調査所,1993"
新潟県,中頸城郡妙高村,138,8,30,36,54,17,,不明,温泉・鉱泉,,,,47.5,670,,,6.7,,,,,,,,,,,170.1,16.6,,,,43.2,145,,,,,,,,,,,,,189.2,,,,,,,,,315.3,,,,,499.5,,,,,,,,,123.6,,,,,,,,,,,mg/kg,,"新潟地熱資源図説明書,地質調査所,1993"
新潟県,中頸城郡妙高高原町,138,7,56,36,53,44,,不明,温泉・鉱泉,200,,,53.5,2720,,6.4,,,,,,,,,,,,82,27.5,,,,38.1,114.9,,,,,,,,,,,,,55.2,,,,,,,,,350,,,,,260,,,,,,,,,21,,,,,,,,,,,,,"新潟地熱資源図説明書,地質調査所,1993"
新潟県,中頸城郡妙高高原町,138,7,32,36,52,59,,不明,温泉・鉱泉,,,,92,1500,,5.6,,,,,,,,,,,,29.7,15.3,,,,30.9,355.2,,,,,,,,,,,,,2.3,,,,,,,,,850,,,,,256,,,,,,,,,168,,,,,,,,,,,mg/kg,,"新潟地熱資源図説明書,地質調査所,1993"
新潟県,中頸城郡妙高高原町,138,10,26,36,52,55,,不明,温泉・鉱泉,,,,,,,,,,,,,,,,,,,66.4,,,,,32.4,73.9,,,,,,,,,,,,,16.5,,,,,,,,,137.5,,,,,369.8,,,,,,,,,94.5,,,,,,,,,,,,,"新潟地熱資源図説明書,地質調査所,1993"
新潟県,中頸城郡妙高高原町,138,12,18,36,52,56,,不明,温泉・鉱泉,150,,,28,12,,,6.6,,,,,,,,,,,754.2,37.1,,,,132.2,321.4,,,,,,,,,,,,,1700.1,,,,,,,,,34.9,,,,,1644.1,,,,,,,,,113.1,,,,,,,,,,,mg/kg,,"新潟地熱資源図説明書,地質調査所,1993"
新潟県,中頸城郡妙高高原町,138,5,19,36,51,17,,不明,温泉・鉱泉,295,,,49,200,,7.2,,,,,,,,,,,,1912.2,59.9,,,,15.3,35.7,,,,,,,,,,,,,1719.6,,,,,,,,,8.2,,,,,2319.6,,,,,,,,,67.9,,,,,,,,,,,mg/kg,,"新潟地熱資源図説明書,地質調査所,1993"
新潟県,中頸城郡妙高高原町,138,8,10,36,50,51,,不明,温泉・鉱泉,,,,15,73,,,6.7,,,,,,,,,,,13,4.4,,,,7.9,32.8,,,,,,,,,,,,,18.3,,,,,,,,,4.1,,,,,179.4,,,,,,,,,54.1,,,,,,,,,,,mg/kg,,"新潟地熱資源図説明書,地質調査所,1993"
新潟県,西頸城郡能生町,138,3,47,37,2,14,,不明,温泉・鉱泉,,,,25,405,,,7.2,,,,,,,,,,,327.6,22.2,,,,0.7,57.1,,,,,,,,,,,,,287.2,,,,,,,,,172.8,,,,,848.4,,,,,,,,,53.9,,,,,,,,,,,mg/kg,,"新潟地熱資源図説明書,地質調査所,1993"
新潟県,糸魚川市,138,1,16,36,59,7,,不明,温泉・鉱泉,235,,,48,113,,,7.9,,,,,,,,,,,386.1,58.9,,,,1.1,12.1,,,,,,,,,,,,,170,,,,,,,,,8.2,,,,,860.3,,,,,,,,,29.1,,,,,,,,,,,mg/kg,,"新潟地熱資源図説明書,地質調査所,1993"
新潟県,糸魚川市,138,2,2,36,58,44,,不明,温泉・鉱泉,500,,,63.4,85,,,8,,,,,,,,,,,240,3,,,,1.1,12,,,,,,,,,,,,,209,,,,,,,,,54.9,,,,,432.3,,,,,,,,,46,,,,,,,,,,,mg/kg,,"新潟地熱資源図説明書,地質調査所,1993"
新潟県,佐渡郡相川町,138,16,50,38,7,4,,不明,温泉・鉱泉,501,,,40.4,74,,9,,,,,,,,,,,,98.5,1.5,,,,1.3,2.9,,,,,,,,,,,,,15.6,,,,,,,,,20,,,,,123.1,,,,,,,,,25.8,,,,,,,,,,,mg/kg,,"新潟地熱資源図説明書,地質調査所,1993"
新潟県,佐渡郡相川町,138,15,33,37,57,53,,不明,温泉・鉱泉,,,,41,,,,8.2,,,,,,,,,,,844,,,,,25.5,71.4,,,,,,,,,,,,,1063.7,,,,,,,,,596.7,,,,,64,,,,,,,,,52,,,,,,,,,,,mg/kg,,"新潟地熱資源図説明書,地質調査所,1993"
新潟県,佐渡郡佐和田町,138,18,36,38,0,12,,不明,温泉・鉱泉,200,,,21,21,,,7.9,,,,,,,,,,,393.1,52.9,,,,1.1,14.3,,,,,,,,,,,,,248.2,,,,,,,,,8.2,,,,,772.6,,,,,,,,,86.2,,,,,,,,,,,mg/kg,,"新潟地熱資源図説明書,地質調査所,1993"
新潟県,佐渡郡佐和田町,138,20,34,37,59,29,,不明,温泉・鉱泉,1000,,,47.8,96,,,7.9,,,,,,,,,,,1516,41.4,,,,100.5,16.7,,,,,,,,,,,,,2277,,,,,,,,,10.1,,,,,154.3,,,,,,,,,18.3,,,,,,,,,,,mg/kg,,"新潟地熱資源図説明書,地質調査所,1993"
新潟県,両津市,138,28,22,38,3,41,,不明,温泉・鉱泉,1000,,,40,400,,,8.1,,,,,,,,,,,552.8,36.7,,,,10.2,42.9,,,,,,,,,,,,,723.3,,,,,,,,,100.8,,,,,11.2,,,,,,,,,50.3,,,,,,,,,,,mg/kg,,"新潟地熱資源図説明書,地質調査所,1993"
新潟県,佐渡郡小木町,138,17,25,37,49,0,,不明,温泉・鉱泉,561,,,44.6,89,,,8.3,,,,,,,,,,,1185.3,56.4,,,,3.5,728.6,,,,,,,,,,,,,1304.8,,,,,,,,,2526.6,,,,,28.5,,,,,,,,,64.6,,,,,,,,,,,mg/kg,,"新潟地熱資源図説明書,地質調査所,1993"
新潟県,佐渡郡羽茂町,138,20,2,37,51,20,,不明,温泉・鉱泉,800,,,34,125,,8.7,,,,,,,,,,,,97.6,0.5,,,,0.1,1.7,,,,,,,,,,,,,29.8,,,,,,,,,40.9,,,,,165.8,,,,,,,,,17.9,,,,,,,,,,,mg/kg,,"新潟地熱資源図説明書,地質調査所,1993"
新潟県,佐渡郡赤泊村,138,23,13,37,50,25,,不明,温泉・鉱泉,400,,,26,300,,,7.3,,,,,,,,,,,98.4,6.5,,,,2.2,10.7,,,,,,,,,,,,,54.3,,,,,,,,,164.6,,,,,15,,,,,,,,,26.9,,,,,,,,,,,mg/kg,,"新潟地熱資源図説明書,地質調査所,1993"
