都道府県名,所在地,東経(゜),東経(′),東経(″),北緯(゜),北緯(′),北緯(″),標高(m),水源種別,利用目的,井戸深度,採水標高,気温,水温,湧出量,水質(外観臭味),pH,RpH,Rn(ﾏｯﾍ),比重,密度,蒸発残留物,電気伝導度,水比抵抗,EH,KMnO4消費,H+,Li+,Na＋,Ｋ＋,Rb+,Cs+,NH4+,Mg2+,Ca2+,Sr2+,Ba2+,Al3+,Mn2+,Fe2+,Fe3+,T-Fe,Cu2+,Zn2+,Pb2+,Si4+,F−,Cl−,Br−,I−,OH−,NO2−,NO3−,HS−,S2O32−,HSO4−,SO42−,SO32−,H2PO4−,HPO42−,PO43−,HCO3−,CO32−,HSiO3−,SiO32−,BO2−,H2SO4,H3PO4,HAsO2,AsO2-,SiO2,H2SiO3,HBO2,dis.O2,free H2S,free CO2,T-CO2,T-As,T-Hg,T-P,T-B,単位,調査日,文献名
栃木県,No.1,,,,,,,,不明,温泉・鉱泉,,,,46.2,314.5,,7.4,,,,,851,,,,,,,169.4,8.6,,,,2.9,40.6,,,,,,,,,,,,,129.9,,,,,,,,,51.8,,,,,317.3,,,,,,,,,,,,,,,,,,,,mg/kg,1979,"栃木県の温泉,栃木県衛生研究所,1982"
栃木県,No.2,,,,,,,,不明,温泉・鉱泉,,,,45,186.8,,7.2,,,,,961,,,,,,,192.4,9.4,,,,3.3,42.9,,,,,,,,,,,,,146.1,,,,,,,,,60,,,,,379.1,,,,,,,,,,,,,,,,,,,,mg/kg,1979,"栃木県の温泉,栃木県衛生研究所,1982"
栃木県,No.3,,,,,,,,不明,温泉・鉱泉,,,,45.6,92.5,,7.2,,,,,1255,,,,,,,230.8,12.9,,,,18.7,69.8,,,,,,,,,,,,,330.2,,,,,,,,,45.2,,,,,394.3,,,,,,,,,,,,,,,,,,,,mg/kg,1979,"栃木県の温泉,栃木県衛生研究所,1982"
栃木県,No.4,,,,,,,,不明,温泉・鉱泉,,,,44.3,106.5,,6.8,,,,,1031,,,,,,,218.4,17.9,,,,9.4,50.8,,,,,,,,,,,,,316.2,,,,,,,,,70.7,,,,,288.1,,,,,,,,,,,,,,,,,,,,mg/kg,1979,"栃木県の温泉,栃木県衛生研究所,1982"
栃木県,No.5,,,,,,,,不明,温泉・鉱泉,,,,72,99.5,,6.3,,,,,1712,,,,,,,316,31.2,,,,30,114.8,,,,,,,,,,,,,538.6,,,,,,,,,46,,,,,410.6,,,,,,,,,,,,,,,,,,,,mg/kg,1979,"栃木県の温泉,栃木県衛生研究所,1982"
栃木県,No.6,,,,,,,,不明,温泉・鉱泉,,,,65.1,39.9,,6.5,,,,,1565,,,,,,,284,27.2,,,,23.7,101.1,,,,,,,,,,,,,444.5,,,,,,,,,36.2,,,,,455.4,,,,,,,,,,,,,,,,,,,,mg/kg,1979,"栃木県の温泉,栃木県衛生研究所,1982"
栃木県,No.7,,,,,,,,不明,温泉・鉱泉,,,,68,40.1,,6.5,,,,,1712,,,,,,,351,33.1,,,,28.3,102.8,,,,,,,,,,,,,626.4,,,,,,,,,37.8,,,,,325.8,,,,,,,,,,,,,,,,,,,,mg/kg,1979,"栃木県の温泉,栃木県衛生研究所,1982"
栃木県,No.8,,,,,,,,不明,温泉・鉱泉,,,,67.5,79.2,,6.4,,,,,1767,,,,,,,327,30.2,,,,29.8,119.1,,,,,,,,,,,,,553.9,,,,,,,,,40.3,,,,,427.7,,,,,,,,,,,,,,,,,,,,mg/kg,1979,"栃木県の温泉,栃木県衛生研究所,1982"
栃木県,No.9,,,,,,,,不明,温泉・鉱泉,,,,61.5,42,,6.6,,,,,1525,,,,,,,307.5,26.1,,,,18.5,70,,,,,,,,,,,,,439.3,,,,,,,,,53.4,,,,,371.5,,,,,,,,,,,,,,,,,,,,mg/kg,1979,"栃木県の温泉,栃木県衛生研究所,1982"
栃木県,No.10,,,,,,,,不明,温泉・鉱泉,,,,53.7,46.2,,6.5,,,,,1430,,,,,,,225,27.6,,,,25.2,97.7,,,,,,,,,,,,,376.7,,,,,,,,,29.7,,,,,400.2,,,,,,,,,,,,,,,,,,,,mg/kg,1979,"栃木県の温泉,栃木県衛生研究所,1982"
栃木県,No.11,,,,,,,,不明,温泉・鉱泉,,,,53.2,33.3,,6.7,,,,,1178,,,,,,,164,23.2,,,,23.6,83.4,,,,,,,,,,,,,244.1,,,,,,,,,19.7,,,,,434.3,,,,,,,,,,,,,,,,,,,,mg/kg,1979,"栃木県の温泉,栃木県衛生研究所,1982"
栃木県,No.12,,,,,,,,不明,温泉・鉱泉,,,,44.1,52.7,,6.6,,,,,1041,,,,,,,154.8,22.7,,,,19.1,81.5,,,,,,,,,,,,,252.2,,,,,,,,,18.9,,,,,327,,,,,,,,,,,,,,,,,,,,mg/kg,1979,"栃木県の温泉,栃木県衛生研究所,1982"
栃木県,No.13,,,,,,,,不明,温泉・鉱泉,,,,50,26.5,,7.6,,,,,1177,,,,,,,168.4,21.7,,,,21.8,96.2,,,,,,,,,,,,,224.6,,,,,,,,,48.5,,,,,417.9,,,,,,,,,,,,,,,,,,,,mg/kg,1979,"栃木県の温泉,栃木県衛生研究所,1982"
栃木県,No.14,,,,,,,,不明,温泉・鉱泉,,,,65.5,129.6,,6.6,,,,,1629,,,,,,,298,27.2,,,,21.5,78.2,,,,,,,,,,,,,422.6,,,,,,,,,39.5,,,,,466.6,,,,,,,,,,,,,,,,,,,,mg/kg,1979,"栃木県の温泉,栃木県衛生研究所,1982"
栃木県,No.15,,,,,,,,不明,温泉・鉱泉,,,,66.4,33.5,,6.6,,,,,1711,,,,,,,316,30.8,,,,25,94.2,,,,,,,,,,,,,488,,,,,,,,,43.6,,,,,475.8,,,,,,,,,,,,,,,,,,,,mg/kg,1979,"栃木県の温泉,栃木県衛生研究所,1982"
栃木県,No.1,,,,,,,,不明,温泉・鉱泉,,,,38.5,681.8,,6.1,,,,,1557,,,,,,,342.6,19.7,,,,12.2,102,,,,,,,,,,,,,465.7,,,,,,,,,107,,,,,346.5,,,,,,,,,,,,,,,,,,,,mg/kg,1979,"栃木県の温泉,栃木県衛生研究所,1982"
栃木県,No.2,,,,,,,,不明,温泉・鉱泉,,,,31.6,22.9,,6.3,,,,,885,,,,,,,192.1,12.5,,,,3,64.7,,,,,,,,,,,,,247.4,,,,,,,,,92.2,,,,,209.3,,,,,,,,,,,,,,,,,,,,mg/kg,1979,"栃木県の温泉,栃木県衛生研究所,1982"
栃木県,No.3,,,,,,,,不明,温泉・鉱泉,,,,51.6,119.3,,7.2,,,,,1694,,,,,,,383.5,24.7,,,,6.8,99.9,,,,,,,,,,,,,506.8,,,,,,,,,128.4,,,,,398,,,,,,,,,,,,,,,,,,,,mg/kg,1979,"栃木県の温泉,栃木県衛生研究所,1982"
栃木県,No.4,,,,,,,,不明,温泉・鉱泉,,,,53.9,27.3,,6.1,,,,,1792,,,,,,,432.1,28.3,,,,5.9,124.5,,,,,,,,,,,,,567.7,,,,,,,,,152.3,,,,,345.3,,,,,,,,,,,,,,,,,,,,mg/kg,1979,"栃木県の温泉,栃木県衛生研究所,1982"
栃木県,No.5,,,,,,,,不明,温泉・鉱泉,,,,49.1,6.9,,6.9,,,,,1429,,,,,,,283.1,13.7,,,,2.7,81.3,,,,,,,,,,,,,256.6,,,,,,,,,161.3,,,,,512.2,,,,,,,,,,,,,,,,,,,,mg/kg,1979,"栃木県の温泉,栃木県衛生研究所,1982"
栃木県,No.1,,,,,,,,不明,温泉・鉱泉,,,,54,4.1,,6.5,,,,,3048,,,,,,,720,40.2,,,,18.2,108.2,,,,,,,,,,,,,926.2,,,,,,,,,107,,,,,794.3,,,,,,,,,,,,,,,,,,,,mg/kg,1979,"栃木県の温泉,栃木県衛生研究所,1982"
栃木県,No.2,,,,,,,,不明,温泉・鉱泉,,,,42.1,4,,6.7,,,,,2184,,,,,,,536,30.6,,,,14.7,92.6,,,,,,,,,,,,,677,,,,,,,,,79,,,,,525.2,,,,,,,,,,,,,,,,,,,,mg/kg,1979,"栃木県の温泉,栃木県衛生研究所,1982"
栃木県,No.3,,,,,,,,不明,温泉・鉱泉,,,,53.5,17,,7.5,,,,,3216,,,,,,,862,44.3,,,,19.3,108.3,,,,,,,,,,,,,1045,,,,,,,,,87.2,,,,,737.1,,,,,,,,,,,,,,,,,,,,mg/kg,1979,"栃木県の温泉,栃木県衛生研究所,1982"
栃木県,No.4,,,,,,,,不明,温泉・鉱泉,,,,59,25.7,,7.6,,,,,3471,,,,,,,945,48.8,,,,23.9,50.6,,,,,,,,,,,,,1009,,,,,,,,,144.8,,,,,987.9,,,,,,,,,,,,,,,,,,,,mg/kg,1979,"栃木県の温泉,栃木県衛生研究所,1982"
栃木県,No.5,,,,,,,,不明,温泉・鉱泉,,,,55.1,44.1,,6.9,,,,,3317,,,,,,,714,40.4,,,,40.6,153.5,,,,,,,,,,,,,918,,,,,,,,,37,,,,,1159,,,,,,,,,,,,,,,,,,,,mg/kg,1979,"栃木県の温泉,栃木県衛生研究所,1982"
栃木県,宇都宮市,139,54,50,36,36,20,,湧泉,用水,,,,19.5,,,6.1,6.6,,,,,,,,0.4,,,5,1.6,,,0,2.9,15.4,,,,,0,0.03,,,,,,,7,,,,0.01,,,,,25.2,,,,,32.6,,,,,,,,,26.7,,,,,19.5,,,,0.01,,,1958-07-01 00:00:00,"栃木県鬼怒川右岸工業用水源地域調査報告,地調月報,1959"
栃木県,宇都宮市,,,,,,,,湧泉,用水,,,,16,,,6.2,6.5,,,,,,,,4.8,,,4.2,1.2,,,0.2,2.1,11,,,,,0,0,,,,,,,4,,,,0,,,,,11.2,,,,,35.1,,,,,,,,,30.6,,,6.05,,16.8,,,,0,,,1958-07-01 00:00:00,"栃木県鬼怒川右岸工業用水源地域調査報告,地調月報,1959"
栃木県,宇都宮市,139,54,50,36,35,0,,井戸,用水,21.2,,,17.7,,,6.1,6.5,,,,,,,,2.8,,,5.1,1.2,,,0.1,2.4,12.2,,,,,0.01,0.02,,,,,,,5.8,,,,0,,,,,11.5,,,,,36.6,,,,,,,,,28.4,,,4.1,,13,,,,0.01,,,1958-07-01 00:00:00,"栃木県鬼怒川右岸工業用水源地域調査報告,地調月報,1959"
栃木県,宇都宮市,139,56,10,36,33,10,,井戸,用水,85,,,15.2,,,6.7,6.9,,,,,,,,2.7,,,4.4,0.9,,,0,3.1,10.2,,,,,0,0,,,,,,,13.1,,,,0,,,,,2,,,,,33.6,,,,,,,,,31,,,,,4.2,,,,0,,,1958-07-01 00:00:00,"栃木県鬼怒川右岸工業用水源地域調査報告,地調月報,1959"
栃木県,宇都宮市,,,,,,,,井戸,用水,,,,17,,,6.6,6.8,,,,,,,,2.6,,,4.1,1,,,0,3.4,8.3,,,,,0,0.02,,,,,,,5.2,,,,0,,,,,2,,,,,41.2,,,,,,,,,29.5,,,,,5.9,,,,0.02,,,1958-07-01 00:00:00,"栃木県鬼怒川右岸工業用水源地域調査報告,地調月報,1959"
栃木県,宇都宮市,139,52,0,36,33,20,,井戸,用水,30.3,,,16.3,,,6.3,6.7,,,,,,,,2.3,,,7.5,1.5,,,0,0.8,14.2,,,,,0,0.01,,,,,,,4.4,,,,0,,,,,7,,,,,47.3,,,,,,,,,34,,,,,18.1,,,,0,,,1958-07-01 00:00:00,"栃木県鬼怒川右岸工業用水源地域調査報告,地調月報,1959"
栃木県,宇都宮市,139,52,50,36,32,10,,井戸,用水,13.6,,,16.4,,,6.4,6.6,,,,,,,,1.8,,,9.8,1.7,,,0,3.8,18.6,,,,,0.05,0,,,,,,,22,,,,0.01,,,,,17.3,,,,,44.2,,,,,,,,,28.8,,,,,12.5,,,,0,,,1958-07-01 00:00:00,"栃木県鬼怒川右岸工業用水源地域調査報告,地調月報,1959"
栃木県,鹿沼市,139,45,10,36,34,20,,湧泉,用水,,,,19.5,,,6.1,6.7,,,,,,,,2.1,,,4.4,1.3,,,0,1.1,13.2,,,,,0,0.01,,,,,,,5.5,,,,0,,,,,8,,,,,35.7,,,,,,,,,14.3,,,,,18.5,,,,0,,,1958-07-01 00:00:00,"栃木県鬼怒川右岸工業用水源地域調査報告,地調月報,1959"
栃木県,鹿沼市,139,45,40,36,34,10,,井戸,用水,6.5,,,19.7,,,6.3,6.5,,,,,,,,1.3,,,4.8,1.5,,,0,1.8,14.1,,,,,0,0,,,,,,,5.2,,,,0,,,,,11,,,,,41.8,,,,,,,,,18.8,,,4.51,,18.2,,,,0.01,,,1958-07-01 00:00:00,"栃木県鬼怒川右岸工業用水源地域調査報告,地調月報,1959"
栃木県,鹿沼市,139,45,30,36,33,50,,井戸,用水,,,,16.2,,,6,6.4,,,,,,,,0.8,,,4.7,1.7,,,0,1.4,12.1,,,,,0,0.02,,,,,,,8.4,,,,0,,,,,8,,,,,32.3,,,,,,,,,15.7,,,4.3,,23,,,,0.01,,,1958-07-01 00:00:00,"栃木県鬼怒川右岸工業用水源地域調査報告,地調月報,1959"
栃木県,栃木市,139,45,30,36,24,10,,井戸,用水,12,,,16.2,,,6,6.4,,,,,,,,2.7,,,2.7,1,,,0.1,2,10.2,,,,,0,0.04,,,,,,,4,,,,0,,,,,11,,,,,27.5,,,,,,,,,11,,,7.13,,16,,,,0,,,1958-07-01 00:00:00,"栃木県鬼怒川右岸工業用水源地域調査報告,地調月報,1959"
栃木県,栃木市,139,44,40,36,22,50,,井戸,用水,4,,,18.1,,,6.4,6.9,,,,,,,,4.6,,,7.1,2,,,0.2,4.1,20.4,,,,,0,0.02,,,,,,,19,,,,0.04,,,,,19.3,,,,,33.6,,,,,,,,,17.7,,,,,12.8,,,,0,,,1958-07-01 00:00:00,"栃木県鬼怒川右岸工業用水源地域調査報告,地調月報,1959"
栃木県,栃木市,139,42,40,36,22,10,,井戸,用水,9.8,,,16.1,,,5.9,6.2,,,,,,,,1.6,,,13.6,2.8,,,0,6.4,14.8,,,,,0,0.01,,,,,,,31.1,,,,0,,,,,9.5,,,,,45.8,,,,,,,,,19.2,,,2.47,,42,,,,0,,,1958-07-01 00:00:00,"栃木県鬼怒川右岸工業用水源地域調査報告,地調月報,1959"
栃木県,栃木市,139,42,40,36,20,20,,井戸,用水,12,,,16.8,,,6.5,6.9,,,,,,,,8.5,,,5.5,0.8,,,0,6.2,9.1,,,,,0,0,,,,,,,5.5,,,,0,,,,,5,,,,,57,,,,,,,,,35,,,1.8,,12.5,,,,0.03,,,1958-07-01 00:00:00,"栃木県鬼怒川右岸工業用水源地域調査報告,地調月報,1959"
栃木県,小山市,139,49,40,36,18,50,,井戸,用水,106,,,16.1,,,7.4,7.5,,,,,,,,3.5,,,4.1,1.2,,,0,3.8,10.7,,,,,0.05,0.02,,,,,,,3.6,,,,0.03,,,,,3,,,,,53.3,,,,,,,,,44.5,,,,,2,,,,0.13,,,1958-07-01 00:00:00,"栃木県鬼怒川右岸工業用水源地域調査報告,地調月報,1959"
栃木県,小山市,139,48,20,36,19,40,,井戸,用水,6.8,,,15.6,,,7,7.2,,,,,,,,14.9,,,5.3,1.6,,,0.4,3.4,10.2,,,,,1.06,0.08,,,,,,,1.6,,,,0,,,,,3,,,,,61,,,,,,,,,61,,,0.08,,5.5,,,,0.17,,,1958-07-01 00:00:00,"栃木県鬼怒川右岸工業用水源地域調査報告,地調月報,1959"
栃木県,小山市,139,48,30,36,18,50,,井戸,用水,121,,,17.3,,,7.2,7.3,,,,,,,,0.9,,,4.3,0.9,,,0,2.9,8.4,,,,,0,0.02,,,,,,,1.6,,,,0,,,,,2,,,,,48.8,,,,,,,,,37.4,,,2.64,,2.2,,,,0.1,,,1958-07-01 00:00:00,"栃木県鬼怒川右岸工業用水源地域調査報告,地調月報,1959"
栃木県,小山市,139,47,40,36,18,50,,井戸,用水,127,,,17.1,,,7.1,7.2,,,,,,,,3.3,,,5,0.5,,,0,1.8,6,,,,,0,0,,,,,,,1.6,,,,0,,,,,3,,,,,35.4,,,,,,,,,30.3,,,4.97,,2,,,,0.07,,,1958-07-01 00:00:00,"栃木県鬼怒川右岸工業用水源地域調査報告,地調月報,1959"
栃木県,小山市,139,48,40,36,18,20,,井戸,用水,108,,,17,,,7.1,7.4,,,,,,,,5.5,,,5.6,1.4,,,0.5,3.9,12.3,,,,,0.73,0.12,,,,,,,3,,,,0.27,,,,,3,,,,,68.5,,,,,,,,,46.3,,,1.52,,4.1,,,,0.15,,,1958-07-01 00:00:00,"栃木県鬼怒川右岸工業用水源地域調査報告,地調月報,1959"
栃木県,小山市,,,,,,,,井戸,用水,,,,17,,,6.6,7.1,,,,,,,,6.1,,,3.9,0.7,,,0.3,1,4.8,,,,,0,0.02,,,,,,,1.11,,,,0.01,,,,,3,,,,,25,,,,,,,,,29.8,,,,,5.5,,,,0.04,,,1958-07-01 00:00:00,"栃木県鬼怒川右岸工業用水源地域調査報告,地調月報,1959"
栃木県,佐野市,139,35,10,36,20,10,,湧泉,用水,,,,21.3,,,7.1,7.4,,,,,,,,4.7,,,3.4,1.2,,,0,4.6,26.3,,,,,0,0.02,,,,,,,6.7,,,,0,,,,,16.5,,,,,73.2,,,,,,,,,17.2,,,,,3.3,,,,0.02,,,1958-07-01 00:00:00,"栃木県鬼怒川右岸工業用水源地域調査報告,地調月報,1959"
栃木県,佐野市,139,34,30,36,19,20,,井戸,用水,24,,,21.7,,,6.4,6.9,,,,,,,,2.4,,,3.5,1.4,,,0,4.7,24.6,,,,,0,0.02,,,,,,,7.2,,,,0,,,,,28,,,,,56.4,,,,,,,,,17.6,,,3.28,,18.3,,,,0.01,,,1958-07-01 00:00:00,"栃木県鬼怒川右岸工業用水源地域調査報告,地調月報,1959"
栃木県,足利市,139,25,40,36,20,10,,湧泉,用水,,,,19.9,,,6.4,6.8,,,,,,,,2.3,,,7.1,2,,,0,4.8,24.3,,,,,0,0,,,,,,,12.5,,,,0,,,,,34.1,,,,,51.8,,,,,,,,,26.6,,,,,17.3,,,,0.01,,,1958-07-01 00:00:00,"栃木県鬼怒川右岸工業用水源地域調査報告,地調月報,1959"
栃木県,足利市,139,27,20,36,18,30,,井戸,用水,,,,17.3,,,6.3,6.7,,,,,,,,5.7,,,6.9,2,,,0,4.7,27.2,,,,,0,0,,,,,,,9.2,,,,0,,,,,38.4,,,,,51.2,,,,,,,,,30,,,3.16,,20,,,,0.01,,,1958-07-01 00:00:00,"栃木県鬼怒川右岸工業用水源地域調査報告,地調月報,1959"
栃木県,足利市,139,28,20,36,19,20,,井戸,用水,9,,,15.7,,,6.4,6.8,,,,,,,,5.4,,,17.9,6.4,,,0,8.2,28.3,,,,,0.03,0.01,,,,,,,19.2,,,,0,,,,,38,,,,,88.5,,,,,,,,,32.5,,,1.64,,23.8,,,,0.06,,,1958-07-01 00:00:00,"栃木県鬼怒川右岸工業用水源地域調査報告,地調月報,1959"
栃木県,足利市,139,28,20,36,19,50,,井戸,用水,92,,,16.9,,,6.9,7.1,,,,,,,,18.5,,,19.8,2.6,,,0,12.6,32.2,,,,,2.15,0,,,,,,,18.5,,,,0,,,,,36.4,,,,,147.3,,,,,,,,,50,,,1.29,,18.5,,,,0.18,,,1958-07-01 00:00:00,"栃木県鬼怒川右岸工業用水源地域調査報告,地調月報,1959"
栃木県,真岡市台町,140,0,10,36,26,20,,井戸,用水,100,,,16.5,,,6.8,7,,,,,122,,,8.2,,,,,,,0.2,3.6,7.3,,,,,,,0.37,,,,,,4.2,,,,0.05,,,,,0,,,,,69.6,,,,,,,,,39,,,,,9,,,,0.16,,,1959-05-20 00:00:00,"茨城県工業用水源地域調査報告,地調月報,1960"
栃木県,真岡市,140,0,30,36,26,0,,井戸,用水,61,,,,,,7,7.2,,,,,102,,,1.2,,,,,,,0.1,4.3,7.7,,,,,,,0,,,,,,4.2,,,,0.01,,,,,0,,,,,63.5,,,,,,,,,36,,,,,5,,,,0.07,,,1959-05-20 00:00:00,"茨城県工業用水源地域調査報告,地調月報,1960"
栃木県,黒磯町,,,,,,,,井戸,用水,35,,,,,,7.1,,,,,,,,,,,,7.4,2.1,,,0,2.2,6.1,,,,,,,0.13,,,,,,2.2,,,,0,,,,,6.1,,,,,29.9,,,,,,,,,21.8,,,,,,,,,0.04,,,1963-06-25 00:00:00,"那須野カ原の工業用水源,地調月報,1964"
栃木県,大田原市,,,,,,,,井戸,用水,50,,,,,,7.1,,,,,,,,,,,,10.7,1.9,,,0,3.8,15.4,,,,,,,0.04,,,,,,12.4,,,,0,,,,,22.6,,,,,43.934,,,,,,,,,36.5,,,,,,,,,0.01,,,1963-06-25 00:00:00,"那須野カ原の工業用水源,地調月報,1964"
栃木県,大田原市,,,,,,,,井戸,用水,100,,,,,,7.3,,,,,,,,,,,,,,,,,,,,,,,,,0.18,,,,,,2.3,,,,,,,,,,,,,,,,,,,,,,,,,,,,,,,,,,,1963-06-25 00:00:00,"那須野カ原の工業用水源,地調月報,1964"
栃木県,宇都宮市,,,,,,,,井戸,用水,,,,16.5,,,6.8,,,,,,86,,,,,,,,,,,,,,,,,,,,,,,,,,,,,,,,,,,,,,,,,,,,,,,,,,,,,,,,,,,,,"宇都宮東部の地下水について,宇都宮大教育学部紀要,1974"
栃木県,宇都宮市,,,,,,,,井戸,用水,,,,16.5,,,6.7,,,,,,86,,,,,,,,,,,,,,,,,,,,,,,,,,,,,,,,,,,,,,,,,,,,,,,,,,,,,,,,,,,,,"宇都宮東部の地下水について,宇都宮大教育学部紀要,1974"
栃木県,宇都宮市,,,,,,,,井戸,用水,,,,16,,,6.6,,,,,,73,,,,,,,,,,,,,,,,,,,,,,,,,,,,,,,,,,,,,,,,,,,,,,,,,,,,,,,,,,,,,"宇都宮東部の地下水について,宇都宮大教育学部紀要,1974"
栃木県,宇都宮市,140,1,10,36,35,10,,井戸,用水,,,,19,,,7.25,,,,,,118,,,,,,,,,,,,,,,,,,,,,,,,,,,,,,,,,,,,,,,,,,,,,,,,,,,,,,,,,,,,,"宇都宮東部の地下水について,宇都宮大教育学部紀要,1974"
栃木県,宇都宮市,140,1,20,36,34,20,,井戸,用水,,,,16.5,,,6.8,,,,,,92,,,,,,,,,,,,,,,,,,,,,,,,,,,,,,,,,,,,,,,,,,,,,,,,,,,,,,,,,,,,,"宇都宮東部の地下水について,宇都宮大教育学部紀要,1974"
栃木県,宇都宮市,140,4,10,36,31,30,,井戸,用水,,,,16.5,,,7,,,,,,197,,,,,,,,,,,,,,,,,,,,,,,,,,,,,,,,,,,,,,,,,,,,,,,,,,,,,,,,,,,,,"宇都宮東部の地下水について,宇都宮大教育学部紀要,1974"
栃木県,那須湯本温泉,,,,,,,,不明,温泉・鉱泉,,,,69.9,,,1.5,,,,,2723,,,,,15,0.01,22.2,7.1,,,3.1,30.5,63.6,,,85.2,0.32,27.5,0,,,,,,0.355,168.8,0,0,,0,0,,,,602,,,,,,,,,,,,,,,,232,,34.5,66,,,,,,,1948-09-17 00:00:00,"温泉の化学成分,温泉科学,1978"
栃木県,河内郡上三川町本郷中学校,139,56,30,36,27,40,,井戸,観測井,115,,,17.2,,,7.9,7.9,,,,,187,,,0.8,,,26.5,5.7,,,0.12,2.2,11.6,,,,0.04,,,0.12,,,,,,8.9,,,,0.37,0.22,,,,7.6,,,,,105,,,,,,,,,52,,,,,,,,,,,,,"鬼怒川中流地域地下水利用適正化調査報告,工業用水,1981"
栃木県,芳賀郡二宮町掘込二宮町運動公園内,139,55,50,36,21,50,,井戸,観測井,114,,,18,,,7.3,7.5,,,,,132,,,0.2,,,6.8,1.9,,,0,5.1,12.8,,,,0.06,,,0.12,,,,,,6.3,,,,0,1.06,,,,2.4,,,,,73.4,,,,,,,,,53.8,,,,,,,,,,,,,"鬼怒川中流地域地下水利用適正化調査報告,工業用水,1981"
栃木県,小山市大本808豊田北小学校,139,47,20,36,21,20,,井戸,観測井,200,,,19.5,,,7.1,7.4,,,,,121,,,1.2,,,15.9,3.5,,,0.13,3.2,7.6,,,,0.3,,,1.22,,,,,,5.3,,,,0.19,0,,,,2,,,,,78.4,,,,,,,,,45,,,,,,,,,,,,,"鬼怒川中流地域地下水利用適正化調査報告,工業用水,1981"
栃木県,宇都宮市下桑島町瑞穂野中学校内,139,56,20,36,30,30,,井戸,観測井,45,,,16.5,,,6.3,6.7,,,,,195,,,0.3,,,7.4,1.9,,,0,5.3,18.8,,,,0,,,0.03,,,,,,23.1,,,,0,4.6,,,,6.2,,,,,58.8,,,,,,,,,38.5,,,,,,,,,,,,,"鬼怒川中流地域地下水利用適正化調査報告,工業用水,1981"
栃木県,真岡市飯貝478真岡公民館大内分館,140,1,40,36,28,20,,井戸,観測井,120,,,16.5,,,7.3,7.3,,,,,211,,,0.9,,,29,4.9,,,0.21,4.6,5.6,,,,0.23,,,1.15,,,,,,7.5,,,,0,0.31,,,,3,,,,,113,,,,,,,,,61.2,,,,,,,,,,,,,"鬼怒川中流地域地下水利用適正化調査報告,工業用水,1981"
栃木県,芳賀郡二宮町物井1180二宮公民館物井分館,140,0,20,36,23,20,,井戸,観測井,80,,,16,,,7.3,7.3,,,,,139,,,0.2,,,11.2,1,,,0,5.1,11.2,,,,0,,,0.03,,,,,,7.2,,,,0,0.71,,,,2.4,,,,,73.4,,,,,,,,,54.6,,,,,,,,,,,,,"鬼怒川中流地域地下水利用適正化調査報告,工業用水,1981"
栃木県,,139,51,50,36,33,20,,井戸,用水,,,,18,,,6.6,6.7,,,,,240,,,0.2,,,16.6,1.7,,,0,5.4,26.4,,,,0,,,0,,,,,,19.2,,,,0,7.35,,,,30.7,,,,,57.5,,,,,,,,,29.6,,,,,,,,,,,,,"鬼怒川中流地域地下水利用適正化調査報告,工業用水,1981"
栃木県,,139,54,0,36,32,30,,井戸,用水,,,,18,,,6.6,6.8,,,,,250,,,0.2,,,19.5,2,,,0.21,5.8,27.2,,,,0,,,0.05,,,,,,22.7,,,,0,6.38,,,,33.8,,,,,73.4,,,,,,,,,26,,,,,,,,,,,,,"鬼怒川中流地域地下水利用適正化調査報告,工業用水,1981"
栃木県,,139,56,0,36,33,30,,井戸,用水,,,,15.5,,,6.2,6.5,,,,,194,,,0.2,,,14.5,1.6,,,0.1,8.2,21.6,,,,0,,,0.02,,,,,,22.4,,,,0,19,,,,6.3,,,,,88,,,,,,,,,39.2,,,,,,,,,,,,,"鬼怒川中流地域地下水利用適正化調査報告,工業用水,1981"
栃木県,,139,59,0,36,35,50,,井戸,用水,,,,18.4,,,6.2,6.4,,,,,144,,,0.1,,,8.5,1.6,,,0,2.9,12.8,,,,0,,,0,,,,,,15.3,,,,0,19.8,,,,4,,,,,30.7,,,,,,,,,31.2,,,,,,,,,,,,,"鬼怒川中流地域地下水利用適正化調査報告,工業用水,1981"
栃木県,,139,58,50,36,33,40,,井戸,用水,,,,16.1,,,6.5,6.8,,,,,86,,,0.1,,,5.9,0.9,,,0,2.9,72,,,,0,,,0,,,,,,9.2,,,,0,8.7,,,,2.5,,,,,28.2,,,,,,,,,38.2,,,,,,,,,,,,,"鬼怒川中流地域地下水利用適正化調査報告,工業用水,1981"
栃木県,,140,4,0,36,33,0,,井戸,用水,,,,15,,,6.6,6.8,,,,,178,,,0.1,,,12.1,2.8,,,0,5.6,18,,,,0,,,0,,,,,,17.8,,,,0,3.9,,,,23.1,,,,,56.4,,,,,,,,,25.4,,,,,,,,,,,,,"鬼怒川中流地域地下水利用適正化調査報告,工業用水,1981"
栃木県,,140,0,0,36,32,0,,井戸,用水,,,,15.3,,,6.8,6.8,,,,,75,,,0.2,,,9,2.7,,,0,1.9,5.2,,,,0,,,0,,,,,,8.5,,,,0,3.37,,,,2.4,,,,,34.3,,,,,,,,,36.6,,,,,,,,,,,,,"鬼怒川中流地域地下水利用適正化調査報告,工業用水,1981"
栃木県,,139,58,20,36,31,20,,井戸,用水,,,,14.8,,,6.5,6.7,,,,,118,,,0.1,,,7.5,1,,,0,3.4,10,,,,0,,,0,,,,,,11.7,,,,0,10.2,,,,2.4,,,,,39.2,,,,,,,,,45.2,,,,,,,,,,,,,"鬼怒川中流地域地下水利用適正化調査報告,工業用水,1981"
栃木県,,139,54,0,36,30,20,,井戸,用水,,,,14.8,,,6.5,6.6,,,,,215,,,0.2,,,10.8,1.5,,,0,4.1,23.6,,,,0,,,0.02,,,,,,21.3,,,,0,11,,,,25,,,,,49.4,,,,,,,,,33.8,,,,,,,,,,,,,"鬼怒川中流地域地下水利用適正化調査報告,工業用水,1981"
栃木県,,139,53,10,36,29,0,,井戸,用水,,,,16.8,,,6.7,6.7,,,,,249,,,0.2,,,9.6,1.6,,,0.13,8.5,27.6,,,,0,,,0.02,,,,,,23.4,,,,0,6.29,,,,29.3,,,,,77.2,,,,,,,,,41,,,,,,,,,,,,,"鬼怒川中流地域地下水利用適正化調査報告,工業用水,1981"
栃木県,,139,52,0,36,28,0,,井戸,用水,,,,16,,,6.4,6.8,,,,,202,,,0.3,,,8.2,1.3,,,0,6.1,18.4,,,,0,,,0,,,,,,17.8,,,,0,14.5,,,,9.1,,,,,58.8,,,,,,,,,44,,,,,,,,,,,,,"鬼怒川中流地域地下水利用適正化調査報告,工業用水,1981"
栃木県,,139,51,30,36,26,50,,井戸,用水,,,,19.9,,,6.4,6.6,,,,,228,,,0.2,,,6.8,3.4,,,0,8.7,20.8,,,,0,,,0,,,,,,30.2,,,,0,31.4,,,,7,,,,,36.7,,,,,,,,,40.6,,,,,,,,,,,,,"鬼怒川中流地域地下水利用適正化調査報告,工業用水,1981"
栃木県,,139,51,50,36,25,30,,井戸,用水,,,,16.9,,,7.1,7.1,,,,,198,,,0.2,,,7.8,2.9,,,0,5.6,18,,,,0,,,0,,,,,,15.6,,,,0,21.9,,,,7.3,,,,,55.1,,,,,,,,,46.4,,,,,,,,,,,,,"鬼怒川中流地域地下水利用適正化調査報告,工業用水,1981"
栃木県,,139,51,40,36,24,40,,井戸,用水,,,,16.3,,,7.2,7.2,,,,,213,,,0.2,,,9.5,1.9,,,0.13,7.3,23.2,,,,0,,,0.02,,,,,,22.4,,,,0,32.3,,,,7.6,,,,,61.2,,,,,,,,,44.6,,,,,,,,,,,,,"鬼怒川中流地域地下水利用適正化調査報告,工業用水,1981"
栃木県,,139,54,40,36,26,40,,井戸,用水,,,,16.5,,,6.7,7,,,,,228,,,0.1,,,11.6,1.6,,,0.17,7.3,24,,,,0,,,0.18,,,,,,21.7,,,,0,18.9,,,,25.2,,,,,61.2,,,,,,,,,40.9,,,,,,,,,,,,,"鬼怒川中流地域地下水利用適正化調査報告,工業用水,1981"
栃木県,,139,56,10,36,27,40,,井戸,用水,,,,16.3,,,6.7,7.1,,,,,219,,,0.2,,,7.2,1.9,,,0,7.5,24,,,,0,,,0,,,,,,19.2,,,,0,11.1,,,,15.4,,,,,74.7,,,,,,,,,47.2,,,,,,,,,,,,,"鬼怒川中流地域地下水利用適正化調査報告,工業用水,1981"
栃木県,,139,55,10,36,24,50,,井戸,用水,,,,16,,,6.4,6.5,,,,,321,,,0.2,,,15.2,1.6,,,0.14,10,31.6,,,,0,,,0.02,,,,,,32,,,,0,4.65,,,,28.8,,,,,51.5,,,,,,,,,55.6,,,,,,,,,,,,,"鬼怒川中流地域地下水利用適正化調査報告,工業用水,1981"
栃木県,,139,58,10,36,27,20,,井戸,用水,,,,16,,,7.1,7.1,,,,,179,,,0.1,,,9.2,1.9,,,0.13,6.8,17.2,,,,0,,,0,,,,,,12.8,,,,0,6.9,,,,18.4,,,,,66.1,,,,,,,,,48.4,,,,,,,,,,,,,"鬼怒川中流地域地下水利用適正化調査報告,工業用水,1981"
栃木県,,140,0,0,36,29,20,,井戸,用水,,,,17,,,6.6,6.8,,,,,87,,,0.2,,,6.1,1.2,,,0.12,5.3,8,,,,0,,,0.05,,,,,,10.7,,,,0,13.3,,,,5.4,,,,,31.8,,,,,,,,,38.8,,,,,,,,,,,,,"鬼怒川中流地域地下水利用適正化調査報告,工業用水,1981"
栃木県,,139,57,40,36,25,40,,井戸,用水,,,,14,,,7.1,7.1,,,,,130,,,0.2,,,11.6,1.6,,,0.13,4.6,13.2,,,,0,,,0,,,,,,9.2,,,,0,7.1,,,,7.7,,,,,61.2,,,,,,,,,52.2,,,,,,,,,,,,,"鬼怒川中流地域地下水利用適正化調査報告,工業用水,1981"
栃木県,,139,58,10,36,24,40,,井戸,用水,,,,16,,,6.8,6.9,,,,,172,,,0.2,,,8.1,1.5,,,0.13,6.8,18.4,,,,0,,,0,,,,,,11.7,,,,0,12.4,,,,15.8,,,,,66.1,,,,,,,,,47.6,,,,,,,,,,,,,"鬼怒川中流地域地下水利用適正化調査報告,工業用水,1981"
栃木県,,139,58,40,36,24,10,,井戸,用水,,,,15,,,7,7.1,,,,,157,,,0.2,,,8.6,1.3,,,0.13,6.8,14.8,,,,0,,,0.03,,,,,,16.3,,,,0,28.2,,,,4.9,,,,,46.6,,,,,,,,,47.2,,,,,,,,,,,,,"鬼怒川中流地域地下水利用適正化調査報告,工業用水,1981"
栃木県,,140,0,10,36,25,50,,井戸,用水,,,,16,,,7.2,7.2,,,,,128,,,0.2,,,16.6,2,,,0.15,4.4,8.8,,,,0.03,,,0.39,,,,,,8.2,,,,0.06,0.8,,,,5.4,,,,,71,,,,,,,,,52.8,,,,,,,,,,,,,"鬼怒川中流地域地下水利用適正化調査報告,工業用水,1981"
栃木県,,139,49,10,36,23,20,,井戸,用水,,,,14.5,,,7.2,7.3,,,,,114,,,0.2,,,6.3,0.9,,,0.12,5.1,12.4,,,,0,,,0.02,,,,,,11.4,,,,0,12,,,,6,,,,,45.3,,,,,,,,,42.6,,,,,,,,,,,,,"鬼怒川中流地域地下水利用適正化調査報告,工業用水,1981"
栃木県,,139,51,0,36,23,20,,井戸,用水,,,,14,,,7.4,7.5,,,,,146,,,0.2,,,7.2,1.4,,,0.1,6.1,15.6,,,,0,,,0.02,,,,,,15.3,,,,0,18.2,,,,6.4,,,,,51.5,,,,,,,,,46.8,,,,,,,,,,,,,"鬼怒川中流地域地下水利用適正化調査報告,工業用水,1981"
栃木県,,139,52,40,36,24,20,,井戸,用水,,,,15,,,7.5,7.5,,,,,131,,,0.2,,,8.4,1.1,,,0.12,4.9,14.8,,,,0.01,,,0.09,,,,,,10.7,,,,0,6.4,,,,5.4,,,,,66.1,,,,,,,,,43.6,,,,,,,,,,,,,"鬼怒川中流地域地下水利用適正化調査報告,工業用水,1981"
栃木県,,139,52,30,36,23,0,,井戸,用水,,,,15,,,7.3,7.3,,,,,429,,,0.2,,,21.5,2.5,,,0.12,19.7,39.6,,,,0,,,0.09,,,,,,46.9,,,,0,12.4,,,,26.9,,,,,50.3,,,,,,,,,43.2,,,,,,,,,,,,,"鬼怒川中流地域地下水利用適正化調査報告,工業用水,1981"
栃木県,,139,58,0,36,22,40,,井戸,用水,,,,16,,,7.4,7.4,,,,,122,,,0.2,,,9.4,1.4,,,0,4.4,12.8,,,,0.03,,,0.03,,,,,,7.5,,,,0,2.1,,,,3.4,,,,,68.6,,,,,,,,,53.2,,,,,,,,,,,,,"鬼怒川中流地域地下水利用適正化調査報告,工業用水,1981"
栃木県,,140,1,0,36,23,20,,井戸,用水,,,,17.3,,,7,7.2,,,,,190,,,0.2,,,11,1.2,,,0,5.8,18.4,,,,0,,,0,,,,,,16.7,,,,0,8,,,,19.8,,,,,58.8,,,,,,,,,46.8,,,,,,,,,,,,,"鬼怒川中流地域地下水利用適正化調査報告,工業用水,1981"
栃木県,,139,57,40,36,21,40,,井戸,用水,,,,15,,,7.6,7.6,,,,,113,,,0.2,,,5.5,1.2,,,0.1,5.8,11.2,,,,0,,,0.07,,,,,,6.7,,,,0,0.6,,,,4.9,,,,,64.9,,,,,,,,,48.8,,,,,,,,,,,,,"鬼怒川中流地域地下水利用適正化調査報告,工業用水,1981"
栃木県,,139,56,10,36,20,30,,井戸,用水,,,,16,,,7.6,7.6,,,,,142,,,0.2,,,11.8,2.1,,,0.1,5.3,13.6,,,,0,,,0,,,,,,7.8,,,,0,1,,,,6.9,,,,,79.7,,,,,,,,,55.4,,,,,,,,,,,,,"鬼怒川中流地域地下水利用適正化調査報告,工業用水,1981"
栃木県,,139,50,0,36,22,0,,井戸,用水,,,,15.6,,,7.2,7.6,,,,,131,,,0.4,,,11,1.9,,,0,3.6,11.6,,,,0.13,,,1.78,,,,,,12.1,,,,0,1,,,,1,,,,,66.1,,,,,,,,,56.6,,,,,,,,,,,,,"鬼怒川中流地域地下水利用適正化調査報告,工業用水,1981"
栃木県,,139,48,50,36,21,10,,井戸,用水,,,,16,,,7.2,7.3,,,,,88,,,0.2,,,6.2,0.6,,,0,3.9,8,,,,0,,,0,,,,,,6.4,,,,0,2,,,,2.4,,,,,47.8,,,,,,,,,36.2,,,,,,,,,,,,,"鬼怒川中流地域地下水利用適正化調査報告,工業用水,1981"
栃木県,,139,50,0,36,20,10,,井戸,用水,,,,16.5,,,7.3,7.3,,,,,141,,,0.2,,,8.4,1.6,,,0.15,5.6,15.2,,,,0.25,,,0,,,,,,5,,,,0,0.6,,,,2.4,,,,,90.6,,,,,,,,,48.4,,,,,,,,,,,,,"鬼怒川中流地域地下水利用適正化調査報告,工業用水,1981"
栃木県,,139,50,50,36,19,0,,井戸,用水,,,,16.3,,,7.5,7.8,,,,,134,,,0.2,,,6.1,1.7,,,0.1,5.3,15.2,,,,0,,,0,,,,,,8.5,,,,0,0.9,,,,1.9,,,,,77.2,,,,,,,,,48.8,,,,,,,,,,,,,"鬼怒川中流地域地下水利用適正化調査報告,工業用水,1981"
栃木県,,139,52,20,36,19,10,,井戸,用水,,,,17.5,,,7.4,7.9,,,,,123,,,0.1,,,9.8,1.5,,,0.12,4.9,9.6,,,,0.03,,,0.22,,,,,,6.2,,,,0,0,,,,1.4,,,,,73.4,,,,,,,,,50,,,,,,,,,,,,,"鬼怒川中流地域地下水利用適正化調査報告,工業用水,1981"
栃木県,,139,54,0,36,20,40,,井戸,用水,,,,16,,,7.4,7.5,,,,,126,,,0.1,,,8.3,1.3,,,0,4.1,12.8,,,,0,,,0,,,,,,7.8,,,,0,2.3,,,,1.9,,,,,68.6,,,,,,,,,48.8,,,,,,,,,,,,,"鬼怒川中流地域地下水利用適正化調査報告,工業用水,1981"
栃木県,,139,46,30,36,19,40,,井戸,用水,,,,17.2,,,7.3,7.3,,,,,79,,,0.1,,,9,0.6,,,0,1.5,6.4,,,,0,,,0,,,,,,6.4,,,,0,3.1,,,,1.9,,,,,36.7,,,,,,,,,34,,,,,,,,,,,,,"鬼怒川中流地域地下水利用適正化調査報告,工業用水,1981"
栃木県,,139,49,10,36,18,50,,井戸,用水,,,,16,,,7.6,7.8,,,,,102,,,0.2,,,11.8,1,,,0,2.9,8.8,,,,0,,,0,,,,,,6.4,,,,0,0.9,,,,1.4,,,,,63.7,,,,,,,,,43.4,,,,,,,,,,,,,"鬼怒川中流地域地下水利用適正化調査報告,工業用水,1981"
栃木県,,139,48,40,36,18,30,,井戸,用水,,,,18.6,,,7.5,7.5,,,,,95,,,0.2,,,9.4,0.7,,,0,3.6,8,,,,0,,,0,,,,,,6.7,,,,0,1.2,,,,1.9,,,,,56.4,,,,,,,,,43.6,,,,,,,,,,,,,"鬼怒川中流地域地下水利用適正化調査報告,工業用水,1981"
栃木県,,139,49,40,36,17,40,,井戸,用水,,,,16,,,7.7,7.9,,,,,121,,,0.2,,,10,1.4,,,0,4.1,12.4,,,,0,,,0,,,,,,7.8,,,,0,1.6,,,,1.9,,,,,72.2,,,,,,,,,48,,,,,,,,,,,,,"鬼怒川中流地域地下水利用適正化調査報告,工業用水,1981"
栃木県,,139,49,40,36,17,10,,井戸,用水,,,,16,,,7.7,7.8,,,,,107,,,0.1,,,7,1.5,,,0.12,5.6,10,,,,0,,,0,,,,,,7.1,,,,0,0.9,,,,4.9,,,,,61.2,,,,,,,,,42,,,,,,,,,,,,,"鬼怒川中流地域地下水利用適正化調査報告,工業用水,1981"
栃木県,,139,47,10,36,16,40,,井戸,用水,,,,16.9,,,7.8,7.9,,,,,107,,,0.3,,,7.6,1.5,,,0,4.9,11.2,,,,0.02,,,0.03,,,,,,6.7,,,,0.05,0.9,,,,1.9,,,,,66.1,,,,,,,,,46,,,,,,,,,,,,,"鬼怒川中流地域地下水利用適正化調査報告,工業用水,1981"
栃木県,,139,43,30,36,16,30,,井戸,用水,,,,16,,,7.5,7.5,,,,,151,,,0.2,,,9.2,2.2,,,0,6.6,15.6,,,,0,,,0,,,,,,9.7,,,,0,5.8,,,,4,,,,,85.8,,,,,,,,,30.8,,,,,,,,,,,,,"鬼怒川中流地域地下水利用適正化調査報告,工業用水,1981"
栃木県,,139,45,0,36,16,20,,井戸,用水,,,,17,,,8.2,8.2,,,,,150,,,0.2,,,7.3,1.7,,,0.19,3.6,18.8,,,,0.03,,,0,,,,,,8.2,,,,0,0,,,,5,,,,,80.9,,,,,,,,,46.4,,,,,,,,,,,,,"鬼怒川中流地域地下水利用適正化調査報告,工業用水,1981"
栃木県,,139,45,40,36,14,50,,井戸,用水,,,,18.5,,,7.5,7.9,,,,,104,,,0.3,,,11.8,0.8,,,0,2.4,9.2,,,,0,,,0,,,,,,8.2,,,,0,2.7,,,,1.9,,,,,56.4,,,,,,,,,32.3,,,,,,,,,,,,,"鬼怒川中流地域地下水利用適正化調査報告,工業用水,1981"
栃木県,,139,48,20,36,14,40,,井戸,用水,,,,18,,,7.9,7.9,,,,,174,,,0.1,,,8.8,3,,,0.12,5.1,16.4,,,,0,,,0.09,,,,,,10.3,,,,0,0,,,,6,,,,,82.1,,,,,,,,,32.2,,,,,,,,,,,,,"鬼怒川中流地域地下水利用適正化調査報告,工業用水,1981"
栃木県,,139,45,30,36,14,10,,井戸,用水,,,,17.7,,,7.3,7.1,,,,,124,,,0.2,,,11.6,1.2,,,0,3.2,11.2,,,,0,,,0.03,,,,,,11.4,,,,0,1.2,,,,2.1,,,,,62.5,,,,,,,,,42.2,,,,,,,,,,,,,"鬼怒川中流地域地下水利用適正化調査報告,工業用水,1981"
栃木県,,139,43,0,36,13,20,,井戸,用水,,,,15.6,,,7.9,7.9,,,,,162,,,0.4,,,7.4,2.5,,,0,5.1,19.2,,,,0.03,,,0.69,,,,,,7.8,,,,0,1.2,,,,1.9,,,,,94.3,,,,,,,,,49.2,,,,,,,,,,,,,"鬼怒川中流地域地下水利用適正化調査報告,工業用水,1981"
栃木県,,139,43,20,36,12,20,,井戸,用水,,,,14.3,,,7.7,7.8,,,,,209,,,0.7,,,11.6,2.5,,,0.12,5.3,24.4,,,,0.12,,,0.98,,,,,,10.7,,,,0,3.4,,,,11.1,,,,,105,,,,,,,,,61.2,,,,,,,,,,,,,"鬼怒川中流地域地下水利用適正化調査報告,工業用水,1981"
栃木県,佐野市石塚町,139,33,40,36,21,10,54.5,井戸,観測井,80,,,17,,,6.6,7.1,,,,,100,,,0.2,,,8.3,0.5,,,0.1,2.4,10,,,,0.02,,,0.06,,,,,,5.7,,,,0.01,2.04,,,,1.3,,,,,51.2,,,,,,,,,19.2,,,,,,,,,,,,1979,"地下水利用適正化調査に係る地下水位等観測井についての資料,工業用水,1983"
栃木県,佐野市村上町,139,33,0,36,17,50,22.5,井戸,観測井,130,,,19,,,7.4,7.7,,,,,114,,,0.5,,,10.6,0.7,,,0.37,3.3,10.8,,,,0.13,,,3.85,,,,,,7.8,,,,0.64,0.93,,,,7.2,,,,,58.9,,,,,,,,,9.3,,,,,,,,,,,,1979,"地下水利用適正化調査に係る地下水位等観測井についての資料,工業用水,1983"
栃木県,藤岡町藤岡828-1,139,39,10,36,15,50,23,井戸,観測井,260,,,23,,,7,7.3,,,,,230,,,2.3,,,34.8,3,,,0,3.6,9.6,,,,0.16,,,0.55,,,,,,6,,,,0.03,0.85,,,,4.8,,,,,140,,,,,,,,,61.2,,,,,,,,,,,,1979,"地下水利用適正化調査に係る地下水位等観測井についての資料,工業用水,1983"
栃木県,小山市横倉,,,,,,,,井戸,観測井,120,,,17.5,,,7.7,,,,,,110,,,1.8,,,6.67,2.67,,,0.04,4.6,9.6,,,,,,,0,,,,,,4,,,,,,,,,4,,,,,34.5,,,,,,,,,48,,,5.2,,7.8,,,,,,,1973,"地下水利用適正化調査に係る地下水位等観測井についての資料,工業用水,1983"
栃木県,真岡市鬼怒ケ丘11,,,,,,,,井戸,観測井,208,,,20,,,7.5,,,,,,280,,,5,,,150,15.5,,,0.33,4.4,24,,,,,,,0.52,,,,,,270,,,,,,,,,2,,,,,80.5,,,,,,,,,54,,,3,,20.8,,,,,,,1973,"地下水利用適正化調査に係る地下水位等観測井についての資料,工業用水,1983"
栃木県,小山市横倉610,,,,,,,,井戸,観測井,450,,,26.7,,,8.3,,,,,,,,,1.6,,,29.4,2,,,0,3.3,1.8,,,,,,,0.1,,,,,,6.8,,,,,,,,,0,,,,,92.2,,,,,,,,,27.7,,,5.1,,0.7,,,,,,,1972,"地下水利用適正化調査に係る地下水位等観測井についての資料,工業用水,1983"
栃木県,元湯１,139,45,40,36,58,0,,不明,温泉・鉱泉,,,,54,,,6.9,,,,,,,,,,,,,,,,,,92.3,,,,,,,,,,,,,1060,,,,,,,,,133,,,,,539,,,,,,,,,,,,,,,,,,,,,,"食塩泉中のストロンチウム濃度およびSr/Ca比の変動について,温泉科学,1986"
栃木県,元湯２,139,45,40,36,58,0,,不明,温泉・鉱泉,,,,53.2,,,6.6,,,,,,,,,,,,,,,,,,152,,,,,,,,,,,,,1172,,,,,,,,,74,,,,,704,,,,,,,,,,,,,,,,,,,,,,"食塩泉中のストロンチウム濃度およびSr/Ca比の変動について,温泉科学,1986"
栃木県,,139,49,40,36,57,40,,不明,温泉・鉱泉,,,,53,,,6.7,,,,,,,,,,,,,,,,,,254,,,,,,,,,,,,,2085,,,,,,,,,56,,,,,198,,,,,,,,,,,,,,,,,,,,,,"食塩泉中のストロンチウム濃度およびSr/Ca比の変動について,温泉科学,1986"
栃木県,,,,,,,,,井戸,温泉・鉱泉,100,,,,,,9.4,,,,,778.8,,,,,,,163.8,1.001,,,,,73.83,,,,,,,,,,,,,29.76,,,,,,,,,44.84,,,,,22.16,,,,,,,,,,,,,,,,,,,,,1970.4.15.,"板室温泉における温泉水の流動状況に関する考察,地球科学,1983"
栃木県,,,,,,,,,井戸,温泉・鉱泉,127,,,38.6,203.9,,9.4,,,,,887.9,,,,,,,185.4,4.708,,,,0.649,81.51,,,,,,,,,,,,,33.62,,,,,,,,,508.4,,,,,22.27,,,,,,,,,,,,,,,,,,,,,1961.3.9.,"板室温泉における温泉水の流動状況に関する考察,地球科学,1983"
栃木県,,,,,,,,,井戸,温泉・鉱泉,141,,,27.5,400,,6.6,,,,,577.6,,,,,,,119,,,,,10.73,35.32,,,,,,,,,,,,,20.42,,,,,,,,,338.4,,,,,32.27,,,,,,,,,,,,,,,,,,,,,1965.6.14.,"板室温泉における温泉水の流動状況に関する考察,地球科学,1983"
栃木県,,,,,,,,,井戸,温泉・鉱泉,85,,,35.8,78.2,,9.3,,,,,1146,,,,,,,227.8,14.71,,,,0.462,113.8,,,,,,,,,,,,,37.27,,,,,,,,,688.8,,,,,21.22,,,,,,,,,,,,,,,,,,,,,1968.2.15.,"板室温泉における温泉水の流動状況に関する考察,地球科学,1983"
栃木県,,,,,,,,,井戸,温泉・鉱泉,150,,,35.6,304.3,,9.05,,,,,463.3,,,,,,,92.12,,,,,,36.8,,,,,,,,,,,,,26.43,,,,,,,,,243.9,,,,,14.24,,,,,,,,,,,,,,,,,,,,,1973.8.1.,"板室温泉における温泉水の流動状況に関する考察,地球科学,1983"
栃木県,,,,,,,,,井戸,温泉・鉱泉,415,,,24,68.8,,8.55,,,,,198.2,,,,,,,45.07,0.788,,,,,1.004,,,,,,,,,,,,,0.995,,,,,,,,,35.29,,,,,66.14,,,,,,,,,,,,,,,,,,,,,1970.4.15.,"板室温泉における温泉水の流動状況に関する考察,地球科学,1983"
栃木県,,,,,,,,,井戸,温泉・鉱泉,189,,,30.1,711.9,,7.99,,,,,379.4,,,,,,,75.09,,,,,0.481,18.65,,,,,,,,,,,,,18.32,,,,,,,,,134.9,,,,,27.28,,,,,,,,,,,,,,,,,,,,,1973.8.1.,"板室温泉における温泉水の流動状況に関する考察,地球科学,1983"
栃木県,,,,,,,,,井戸,温泉・鉱泉,150,,,44.5,289.7,,9.6,,,,,862.7,,,,,,,179.2,1.361,,,,0.245,82.5,,,,,,,,,,,,,29.47,,,,,,,,,487.5,,,,,11,,,,,,,,,,,,,,,,,,,,,1971.11.25.,"板室温泉における温泉水の流動状況に関する考察,地球科学,1983"
栃木県,,,,,,,,,井戸,温泉・鉱泉,200,,,39.5,58.3,,9.3,,,,,1195,,,,,,,251.4,2.552,,,,1.191,117,,,,,,,,,,,,,41.52,,,,,,,,,712.5,,,,,23.08,,,,,,,,,,,,,,,,,,,,,1973.3.10.,"板室温泉における温泉水の流動状況に関する考察,地球科学,1983"
栃木県,,,,,,,,,井戸,温泉・鉱泉,211,,,42.3,97.9,,8.82,,,,,753.8,,,,,,,120.1,0.4,,,,,85.23,,,,,,,,,,,,,30.03,,,,,,,,,446.5,,,,,16.51,,,,,,,,,,,,,,,,,,,,,1973.8.1.,"板室温泉における温泉水の流動状況に関する考察,地球科学,1983"
栃木県,,,,,,,,,井戸,温泉・鉱泉,113,,,45,442.1,,7.1,,,,,755.8,,,,,,,158,0.979,,,,1.061,71.02,,,,,,,,,,,,,33.72,,,,,,,,,446,,,,,5.382,,,,,,,,,,,,,,,,,,,,,1974.3.26.,"板室温泉における温泉水の流動状況に関する考察,地球科学,1983"
栃木県,,,,,,,,,井戸,温泉・鉱泉,178.3,,,43.6,180,,8.2,,,,,765.8,,,,,,,98.07,,,,,,110.2,,,,,,,,,,,,,45.31,,,,,,,,,426.6,,,,,15.94,,,,,,,,,,,,,,,,,,,,,1973.8.1.,"板室温泉における温泉水の流動状況に関する考察,地球科学,1983"
栃木県,,,,,,,,,井戸,温泉・鉱泉,300,,,31.6,260.9,,8.7,,,,,1261,,,,,,,268,4,,,,4.1,157,,,,,,,,,,,,,446,,,,,,,,,321.8,,,,,29.8,,,,,,,,,,,,,,,,,,,,,1980.6.10.,"板室温泉における温泉水の流動状況に関する考察,地球科学,1983"
栃木県,,,,,,,,,井戸,温泉・鉱泉,400,,,50.1,267.5,,9.1,,,,,1072,,,,,,,191.8,2.3,,,,5.2,120.8,,,,,,,,,,,,,45.9,,,,,,,,,622.2,,,,,29.3,,,,,,,,,,,,,,,,,,,,,1979.12.24,"板室温泉における温泉水の流動状況に関する考察,地球科学,1983"
栃木県,那須郡那須町,139,59,26,37,7,39,,不明,温泉・鉱泉,,,,61,,,6.6,,,,,,,,,,,,45.7,11.5,,,,11.7,188,,,,,,,,,,,,,6.6,,,,,,,,,517,,,,,54,,,,,,,,,112,,,,,,,,,,,,,"新潟地熱資源図説明書,地質調査所,1993"
栃木県,那須郡那須町,139,59,46,37,7,24,,不明,温泉・鉱泉,,,,56.2,703,,6.4,,,,,,,,,,,,50.8,10.8,,,,12.2,52,,,,,,,,,,,,,5.9,,,,,,,,,155,,,,,173,,,,,,,,,141,,,,,,,,,,,,,"新潟地熱資源図説明書,地質調査所,1993"
栃木県,那須郡那須町,139,59,11,37,7,12,,不明,温泉・鉱泉,,,,85.3,2619,,6.2,,,,,,,,,,,,67,50.8,,,,19,70,,,,,,,,,,,,,2.2,,,,,,,,,386,,,,,66,,,,,,,,,163,,,,,,,,,,,,,"新潟地熱資源図説明書,地質調査所,1993"
栃木県,那須郡那須町,139,59,46,37,7,4,,不明,温泉・鉱泉,,,,,135,,,,,,,,,,,,,,,,,,,,,,,,,,,,,,,,,,,,,,,,,,,,,,,,,,,,,,,,,,,,,,,,,,,,,"新潟地熱資源図説明書,地質調査所,1993"
栃木県,那須郡那須町,139,59,31,37,6,48,,不明,温泉・鉱泉,,,,52.1,335,,6.4,,,,,,,,,,,,56.2,19.4,,,,23.2,65.4,,,,,,,,,,,,,13.4,,,,,,,,,222,,,,,116,,,,,,,,,140,,,,,,,,,,,,,"新潟地熱資源図説明書,地質調査所,1993"
栃木県,那須郡那須町,139,58,28,37,6,30,,不明,温泉・鉱泉,,,,36.1,138,,6.5,,,,,,,,,,,,69.6,15.3,,,,47.6,92,,,,,,,,,,,,,37.2,,,,,,,,,534,,,,,16,,,,,,,,,122,,,,,,,,,,,,,"新潟地熱資源図説明書,地質調査所,1993"
栃木県,那須郡那須町,139,59,26,37,6,7,,不明,温泉・鉱泉,9,,,39,2411,,6.1,,,,,,,,,,,,49.8,14.8,,,,41,101,,,,,,,,,,,,,55,,,,,,,,,360,,,,,88,,,,,,,,,147,,,,,,,,,,,mg/kg,,"新潟地熱資源図説明書,地質調査所,1993"
栃木県,那須郡那須町,140,0,16,37,6,16,,不明,温泉・鉱泉,,,,34,559,,7.6,,,,,,,,,,,,54.6,18.2,,,,24.5,53.3,,,,,,,,,,,,,16.4,,,,,,,,,163,,,,,133,,,,,,,,,137,,,,,,,,,,,,,"新潟地熱資源図説明書,地質調査所,1993"
栃木県,那須郡那須町,140,0,36,37,5,15,,不明,温泉・鉱泉,,,,63.7,845,,2.3,,,,,,,,,,,,28,7.4,,,,19.6,66.4,,,,,,,,,,,,,99,,,,,,,,,667,,,,,,,,,,,,,,208,,,,,,,,,,,,,"新潟地熱資源図説明書,地質調査所,1993"
栃木県,那須郡那須町,140,3,12,37,5,23,,不明,温泉・鉱泉,,,,38.3,1364,,8.8,,,,,,,,,,,,68.3,5.2,,,,2.5,17.7,,,,,,,,,,,,,17.1,,,,,,,,,79,,,,,129,,,,,,,,,77,,,,,,,,,,,,,"新潟地熱資源図説明書,地質調査所,1993"
栃木県,黒磯市,139,56,50,37,8,8,,不明,温泉・鉱泉,,,,56.4,81,,6.6,,,,,,,,,,,,54.6,9,,,,18.2,66.4,,,,,,,,,,,,,6.8,,,,,,,,,303,,,,,38,,,,,,,,,137,,,,,,,,,,,,,"新潟地熱資源図説明書,地質調査所,1993"
栃木県,那須郡那須町,139,56,40,37,7,32,,不明,温泉・鉱泉,,,,33.1,1940,,3.4,,,,,,,,,,,,72.5,7.3,,,,74.6,176,,,,,,,,,,,,,73.5,,,,,,,,,950,,,,,,,,,,,,,,127,,,,,,,,,,,,,"新潟地熱資源図説明書,地質調査所,1993"
栃木県,那須郡那須町,139,57,10,37,3,51,,不明,温泉・鉱泉,600,,,30.1,222,,8,,,,,,,,,,,,83.6,7.9,,,,7.3,10.6,,,,,,,,,,,,,24.2,,,,,,,,,65,,,,,120,,,,,,,,,88,,,,,,,,,,,,,"新潟地熱資源図説明書,地質調査所,1993"
栃木県,黒磯市板室,139,55,35,37,3,51,,不明,温泉・鉱泉,,,,49.7,3392,,8.9,,,,,,,,,,,,193,1.3,,,,0.01,97.2,,,,,,,,,,,,,49.7,,,,,,,,,591,,,,,10,,,,,,,,,28,,,,,,,,,,,,,"新潟地熱資源図説明書,地質調査所,1993"
栃木県,那須郡塩原町,139,51,49,36,58,0,,不明,温泉・鉱泉,130,,,56.8,169,,7.9,,,,,,,,,,,,297,13,,,,0.5,135,,,,,,,,,,,,,40.4,,,,,,,,,851,,,,,74,,,,,,,,,74,,,,,,,,,,,,,"新潟地熱資源図説明書,地質調査所,1993"
栃木県,那須郡塩原町,139,50,34,36,57,36,,不明,温泉・鉱泉,,,,53.9,1678,,6.1,,,,,,,,,,,,432.1,28.3,,,,5.9,124.5,,,,,,,,,,,,,567.7,,,,,,,,,152.3,,,,,345.3,,,,,,,,,64,,,,,,,,,,,mg/kg,,"新潟地熱資源図説明書,地質調査所,1993"
栃木県,那須郡塩原町,139,50,4,36,58,4,,不明,温泉・鉱泉,,,,76.2,1797,,6.7,,,,,,,,,,,,410,31.1,,,,5.1,89.7,,,,,,,,,,,,,521,,,,,,,,,254,,,,,203,,,,,,,,,136,,,,,,,,,,,mg/kg,,"新潟地熱資源図説明書,地質調査所,1993"
栃木県,那須郡塩原町,139,49,49,36,57,20,,不明,温泉・鉱泉,,,,49.1,1556,,6.2,,,,,,,,,,,,737,56.8,,,,15,156,,,,,,,,,,,,,1260,,,,,,,,,56,,,,,265,,,,,,,,,76,,,,,,,,,,,mg/kg,,"新潟地熱資源図説明書,地質調査所,1993"
栃木県,那須郡塩原町,139,49,39,36,58,0,,不明,温泉・鉱泉,,,,72.8,545,,7.7,,,,,,,,,,,,502,26.5,,,,8.4,122.4,,,,,,,,,,,,,784.1,,,,,,,,,203.2,,,,,239.5,,,,,,,,,102,,,,,,,,,,,mg/kg,,"新潟地熱資源図説明書,地質調査所,1993"
栃木県,那須郡塩原町,139,49,34,36,58,16,,不明,温泉・鉱泉,,,,66.7,1057,,6.5,,,,,,,,,,,,324,45,,,,39.1,109,,,,,,,,,,,,,598,,,,,,,,,24,,,,,371,,,,,,,,,215,,,,,,,,,,,mg/kg,,"新潟地熱資源図説明書,地質調査所,1993"
栃木県,那須郡塩原町,139,49,8,36,58,4,,不明,温泉・鉱泉,,,,72,1833,,6.3,,,,,,,,,,,,316,31.2,,,,30,114.8,,,,,,,,,,,,,538.6,,,,,,,,,46,,,,,410.8,,,,,,,,,132,,,,,,,,,,,mg/kg,,"新潟地熱資源図説明書,地質調査所,1993"
栃木県,那須郡塩原町,139,48,28,36,58,32,,不明,温泉・鉱泉,,,,51.5,1464,,7.1,,,,,,,,,,,,439.5,20,,,,6,76.6,,,,,,,,,,,,,532.9,,,,,,,,,79.8,,,,,363.3,,,,,,,,,125,,,,,,,,,,,mg/kg,,"新潟地熱資源図説明書,地質調査所,1993"
栃木県,那須郡塩原町,139,46,48,36,59,16,,不明,温泉・鉱泉,,,,65.8,4513,,7.3,,,,,,,,,,,,453,17.7,,,,4.7,31,,,,,,,,,,,,,528,,,,,,,,,133,,,,,298,,,,,,,,,104,,,,,,,,,,,mg/kg,,"新潟地熱資源図説明書,地質調査所,1993"
栃木県,那須郡塩原町,139,45,38,36,57,44,,不明,温泉・鉱泉,,,,53.8,211,,6.7,,,,,,,,,,,,885,65.3,,,,22.9,90.2,,,,,,,,,,,,,989,,,,,,,,,257,,,,,1140,,,,,,,,,146,,,,,,,,,,,mg/kg,,"新潟地熱資源図説明書,地質調査所,1993"
栃木県,那須郡塩原町,139,49,39,36,57,40,,不明,温泉・鉱泉,150,,,41.3,193,,6.2,,,,,,,,,,,,110.7,21.7,,,,24.1,109.4,,,,,,,,,,,,,178.5,,,,,,,,,28.8,,,,,466.3,,,,,,,,,139,,,,,,,,,,,mg/kg,,"新潟地熱資源図説明書,地質調査所,1993"
栃木県,那須郡塩原町,139,49,59,36,57,36,,不明,温泉・鉱泉,,,,45.1,356,,6.3,,,,,,,,,,,,226.4,35.2,,,,17.2,77.1,,,,,,,,,,,,,107.7,,,,,,,,,70.7,,,,,732.8,,,,,,,,,159.2,,,,,,,,,,,mg/kg,,"新潟地熱資源図説明書,地質調査所,1993"
栃木県,那須郡塩原町,139,46,53,36,56,43,,不明,温泉・鉱泉,,,,57,184,,2.3,,,,,,,,,,,,28.8,13.1,,,,26.7,73.7,,,,,,,,,,,,,2.5,,,,,,,,,1150,,,,,,,,,,,,,,169,,,,,,,,,,,mg/kg,,"新潟地熱資源図説明書,地質調査所,1993"
栃木県,那須郡塩原町,139,50,3,36,56,6,,不明,温泉・鉱泉,,,,30.4,548,,8.7,,,,,,,,,,,,36.9,0.6,,,,0.1,6.2,,,,,,,,,,,,,3.2,,,,,,,,,31.8,,,,,81.1,,,,,,,,,15,,,,,,,,,,,mg/kg,,"新潟地熱資源図説明書,地質調査所,1993"
栃木県,矢板市平野,139,51,2,36,52,42,,不明,温泉・鉱泉,,,,13.2,,,3,,,,,,,,,,,,5.1,1.8,,,,14,49.1,,,,,,,,,,,,,4.7,,,,,,,,,458.7,,,,,,,,,,,,,,62.6,,,,,,,,,,,,,"新潟地熱資源図説明書,地質調査所,1993"
栃木県,矢板市平野,139,51,7,36,52,22,,不明,温泉・鉱泉,,,,13.6,,,4.1,,,,,,,,,,,,6.3,2.6,,,,11.2,59.1,,,,,,,,,,,,,2.8,,,,,,,,,343.8,,,,,,,,,,,,,,73.6,,,,,,,,,,,,,"新潟地熱資源図説明書,地質調査所,1993"
栃木県,矢板市長井,139,52,22,36,50,57,,不明,温泉・鉱泉,,,,14.5,,,,,,,,,,,,,,,1,1.2,,,,0.9,52,,,,,,,,,,,,,5.3,,,,,,,,,1398.3,,,,,,,,,,,,,,353,,,,,,,,,,,,,"新潟地熱資源図説明書,地質調査所,1993"
栃木県,塩谷郡藤原町,139,42,23,36,53,30,,不明,温泉・鉱泉,,,,45.5,2874,,,7.8,,,,,,,,,,,100,3,,,,,21,,,,,,,,,,,,,99.5,,,,,,,,,70.8,,,,,55.1,,,,,,,,,0.4,,,,,,,,,,,mg/kg,,"新潟地熱資源図説明書,地質調査所,1993"
栃木県,塩谷郡藤原町,139,43,24,36,49,41,,不明,温泉・鉱泉,,,,54,4253,,8.9,,,,,,,,,,,,110,0.7,,,,,63.7,,,,,,,,,,,,,100.3,,,,,,,,,198.3,,,,,52.4,,,,,,,,,2.1,,,,,,,,,,,mg/kg,,"新潟地熱資源図説明書,地質調査所,1993"
栃木県,塩谷郡栗山村,139,39,5,36,52,57,,不明,温泉・鉱泉,,,,24.2,162,,9.4,,,,,,,,,,,,21.2,0.3,,,,3.1,10.5,,,,,,,,,,,,,7.1,,,,,,,,,36.2,,,,,46,,,,,,,,,12,,,,,,,,,,,mg/kg,,"新潟地熱資源図説明書,地質調査所,1993"
栃木県,塩谷郡栗山村,139,35,31,36,57,26,,不明,温泉・鉱泉,,,,49.9,1608,,7.8,,,,,,,,,,,,91,2.9,,,,0.1,9.4,,,,,,,,,,,,,61,,,,,,,,,29,,,,,112,,,,,,,,,49,,,,,,,,,,,,,"新潟地熱資源図説明書,地質調査所,1993"
栃木県,塩谷郡栗山村,139,27,41,36,52,38,,不明,温泉・鉱泉,,,,96.5,435,,8.5,,,,,,,,,,,,450,45.9,,,,0.1,10,,,,,,,,,,,,,583,,,,,,,,,108,,,,,111,,,,,,,,,210,,,,,,,,,,,,,"新潟地熱資源図説明書,地質調査所,1993"
栃木県,塩谷郡栗山村,139,25,24,36,52,24,,不明,温泉・鉱泉,,,,60.8,,,6.9,,,,,,,,,,,,481,26.8,,,,0.5,31.6,,,,,,,,,,,,,690,,,,,,,,,29.2,,,,,208,,,,,,,,,97,,,,,,,,,,,,,"新潟地熱資源図説明書,地質調査所,1993"
栃木県,塩谷郡栗山村,139,24,39,36,52,8,,不明,温泉・鉱泉,,,,36.5,,,6.1,,,,,,,,,,,,420,19.6,,,,0.7,30,,,,,,,,,,,,,457,,,,,,,,,34.4,,,,,425,,,,,,,,,108,,,,,,,,,,,,,"新潟地熱資源図説明書,地質調査所,1993"
栃木県,塩谷郡栗山村,139,24,5,36,52,25,,不明,温泉・鉱泉,,,,52,56,,7.6,,,,,,,,,,,,114,3.3,,,,0.1,18.6,,,,,,,,,,,,,79.3,,,,,,,,,32.6,,,,,198,,,,,,,,,82,,,,,,,,,,,,,"新潟地熱資源図説明書,地質調査所,1993"
栃木県,塩谷郡栗山村,139,24,1,36,51,57,,不明,温泉・鉱泉,,,,52,52,,7.6,,,,,,,,,,,,319,19.2,,,,1.6,22.8,,,,,,,,,,,,,435,,,,,,,,,52.4,,,,,160,,,,,,,,,81,,,,,,,,,,,mg/kg,,"新潟地熱資源図説明書,地質調査所,1993"
栃木県,塩谷郡栗山村,139,23,26,36,51,44,,不明,温泉・鉱泉,,,,63.8,6,,6.1,,,,,,,,,,,,650,40.4,,,,4.4,49,,,,,,,,,,,,,910,,,,,,,,,62.5,,,,,339,,,,,,,,,117,,,,,,,,,,,,,"新潟地熱資源図説明書,地質調査所,1993"
栃木県,塩谷郡栗山村,139,24,31,36,51,41,,不明,温泉・鉱泉,,,,61.8,121,,7.1,,,,,,,,,,,,90,4.6,,,,0.2,12.9,,,,,,,,,,,,,20,,,,,,,,,45.9,,,,,170,,,,,,,,,101,,,,,,,,,,,,,"新潟地熱資源図説明書,地質調査所,1993"
栃木県,塩谷郡栗山村,139,25,1,36,51,9,,不明,温泉・鉱泉,,,,72.9,50,,6.6,,,,,,,,,,,,550,74.3,,,,0.8,67.4,,,,,,,,,,,,,878,,,,,,,,,116,,,,,159,,,,,,,,,135,,,,,,,,,,,,,"新潟地熱資源図説明書,地質調査所,1993"
栃木県,塩谷郡栗山村,139,27,9,36,49,54,,不明,温泉・鉱泉,,,,33.8,,,6.6,,,,,,,,,,,,169.7,26.7,,,,6.6,50.7,,,,,,,,,,,,,97.8,,,,,,,,,78,,,,,413.4,,,,,,,,,39.8,,,,,,,,,,,mg/kg,,"新潟地熱資源図説明書,地質調査所,1993"
栃木県,日光市,139,25,27,36,48,24,,不明,温泉・鉱泉,,,,77,1722,,,6.8,,,,,,,,,,,187.9,23.4,,,,6.9,171.2,,,,,,,,,,,,,90.3,,,,,,,,,457.3,,,,,269.6,,,,,,,,,64.1,,,,,,,,,,,mg/kg,,"新潟地熱資源図説明書,地質調査所,1993"
栃木県,日光市,139,33,40,36,44,37,,不明,温泉・鉱泉,,,,31,8,,,7.7,,,,,,,,,,,266.7,3.8,,,,10.2,40.8,,,,,,,,,,,,,418.6,,,,,,,,,43.6,,,,,136.5,,,,,,,,,,,,,,,,,,,,mg/kg,,"新潟地熱資源図説明書,地質調査所,1993"
栃木県,日光市,139,38,15,36,44,2,,不明,温泉・鉱泉,,,,38.3,24,,,10.4,,,,,,,,,,,122.2,2.1,,,,1.5,45.3,,,,,,,,,,,,,191.4,,,,,,,,,69,,,,,41.5,,,,,,,,,23.7,,,,,,,,,,,mg/kg,,"新潟地熱資源図説明書,地質調査所,1993"
栃木県,日光市,139,38,26,36,39,57,,不明,温泉・鉱泉,,,,28,14,,,8.2,,,,,,,,,,,98.6,0.9,,,,0.5,452.7,,,,,,,,,,,,,82,,,,,,,,,68.9,,,,,94.5,,,,,,,,,,,,,,,,,,,,mg/kg,,"新潟地熱資源図説明書,地質調査所,1993"
栃木県,上都賀郡足尾町,139,25,42,36,39,9,,不明,温泉・鉱泉,,,,30.5,85,,6.9,,,,,,,,,,,,32,1.5,,,,0.4,48.8,,,,,,,,,,,,,121.8,,,,,,,,,765.2,,,,,199,,,,,,,,,45,,,,,,,,,,,mg/kg,,"新潟地熱資源図説明書,地質調査所,1993"
栃木県,塩谷郡塩谷町,139,42,27,36,46,37,,不明,温泉・鉱泉,,,,33.5,486,,8.8,,,,,,,,,,,,293.2,1.4,,,,0.4,48.8,,,,,,,,,,,,,276.7,,,,,,,,,328,,,,,1.2,,,,,,,,,18.2,,,,,,,,,,,mg/kg,,"新潟地熱資源図説明書,地質調査所,1993"
栃木県,塩谷郡塩谷町,139,46,2,36,45,44,,不明,温泉・鉱泉,,,,36,130,,,8,,,,,,,,,,,164,1.2,,,,0.1,19.5,,,,,,,,,,,,,121.8,,,,,,,,,201,,,,,29.6,,,,,,,,,,,,,,,,,,,,mg/kg,,"新潟地熱資源図説明書,地質調査所,1993"
栃木県,塩谷郡塩谷町,139,51,26,36,43,56,,不明,温泉・鉱泉,,,,13.7,100,,,6.6,,,,,,,,,,,7,0.7,,,,5.4,15.8,,,,,,,,,,,,,5.5,,,,,,,,,5,,,,,105,,,,,,,,,,,,,,,,,,,,mg/kg,,"新潟地熱資源図説明書,地質調査所,1993"
栃木県,河内郡上河内村,139,53,11,36,42,56,,不明,温泉・鉱泉,800,,,21,2,,,,,,,,,,,,,,,,,,,,,,,,,,,,,,,,,,,,,,,,,,,,,,,,,,,,,,,,,,,,,,,,,,,,,"新潟地熱資源図説明書,地質調査所,1993"
栃木県,河内郡河内町,139,53,1,36,38,18,,不明,温泉・鉱泉,,,,33,565,,,8.5,,,,,,,,,,,217.8,2.5,,,,,18.5,,,,,,,,,,,,,27.9,,,,,,,,,413.5,,,,,136.9,,,,,,,,,0.7,,,,,,,,,,,mg/kg,,"新潟地熱資源図説明書,地質調査所,1993"
栃木県,宇都宮市,139,53,2,36,34,13,,不明,温泉・鉱泉,,,,42,440,,,9.5,,,,,,,,,,,370.1,1,,,,,1.3,,,,,,,,,,,,,178.3,,,,,,,,,497.9,,,,,34,,,,,,,,,,,,,,,,,,,,mg/kg,,"新潟地熱資源図説明書,地質調査所,1993"
栃木県,黒磯市,140,3,28,36,58,37,,不明,温泉・鉱泉,,,,30.7,,,,,,,,,,,,,,,,,,,,,,,,,,,,,,,,,,,,,,,,,,,,,,,,,,,,,,,,,,,,,,,,,,,,,,"新潟地熱資源図説明書,地質調査所,1993"
栃木県,那須郡西那須野町,139,58,20,36,54,24,,不明,温泉・鉱泉,,,,58.7,,,,,,,,,,,,,,,,,,,,,,,,,,,,,,,,,,,,,,,,,,,,,,,,,,,,,,,,,,,,,,,,,,,,,,"新潟地熱資源図説明書,地質調査所,1993"
栃木県,那須郡西那須野町,140,0,24,36,52,47,,不明,温泉・鉱泉,,,,50.1,,,>8.5,,,,,,,,,,,,,,,,,,,,,,,,,,,,,,,,,,,,,,,,,,,,,,,,,,,,,,,,,,,,,,,,,,,"新潟地熱資源図説明書,地質調査所,1993"
栃木県,大田原市,140,2,36,36,52,15,,不明,温泉・鉱泉,,,,47.6,128,,,8.9,,,,,,,,,,,425.7,2.7,,,,0,6.5,,,,,,,,,,,,,610,,,,,,,,,75,,,,,79.5,,,,,,,,,,,,,,,,,,,,mg/kg,,"新潟地熱資源図説明書,地質調査所,1993"
栃木県,矢板市,139,55,36,36,45,21,,不明,温泉・鉱泉,,,,33.7,18,,9,,,,,,,,,,,,227.8,1.3,,,,1.7,5.6,,,,,,,,,,,,,23.9,,,,,,,,,14.4,,,,,496.3,,,,,,,,,,,,,,,,,,,,mg/kg,,"新潟地熱資源図説明書,地質調査所,1993"
栃木県,塩谷郡喜連川町,140,1,21,36,42,56,,不明,温泉・鉱泉,,,,45.8,417,,,7.6,,,,,,,,,,,2790,50.3,,,,4.5,69.1,,,,,,,,,,,,,3820.4,,,,,,,,,70.3,,,,,305.3,,,,,,,,,,,,,,,,,,,,mg/kg,,"新潟地熱資源図説明書,地質調査所,1993"
栃木県,那須郡那須町,140,9,13,36,59,21,,不明,温泉・鉱泉,,,,26,204,,,9.7,,,,,,,,,,,79,0.6,,,,0.1,0.8,,,,,,,,,,,,,6.4,,,,,,,,,11.4,,,,,178.1,,,,,,,,,,,,,,,,,,,,mg/kg,,"新潟地熱資源図説明書,地質調査所,1993"
栃木県,那須郡黒羽町,140,7,22,36,51,11,,不明,温泉・鉱泉,300,,,27.2,77,,,9.5,,,,,,,,,,,80.2,0.5,,,,0,0.9,,,,,,,,,,,,,34.5,,,,,,,,,37.1,,,,,80,,,,,,,,,11.3,,,,,,,,,,,mg/kg,,"新潟地熱資源図説明書,地質調査所,1993"
栃木県,那須郡湯津上村,140,7,42,36,48,6,,不明,温泉・鉱泉,,,,30.7,47,,9.1,,,,,,,,,,,,173.9,5.2,,,,0.1,1.4,,,,,,,,,,,,,136.5,,,,,,,,,84.2,,,,,127.7,,,,,,,,,63.8,,,,,,,,,,,mg/kg,,"新潟地熱資源図説明書,地質調査所,1993"
栃木県,那須郡馬頭町,140,8,22,36,46,21,,不明,温泉・鉱泉,,,,46.5,293,,,9.2,,,,,,,,,,,155.5,1.7,,,,0,2.1,,,,,,,,,,,,,16.5,,,,,,,,,232.7,,,,,121,,,,,,,,,,,,,,,,,,,,mg/kg,,"新潟地熱資源図説明書,地質調査所,1993"
栃木県,那須郡小川町,140,7,21,36,45,25,,不明,温泉・鉱泉,,,,16.3,4,,6.8,,,,,,,,,,,,2200,34,,,,34.8,327.7,,,,,,,,,,,,,3906,,,,,,,,,541.9,,,,,47.7,,,,,,,,,100.2,,,,,,,,,,,mg/kg,,"新潟地熱資源図説明書,地質調査所,1993"
栃木県,那須郡南那須町,140,5,45,36,39,36,,不明,温泉・鉱泉,,,,66.8,242,,7.6,,,,,,,,,,,,3580,26.9,,,,8.3,1737,,,,,,,,,,,,,8231,,,,,,,,,553.9,,,,,29.5,,,,,,,,,37.9,,,,,,,,,,,mg/kg,,"新潟地熱資源図説明書,地質調査所,1993"
栃木県,那須郡南那須町,140,6,12,36,39,21,,不明,温泉・鉱泉,,,,45,59,,,8.2,,,,,,,,,,,3080,20.4,,,,6.7,208,,,,,,,,,,,,,5035,,,,,,,,,135,,,,,102,,,,,,,,,,,,,,,,,,,,mg/kg,,"新潟地熱資源図説明書,地質調査所,1993"
栃木県,芳賀郡茂木町,140,9,22,36,34,33,,不明,温泉・鉱泉,,,,,,,,,,,,,,,,,,,,,,,,,,,,,,,,,,,,,,,,,,,,,,,,,,,,,,,,,,,,,,,,,,,,,,,,,,"新潟地熱資源図説明書,地質調査所,1993"
