都道府県名,所在地,東経（゜）,東経（′）,東経（″),北緯（゜）,北緯（′）,北緯（″),標高（ｍ）,水源種別,利用目的,井戸深度,採水標高,気温,水温,湧出量,水質（外観臭味）,ｐＨ,ＲｐＨ,Ｒｎ(マッヘ),比重,密度,蒸発残留物,電気伝導度,水比抵抗,ＥＨ,ＫＭｎＯ４消費,Ｈ＋,Ｌｉ＋,Na＋,Ｋ＋,Ｒｂ＋,Ｃｓ＋,ＮＨ４＋,Ｍｇ２＋,Ｃａ２＋,Ｓｒ２＋,Ｂａ２＋,Ａｌ３＋,Ｍｎ２＋,Ｆｅ２＋,Ｆｅ３＋,Ｔ−Ｆｅ,Ｃｕ２＋,Ｚｎ２＋,Ｐｂ２＋,Ｓｉ４＋,Ｆ−,Ｃｌ−,Ｂｒ−,I−,OH−,ＮＯ２−,ＮＯ３−,ＨＳ−,Ｓ２Ｏ３2−,ＨＳＯ４−,ＳＯ４２−,ＳＯ３２−,Ｈ２ＰＯ４−,ＨＰＯ４２−,ＰＯ４３−,ＨＣＯ３−,ＣＯ３２−,ＨＳｉＯ３−,ＳｉＯ３２−,ＢＯ２−,Ｈ２ＳＯ４,Ｈ３ＰＯ４,ＨＡｓＯ２,ＡｓＯ２-,ＳｉO２,Ｈ２ＳｉＯ３,ＨＢＯ２,dis.O2,free H2S,free CO2,Ｔ−ＣＯ２,Ｔ−Ａｓ,Ｔ−Ｈｇ,Ｔ−Ｐ,Ｔ−Ｂ,単位,調査日,文献名
福岡県,久留米市,130,30,50,33,19,30,,井戸,用水,,,,19.6,,,7.5,7.7,,,,,,,,5.6,,,128,7.3,,,0.9,4.3,11.6,,,,,0.1,0,,,,,,,45.2,,,,0,,,,,5,,,,,262.9,,,,,,,,,59.4,,,,,6.2,,,,0.15,,,1960/1,"筑後川下流平野の地下水,地調月報,1961"
福岡県,久留米市,130,30,30,33,18,30,,井戸,用水,,,,20.9,,,7.4,7.5,,,,,,,,9.1,,,35.3,4.5,,,0.4,3.7,7.3,,,,,0.1,0.03,,,,,,,15.6,,,,0,,,,,0,,,,,91.5,,,,,,,,,65.4,,,,,3.5,,,,0.24,,,1960/1,"筑後川下流平野の地下水,地調月報,1961"
福岡県,久留米市,130,30,20,33,16,0,,井戸,用水,,,,18.4,,,6.9,7.3,,,,,,,,0.8,,,9.4,2.4,,,0.1,4.7,10.2,,,,,0,0.05,,,,,,,7.7,,,,0,,,,,2,,,,,54.2,,,,,,,,,53.4,,,,,6.2,,,,0.15,,,1960/1,"筑後川下流平野の地下水,地調月報,1961"
福岡県,大川市,130,22,50,33,12,10,,井戸,用水,,,,26.4,,,7.5,7.7,,,,,,,,19.2,,,120.2,15.8,,,2.5,10.5,13.7,,,,,0.08,0,,,,,,,78.7,,,,0,,,,,1,,,,,248.8,,,,,,,,,80,,,,,7.1,,,,0.22,,,1960/1,"筑後川下流平野の地下水,地調月報,1961"
福岡県,柳川市,130,22,40,33,10,0,,井戸,用水,,,,24.7,,,7.4,7.8,,,,,,,,3,,,29.2,11.2,,,1.6,13,20.1,,,,,0.06,0.02,,,,,,,22.4,,,,0,,,,,1,,,,,158.6,,,,,,,,,76,,,,,6.2,,,,0.16,,,1960/1,"筑後川下流平野の地下水,地調月報,1961"
福岡県,大和町,130,26,0,33,7,10,,井戸,用水,150,,,19.4,,,7.3,7.8,,,,,,,,3.1,,,51.8,6.2,,,0.1,51,99.1,,,,,0.1,0.03,,,,,,,75.4,,,,0,,,,,1,,,,,622.2,,,,,,,,,46.6,,,,,,,,,0.02,,,1960/1,"筑後川下流平野の地下水,地調月報,1961"
福岡県,１坑　スイタ層上,,,,,,,,坑道,坑道湧水,,24,5,11,0.1388888888888889,,6.4,,,,,,,,,7.7,,,48,2.4,,,0.16,18.3,47.2,,,,,,,0.07,,,,,,21.3,,,,,,,,,210,,,,,77,,,,,,,,,,,,,,10.6,,,,,,,1960-01-20 00:00:00,"筑豊炭田赤池炭鉱における炭田ガスの調査研究報告,地調月報,1963"
福岡県,１坑　３尺層上,,,,,,,,坑道,坑道湧水,,-3,6.5,14.5,,,7.2,,,,,,,,,19,,,120,8.4,,,0.13,5.5,86.1,,,,,,,0.03,,,,,,46.3,,,,,,,,,80,,,,,439,,,,,,,,,,,,,,6.8,,,,,,,1960-01-20 00:00:00,"筑豊炭田赤池炭鉱における炭田ガスの調査研究報告,地調月報,1963"
福岡県,１坑　４枚層下５ｍ,,,,,,,,坑道,坑道湧水,,-62,,14.5,,,7.8,,,,,,,,,11,,,89,7,,,0.1,22.3,118.1,,,,,,,0.04,,,,,,41.1,,,,,,,,,405,,,,,158,,,,,,,,,,,,,,6.4,,,,,,,1960-01-20 00:00:00,"筑豊炭田赤池炭鉱における炭田ガスの調査研究報告,地調月報,1963"
福岡県,１坑　４尺層上,,,,,,,,坑道,坑道湧水,,-124,18,21,0.2083333333333333,,7.4,,,,,,,,,13.5,,,150,6.6,,,0.21,3.2,90.6,,,,,,,0.03,,,,,,34,,,,,,,,,336,,,,,293,,,,,,,,,,,,,,6,,,,,,,1960-01-20 00:00:00,"筑豊炭田赤池炭鉱における炭田ガスの調査研究報告,地調月報,1963"
福岡県,２坑　３尺層上,,,,,,,,坑道,坑道湧水,,-18,14.5,16,0.2083333333333333,,6.9,,,,,,,,,16.1,,,76,3.5,,,0.13,20.8,139.4,,,,,,,0.13,,,,,,41.1,,,,,,,,,142,,,,,512,,,,,,,,,,,,,,16.4,,,,,,,1960-01-20 00:00:00,"筑豊炭田赤池炭鉱における炭田ガスの調査研究報告,地調月報,1963"
福岡県,３坑　３尺層上,,,,,,,,坑道,坑道湧水,,-260,13,18,1.944444444444444,,7.6,,,,,,,,,16.5,,,110,1.6,,,0.1,3.1,8.4,,,,,,,,,,,,,30.8,,,,,,,,,0,,,,,290,,,,,,,,,,,,,,,,,,,,,1960-01-20 00:00:00,"筑豊炭田赤池炭鉱における炭田ガスの調査研究報告,地調月報,1963"
福岡県,３坑,,,,,,,,坑道,坑道湧水,,-255,22,21,0.3472222222222222,,,,,,,,,,,7,,,210,3.7,,,0.13,9.9,42.7,,,,,,,0.02,,,,,,29.1,,,,,,,,,291,,,,,329,,,,,,,,,,,,,,,,,,,,,1960-01-20 00:00:00,"筑豊炭田赤池炭鉱における炭田ガスの調査研究報告,地調月報,1963"
福岡県,３坑　７ヘダ層上,,,,,,,,坑道,坑道湧水,,-240,10,18,7.222222222222222,,7.8,,,,,,,,,15.9,,,57,1.7,,,0.1,2.2,12.1,,,,,,,0.05,,,,,,25.2,,,,,,,,,50,,,,,260,,,,,,,,,,,12.3,,,,,,,,,,1960-01-20 00:00:00,"筑豊炭田赤池炭鉱における炭田ガスの調査研究報告,地調月報,1963"
福岡県,３坑　底石層上85ｍ,,,,,,,,坑道,坑道湧水,,-80,15,18.5,29.86111111111111,,8.2,,,,,,,,,14.9,,,110,1,,,0.1,2.4,9.3,,,,,,,,,,,,,23.8,,,,,,,,,40,,,,,240,,,,,,,,,,,9.4,,,,,,,,,,1960-01-20 00:00:00,"筑豊炭田赤池炭鉱における炭田ガスの調査研究報告,地調月報,1963"
福岡県,３坑　３尺層上27ｍ,,,,,,,,坑道,坑道湧水,,-215,21.5,22,0.3472222222222222,,,,,,,,,,,8,,,470,1.5,,,0.09,1.5,3.8,,,,,,,0.02,,,,,,28.4,,,,,,,,,610,,,,,488,,,,,,,,,,,,,,,,,,,,,1960-01-20 00:00:00,"筑豊炭田赤池炭鉱における炭田ガスの調査研究報告,地調月報,1963"
福岡県,３坑　４枚層上,,,,,,,,坑道,坑道湧水,,-268,17.6,22,0.9722222222222222,,8,,,,,,,,,24,,,580,3.3,,,0.17,2,10.7,,,,,,,0.09,,,,,,19.9,,,,,,,,,86,,,,,1440,26.3,,,,,,,,,,,,,,,,,,,,1960-01-20 00:00:00,"筑豊炭田赤池炭鉱における炭田ガスの調査研究報告,地調月報,1963"
福岡県,３坑　７ヘダ層上３ｍ,,,,,,,,坑道,坑道湧水,,-260,19.2,17.8,0.5555555555555556,,8.6,,,,,,,,,21.3,,,200,0.7,,,0,0.9,2,,,,,,,,,,,,,22.4,,,,,,,,,25,,,,,430,34.4,,,,,,,,,,11.3,,,,,,,,,,1960-01-20 00:00:00,"筑豊炭田赤池炭鉱における炭田ガスの調査研究報告,地調月報,1963"
福岡県,３坑　７ヘダ層上７ｍ,,,,,,,,坑道,坑道湧水,,-305,16.2,20,9.027777777777779,,8.7,,,,,,,,,20.4,,,190,0.6,,,0.1,0.9,2,,,,,,,,,,,,,22.4,,,,,,,,,60,,,,,360,26.4,,,,,,,,,,10.9,,,,,,,,,,1960-01-20 00:00:00,"筑豊炭田赤池炭鉱における炭田ガスの調査研究報告,地調月報,1963"
福岡県,３坑　山張層上40ｍ,,,,,,,,坑道,坑道湧水,,-275,27,26,54.16666666666667,,8.8,,,,,,,,,16.3,,,160,0.6,,,0.1,0.9,1.3,,,,,,,,,,,,,14,,,,,,,,,53,,,,,280,34.4,,,,,,,,,,5.2,,,,,,,,,,1960-01-20 00:00:00,"筑豊炭田赤池炭鉱における炭田ガスの調査研究報告,地調月報,1963"
福岡県,３坑　４尺層下７ｍ,,,,,,,,坑道,坑道湧水,,-390,15.9,15.1,1.805555555555556,,8.6,,,,,,,,,18.2,,,430,1.8,,,0.15,2.3,2.8,,,,,,,0.05,,,,,,28,,,,,,,,,5,,,,,1010,45.6,,,,,,,,,,9.4,,,,,,,,,,1960-01-20 00:00:00,"筑豊炭田赤池炭鉱における炭田ガスの調査研究報告,地調月報,1963"
福岡県,３坑　３尺層上,,,,,,,,坑道,坑道湧水,,-300,15,16,0.4861111111111111,,8.4,,,,,,,,,17.5,,,180,0.8,,,0,0.6,2.8,,,,,,,0.05,,,,,,18.2,,,,,,,,,30,,,,,360,12,,,,,,,,,,14.2,,,,,,,,,,1960-01-20 00:00:00,"筑豊炭田赤池炭鉱における炭田ガスの調査研究報告,地調月報,1963"
福岡県,３坑　４尺層上,,,,,,,,坑道,坑道湧水,,-375,16.5,20,1.388888888888889,,8.3,,,,,,,,,24.3,,,780,3.6,,,0,3.4,11.2,,,,,,,0.05,,,,,,20,,,,,,,,,5,,,,,1790,14.4,,,,,,,,,,14.6,,,,,,,,,,1960-01-20 00:00:00,"筑豊炭田赤池炭鉱における炭田ガスの調査研究報告,地調月報,1963"
福岡県,３坑　４尺層上,,,,,,,,坑道,坑道湧水,,-420,20,27,2.708333333333333,,8.2,,,,,,,,,36.5,,,810,3.6,,,0.2,1.6,2.6,,,,,,,,,,,,,25.2,,,,,,,,,60,,,,,1980,,,,,,,,,,,,,,,,,,,,,1960-01-20 00:00:00,"筑豊炭田赤池炭鉱における炭田ガスの調査研究報告,地調月報,1963"
福岡県,３坑　４尺層上,,,,,,,,坑道,坑道湧水,,-430,22.5,28.5,18.05555555555556,,8,,,,,,,,,32.2,,,990,8.9,,,0.45,11.4,39.8,,,,,,,0.07,,,,,,25.2,,,,,,,,,362,,,,,2150,30,,,,,,,,,,16,,,,,,,,,,1960-01-20 00:00:00,"筑豊炭田赤池炭鉱における炭田ガスの調査研究報告,地調月報,1963"
福岡県,３坑　３尺層上,,,,,,,,坑道,坑道湧水,,-430,22.3,28.5,34.72222222222222,,7.8,,,,,,,,,38.6,,,580,3.8,,,0,1.9,7.2,,,,,,,,,,,,,23.6,,,,,,,,,66,,,,,1320,,,,,,,,,,,,,,,,,,,,,1960-01-20 00:00:00,"筑豊炭田赤池炭鉱における炭田ガスの調査研究報告,地調月報,1963"
福岡県,３坑　３尺層上,,,,,,,,坑道,坑道湧水,,-450,,,,,7.9,,,,,,,,,,,,520,2,,,0.22,1.5,4.4,,,,,,,,,,,,,23.8,,,,,,,,,41,,,,,1244,,,,,,,,,,,,,,4,,,,,,,1960-01-20 00:00:00,"筑豊炭田赤池炭鉱における炭田ガスの調査研究報告,地調月報,1963"
福岡県,３坑　４枚層,,,,,,,,坑道,坑道湧水,,-452,,,,,7.9,,,,,,,,,24,,,1000,6.6,,,0.8,10.4,63.9,,,,,,,,,,,,,25.6,,,,,,,,,1310,,,,,1200,,,,,,,,,,,10.9,,,16,,,,,,,1960-01-20 00:00:00,"筑豊炭田赤池炭鉱における炭田ガスの調査研究報告,地調月報,1963"
福岡県,３坑　３尺層上,,,,,,,,坑道,坑道湧水,,-450,23,25,,,8.6,,,,,,,,,17.1,,,270,4.4,,,0.1,0.7,0.9,,,,,,,0.07,,,,,,20,,,,,,,,,30,,,,,740,66,,,,,,,,,,,,,,,,,,,,1960-01-20 00:00:00,"筑豊炭田赤池炭鉱における炭田ガスの調査研究報告,地調月報,1963"
福岡県,３坑　４枚層上,,,,,,,,坑道,坑道湧水,,-472,26,31,1.388888888888889,,8.2,,,,,,,,,26.6,,,1500,9.7,,,0.44,13.9,21.3,,,,,,,0.19,,,,,,27.7,,,,,,,,,1900,,,,,1590,25,,,,,,,,,,20.3,,,,,,,,,,1960-01-20 00:00:00,"筑豊炭田赤池炭鉱における炭田ガスの調査研究報告,地調月報,1963"
福岡県,３坑　スイタ層上３ｍ,,,,,,,,坑道,坑道湧水,,-520,22,25,4.513888888888889,,8,,,,,,,,,46.5,,,1300,4.7,,,0.2,3.5,4.1,,,,,,,0.2,,,,,,30.8,,,,,,,,,100,,,,,3140,12,,,,,,,,,,17.5,,,,,,,,,,1960-01-20 00:00:00,"筑豊炭田赤池炭鉱における炭田ガスの調査研究報告,地調月報,1963"
福岡県,３坑　スイタ層上３ｍ,,,,,,,,坑道,坑道湧水,,-535,25.5,27,1.180555555555556,,8.8,,,,,,,,,15.9,,,470,1.3,,,0.3,0.5,1.5,,,,,,,0.07,,,,,,392,,,,,,,,,0,,,,,550,50,,,,,,,,,,16,,,,,,,,,,1960-01-20 00:00:00,"筑豊炭田赤池炭鉱における炭田ガスの調査研究報告,地調月報,1963"
福岡県,３坑　スイタ層上３ｍ,,,,,,,,坑道,坑道湧水,,-545,26.5,27.5,4.513888888888889,,8.5,,,,,,,,,18.8,,,550,1.3,,,0,1,2,,,,,,,0.05,,,,,,473.2,,,,,,,,,0,,,,,560,60,,,,,,,,,,22.7,,,,,,,,,,1960-01-20 00:00:00,"筑豊炭田赤池炭鉱における炭田ガスの調査研究報告,地調月報,1963"
福岡県,３坑　山張層上４ｍ,,,,,,,,坑道,坑道湧水,,-520,20,28,2.986111111111111,,7.9,,,,,,,,,40.5,,,1200,5.3,,,0.5,2.4,7.9,,,,,,,0.03,,,,,,80,,,,,,,,,250,,,,,2900,24,,,,,,,,,,,,,,,,,,,,1960-01-20 00:00:00,"筑豊炭田赤池炭鉱における炭田ガスの調査研究報告,地調月報,1963"
福岡県,３坑　３尺層上,,,,,,,,坑道,坑道湧水,,-480,,,,,9,,,,,,,,,,,,332,1.6,,,0.59,,1,,,,,,,,,,,,,215.6,,,,,,,,,8,,,,,450,72,,,,,,,,,,,,,,,,,,,,1960-01-20 00:00:00,"筑豊炭田赤池炭鉱における炭田ガスの調査研究報告,地調月報,1963"
福岡県,３坑　３尺層上,,,,,,,,坑道,坑道湧水,,-625,23.5,29.5,9.027777777777779,,8.8,,,,,,,,,17.8,,,425,1.3,,,,0.5,1.6,,,,,,,0.05,,,,,,425.6,,,,,,,,,0,,,,,360,34,,,,,,,,,,,,,,,,,,,,1960-01-20 00:00:00,"筑豊炭田赤池炭鉱における炭田ガスの調査研究報告,地調月報,1963"
福岡県,３坑　３尺層上,,,,,,,,坑道,坑道湧水,,-615,,,,,8.6,,,,,,,,,32.9,,,640,2.8,,,0.45,1.5,3,,,,,,,0.13,,,,,,187.4,,,,,,,,,159,,,,,1170,58,,,,,,,,,,,,,,,,,,,,1960-01-20 00:00:00,"筑豊炭田赤池炭鉱における炭田ガスの調査研究報告,地調月報,1963"
福岡県,３坑　３尺層上,,,,,,,,坑道,坑道湧水,,-670,25,30,0.1388888888888889,,7.9,,,,,,,,,34.1,,,1000,3.7,,,,2.4,4.2,,,,,,,0.05,,,,,,93,,,,,,,,,5,,,,,2350,,,,,,,,,,,,,,16,,,,,,,1960-01-20 00:00:00,"筑豊炭田赤池炭鉱における炭田ガスの調査研究報告,地調月報,1963"
福岡県,３坑　３尺層上,,,,,,,,坑道,坑道湧水,,-675,,26,,,8.2,,,,,,,,,,,,1165,3.6,,,0.48,1.1,3.7,,,,,,,0.02,,,,,,103,,,,,,,,,5,,,,,2780,30,,,,,,,,,,11.3,,,,,,,,,,1960-01-20 00:00:00,"筑豊炭田赤池炭鉱における炭田ガスの調査研究報告,地調月報,1963"
福岡県,３坑　４枚層下６ｍ,,,,,,,,坑道,坑道湧水,,-600,24.7,26,18.05555555555556,,8.2,,,,,,,,,19.8,,,470,2.3,,,0.3,1.7,3.5,,,,,,,,,,,,,90.6,,,,,,,,,35,,,,,1010,44,,,,,,,,,,,,,,,,,,,,1960-01-20 00:00:00,"筑豊炭田赤池炭鉱における炭田ガスの調査研究報告,地調月報,1963"
福岡県,３坑　４枚層下,,,,,,,,坑道,坑道湧水,,-610,,,,,8.6,,,,,,,,,29.8,,,650,7.7,,,0.12,2,1.5,,,,,,,,,,,,,198.8,,,,,,,,,210,,,,,1100,58,,,,,,,,,,13.7,,,,,,,,,,1960-01-20 00:00:00,"筑豊炭田赤池炭鉱における炭田ガスの調査研究報告,地調月報,1963"
福岡県,３坑　３尺層上,,,,,,,,坑道,坑道湧水,,-670,25.8,27.1,0.4166666666666667,,8.4,,,,,,,,,19.6,,,670,3.2,,,0.1,1.1,3.9,,,,,,,0.1,,,,,,70,,,,,,,,,60,,,,,1510,13,,,,,,,,,,,,,,,,,,,,1960-01-20 00:00:00,"筑豊炭田赤池炭鉱における炭田ガスの調査研究報告,地調月報,1963"
福岡県,３坑　４尺層上,,,,,,,,坑道,坑道湧水,,-642,,,,,8.6,,,,,,,,,18.2,,,625,2.5,,,0.07,0.5,3.1,,,,,,,0.09,,,,,,207.3,,,,,,,,,165,,,,,1050,62,,,,,,,,,,10.9,,,,,,,,,,1960-01-20 00:00:00,"筑豊炭田赤池炭鉱における炭田ガスの調査研究報告,地調月報,1963"
福岡県,３坑　４尺層上７ｍ,,,,,,,,坑道,坑道湧水,,-460,23.5,23,,,8.2,,,,,,,,,24.8,,,560,3.7,,,0.3,3.4,9.1,,,,,,,0.07,,,,,,49.7,,,,,,,,,160,,,,,1200,,,,,,,,,,,10.9,,,,,,,,,,1960-01-20 00:00:00,"筑豊炭田赤池炭鉱における炭田ガスの調査研究報告,地調月報,1963"
福岡県,３坑　４尺層上,,,,,,,,坑道,坑道湧水,,-520,26.5,30,6.111111111111112,,8.1,,,,,,,,,39.8,,,900,6.4,,,0.4,2.5,13,,,,,,,0.2,,,,,,198.8,,,,,,,,,237,,,,,1920,,,,,,,,,,,16,,,,,,,,,,1960-01-20 00:00:00,"筑豊炭田赤池炭鉱における炭田ガスの調査研究報告,地調月報,1963"
福岡県,３坑　３尺層上,,,,,,,,坑道,坑道湧水,,-550,,,,,8.1,,,,,,,,,,,,942,7.3,,,0.27,4,7.4,,,,,,,,,,,,,198.9,,,,,,,,,75,,,,,2030,34,,,,,,,,,,,,,,,,,,,,1960-01-20 00:00:00,"筑豊炭田赤池炭鉱における炭田ガスの調査研究報告,地調月報,1963"
福岡県,３坑　３尺層上,,,,,,,,坑道,坑道湧水,,-580,22.5,28,54.16666666666667,,8.7,,,,,,,,,16.9,,,280,0.8,,,0.25,1.2,2.3,,,,,,,,,,,,,196,,,,,,,,,20,,,,,430,22,,,,,,,,,,10.9,,,,,,,,,,1960-01-20 00:00:00,"筑豊炭田赤池炭鉱における炭田ガスの調査研究報告,地調月報,1963"
福岡県,３坑　３尺層上,,,,,,,,坑道,坑道湧水,,-590,,,,,8.9,,,,,,,,,,,,250,2,,,0.05,,1.3,,,,,,,0.05,,,,,,120.4,,,,,,,,,18,,,,,300,58,,,,,,,,,,,,,,,,,,,,1960-01-20 00:00:00,"筑豊炭田赤池炭鉱における炭田ガスの調査研究報告,地調月報,1963"
福岡県,３坑　７ヘダ層上,,,,,,,,坑道,坑道湧水,,-610,23,23,9.027777777777779,,8.7,,,,,,,,,13.8,,,330,1.2,,,0.15,1.8,1.8,,,,,,,0.07,,,,,,220.5,,,,,,,,,,,,,,500,12,,,,,,,,,,10.4,,,,,,,,,,1960-01-20 00:00:00,"筑豊炭田赤池炭鉱における炭田ガスの調査研究報告,地調月報,1963"
福岡県,３坑　４尺層上７ｍ,,,,,,,,坑道,坑道湧水,,-600,24,30.3,,,8,,,,,,,,,28.3,,,710,5,,,0.16,1.1,3.4,,,,,,,0.1,,,,,,148.4,,,,,,,,,164,,,,,1390,,,,,,,,,,,,,,,,,,,,,1960-01-20 00:00:00,"筑豊炭田赤池炭鉱における炭田ガスの調査研究報告,地調月報,1963"
福岡県,３坑　７ヘダ層上25ｍ,,,,,,,,坑道,坑道湧水,,-390,27,26,5.555555555555555,,8.6,,,,,,,,,15.7,,,220,0.6,,,0.1,1.3,1.3,,,,,,,0.05,,,,,,28,,,,,,,,,35,,,,,410,60,,,,,,,,,,8.5,,,,,,,,,,1960-01-20 00:00:00,"筑豊炭田赤池炭鉱における炭田ガスの調査研究報告,地調月報,1963"
福岡県,３坑　山張層上10ｍ,,,,,,,,坑道,坑道湧水,,-390,26,25.3,13.88888888888889,,8.3,,,,,,,,,17.4,,,590,3.3,,,0.48,2,3.7,,,,,,,0.1,,,,,,23.8,,,,,,,,,117,,,,,1010,20,,,,,,,,,,8,,,,,,,,,,1960-01-20 00:00:00,"筑豊炭田赤池炭鉱における炭田ガスの調査研究報告,地調月報,1963"
福岡県,３坑　山張層上15ｍ,,,,,,,,坑道,坑道湧水,,-390,27,26.5,13.88888888888889,,8.7,,,,,,,,,17.2,,,120,0.6,,,0.22,1.2,2,,,,,,,0.04,,,,,,28,,,,,,,,,35,,,,,200,64,,,,,,,,,,,,,,,,,,,,1960-01-20 00:00:00,"筑豊炭田赤池炭鉱における炭田ガスの調査研究報告,地調月報,1963"
福岡県,３坑　７ヘダ層上12ｍ,,,,,,,,坑道,坑道湧水,,-390,27.5,26.3,34.72222222222222,,8.7,,,,,,,,,17.3,,,310,1.4,,,,1.3,1.2,,,,,,,0.05,,,,,,26,,,,,,,,,45,,,,,450,90,,,,,,,,,,7.6,,,,,,,,,,1960-01-20 00:00:00,"筑豊炭田赤池炭鉱における炭田ガスの調査研究報告,地調月報,1963"
福岡県,３坑　山張層上,,,,,,,,坑道,坑道湧水,,-390,23.8,22,17.36111111111111,,8.7,,,,,,,,,18.1,,,300,0.9,,,0.1,0.6,1.7,,,,,,,,,,,,,32,,,,,,,,,127,,,,,560,24,,,,,,,,,,,,,,,,,,,,1960-01-20 00:00:00,"筑豊炭田赤池炭鉱における炭田ガスの調査研究報告,地調月報,1963"
福岡県,４坑　底石層上,,,,,,,,坑道,坑道湧水,,-177,,,,,8.6,,,,,,,,,6.4,,,248,1,,,0.15,1,2.3,,,,,,,0.02,,,,,,17,,,,,,,,,155,,,,,390,48,,,,,,,,,,,,,,,,,,,,1960-01-20 00:00:00,"筑豊炭田赤池炭鉱における炭田ガスの調査研究報告,地調月報,1963"
福岡県,４坑　底石層上,,,,,,,,坑道,坑道湧水,,-177,,,,,8.8,,,,,,,,,6.8,,,248,8,,,0.16,1.5,0.8,,,,,,,0.02,,,,,,19.1,,,,,,,,,145,,,,,390,60,,,,,,,,,,,,,,,,,,,,1960-01-20 00:00:00,"筑豊炭田赤池炭鉱における炭田ガスの調査研究報告,地調月報,1963"
福岡県,４坑　底石層上８ｍ,,,,,,,,坑道,坑道湧水,,-300,22,22,35.41666666666667,,8.9,,,,,,,,,19.4,,,280,0.7,,,0.2,0.5,1,,,,,,,0.05,,,,,,14,,,,,,,,,40,,,,,580,66,,,,,,,,,,,,,,,,,,,,1960-01-20 00:00:00,"筑豊炭田赤池炭鉱における炭田ガスの調査研究報告,地調月報,1963"
福岡県,４坑　底石層上,,,,,,,,坑道,坑道湧水,,-450,23,24.5,9.027777777777779,,8.3,,,,,,,,,19.5,,,370,1.3,,,0.1,0.8,1.3,,,,,,,,,,,,,14,,,,,,,,,40,,,,,810,8,,,,,,,,,,,,,,,,,,,,1960-01-20 00:00:00,"筑豊炭田赤池炭鉱における炭田ガスの調査研究報告,地調月報,1963"
福岡県,４坑　底石層上,,,,,,,,坑道,坑道湧水,,-450,24,26,22.91666666666667,,8.5,,,,,,,,,19.7,,,460,0.3,,,0.1,0.9,1.3,,,,,,,,,,,,,14.8,,,,,,,,,0,,,,,980,9,,,,,,,,,,17,,,,,,,,,,1960-01-20 00:00:00,"筑豊炭田赤池炭鉱における炭田ガスの調査研究報告,地調月報,1963"
福岡県,４坑　底石層上,,,,,,,,坑道,坑道湧水,,-470,24,25.5,0.2777777777777778,,8.6,,,,,,,,,19.4,,,525,2,,,0.12,3,7.6,,,,,,,0.11,,,,,,162.5,,,,,,,,,7,,,,,1360,16,,,,,,,,,,,,,,,,,,,,1960-01-20 00:00:00,"筑豊炭田赤池炭鉱における炭田ガスの調査研究報告,地調月報,1963"
福岡県,４坑　底石層上10ｍ,,,,,,,,坑道,坑道湧水,,-450,23,25,0.5555555555555556,,8.5,,,,,,,,,21.4,,,430,1.4,,,0.1,0.9,1.3,,,,,,,0.1,,,,,,44.8,,,,,,,,,40,,,,,1000,22,,,,,,,,,,12.7,,,,,,,,,,1960-01-20 00:00:00,"筑豊炭田赤池炭鉱における炭田ガスの調査研究報告,地調月報,1963"
福岡県,４坑　底石層上,,,,,,,,坑道,坑道湧水,,-450,22.5,25.7,0.3472222222222222,,8.5,,,,,,,,,22,,,460,1.1,,,0.18,1.3,1.3,,,,,,,0.07,,,,,,50.4,,,,,,,,,5,,,,,1080,24,,,,,,,,,,,,,,,,,,,,1960-01-20 00:00:00,"筑豊炭田赤池炭鉱における炭田ガスの調査研究報告,地調月報,1963"
福岡県,４坑　底石層上,,,,,,,,坑道,坑道湧水,,-470,23.2,28,12.98611111111111,,9.2,,,,,,,,,16,,,395,1.5,,,0.17,0.5,1.5,,,,,,,,,,,,,481.8,,,,,,,,,13,,,,,330,76,,,,,,,,,,,,,,,,,,,,1960-01-20 00:00:00,"筑豊炭田赤池炭鉱における炭田ガスの調査研究報告,地調月報,1963"
福岡県,行橋市,130,58,20,33,43,10,,井戸,用水,36,,,18,,Ｈ2Ｓ臭僅かに,6.6,7.4,,,,,,,,4.82,,,14.1,3.3,,,3.3,9.2,21,,,,0.9,5.06,,5.06,,,,,,7.1,,,,0,,,,,49.8,,,,,,,,,,,,,,45,,,,,,,,,0,,,1963-02-04 00:00:00,"大分・福岡県周防灘南岸地域における工業用地下水源,地調月報,1964"
福岡県,行橋市,130,58,40,33,42,20,,井戸,用水,50,,,17.8,,,7.1,7.9,,,,,,,,0.43,,,9.5,1.6,,,,6.8,22,,,,0,0.12,,0.15,,,,,,6.5,,,,0,,,,,2.7,,,,,,,,,,,,,,52,,,,,,,,,0.05,,,1963-02-04 00:00:00,"大分・福岡県周防灘南岸地域における工業用地下水源,地調月報,1964"
福岡県,行橋市,130,58,30,33,42,10,,井戸,用水,4,,,17.2,,,6.6,7.8,,,,,,,,0.43,,,9.6,1.5,,,0.07,6.7,24.9,,,,0,0.19,,0.35,,,,,,9.4,,,,0,,,,,28.8,,,,,,,,,,,,,,38.1,,,,,,,,,0.05,,,1963-02-04 00:00:00,"大分・福岡県周防灘南岸地域における工業用地下水源,地調月報,1964"
福岡県,行橋市,130,59,20,33,43,40,,湧泉,用水,,,,6.9,,,7.1,7.4,,,,,,,,0.69,,,7.2,1.3,,,0.09,1.9,9.2,,,,0,0.09,,0.14,,,,,,9,,,,0,,,,,10,,,,,,,,,,,,,,16,,,,,,,,,0,,,1963-02-04 00:00:00,"大分・福岡県周防灘南岸地域における工業用地下水源,地調月報,1964"
福岡県,豊前市,131,7,40,33,36,50,,井戸,用水,91,,,18.5,,,7.7,7.8,,,,,,,,0.42,,,10.3,3.6,,,0.07,10.8,16.5,,,,0,0.03,,0.07,,,,,,12.7,,,,0,,,,,8.7,,,,,,,,,,,,,,64.5,,,,,,,,,0.06,,,1963-02-04 00:00:00,"大分・福岡県周防灘南岸地域における工業用地下水源,地調月報,1964"
福岡県,豊前市,131,9,20,33,35,20,,湧泉,用水,,,,8.2,,,6.8,7.1,,,,,,,,0.54,,,4,1.1,,,0.14,2.3,7.3,,,,0,,,0.16,,,,,,6.7,,,,0.03,,,,,7.2,,,,,,,,,,,,,,22.5,,,,,,,,,0,,,1963-02-04 00:00:00,"大分・福岡県周防灘南岸地域における工業用地下水源,地調月報,1964"
福岡県,豊前市,131,8,20,33,36,50,,井戸,用水,73,,,17.9,,,7.4,8,,,,,,,,0.8,,,22.5,5.6,,,0.07,50,68.6,,,,0,0.05,,0.07,,,,,,213.8,,,,0,,,,,24.2,,,,,,,,,,,,,,60,,,,,,,,,0.07,,,1963-02-04 00:00:00,"大分・福岡県周防灘南岸地域における工業用地下水源,地調月報,1964"
福岡県,豊前市,131,8,40,33,37,10,,井戸,用水,105,,,20.8,,,7.5,7.8,,,,,,,,0.53,,,12.3,7.6,,,,8.6,11.8,,,,0,0.13,,0.17,,,,,,15.3,,,,0,,,,,4.8,,,,,,,,,,,,,,75,,,,,,,,,0.1,,,1963-02-04 00:00:00,"大分・福岡県周防灘南岸地域における工業用地下水源,地調月報,1964"
福岡県,二日市,130,31,1,33,29,16,,不明,温泉・鉱泉,,,,35.8,,,8.5,,18.74,,,501.9,,,,,,,179.6,2.519,,,,0.57,14.5,,,0.582,,,,0.484,,,,,,172.5,,,2.218,,,0.55,,,37.1,,,,,124.6,25.23,13.82,,7.222,,,0.023,0.063,,50.55,2.055,,0.002,1.282,,,,,,mg/kg,,"福岡県における温泉の泉質調査,福岡県衛生研究所報,1965"
福岡県,志波・原鶴,130,46,54,33,20,55,,不明,温泉・鉱泉,,,,46.2,,,8.4,,2.5,,,595.4,,,,,,,233.8,1.915,,,,1.084,4.954,,,0.199,,,,0.235,,,,,,134.3,,,2.495,,,0.537,,,5.012,,,,,323.9,27.01,4.109,,12.06,,,0.017,0.017,,50.7,14.87,,0.013,0.256,,,,,,mg/kg,,"福岡県における温泉の泉質調査,福岡県衛生研究所報,1965"
福岡県,古川,130,48,40,33,21,22,,不明,温泉・鉱泉,,,,32.2,,,8.8,,5.64,,,180.4,,,,,,,43.1,4.419,,,,0.591,6.863,,,0.02,,,,0.042,,,,,,18.73,,,3.557,,,0.274,,,9.019,,,,,71.93,7.323,1.981,0.001,0.114,,,0.057,0.066,,27.72,0.463,,,0.516,,,,,,mg/kg,,"福岡県における温泉の泉質調査,福岡県衛生研究所報,1965"
福岡県,千年,130,46,44,33,20,50,,不明,温泉・鉱泉,,,,41.5,,,8.1,,0.46,,,687.2,,,,,,,228.8,4.993,,,0.312,10.09,27.97,,,0.335,,,,0.166,,,,,,87.32,,,0.206,,,,,,1.144,,,,,551.9,13.73,1.725,0.004,6.093,,,,,,73.49,7.231,,,9.66,,,,,,mg/kg,,"福岡県における温泉の泉質調査,福岡県衛生研究所報,1965"
福岡県,田島,130,30,29,33,10,49,,不明,温泉・鉱泉,,,,18.6,,,5.5,,,,,257.6,,,,,,,16.56,2.418,,,0.087,11.8,24.94,,,1.186,,,,8.04,,,,,,14.09,,,,,,,,,24.91,,,,,162.7,,,,17.03,,,,,,47.93,1.756,,0.375,1511.9,,,,,,mg/kg,,"福岡県における温泉の泉質調査,福岡県衛生研究所報,1965"
福岡県,朝倉郡長渕,130,42,30,33,22,0,,井戸,用水,5,,,23.6,,,6.1,6.6,,,,,,,,0.67,,,7.9,3.7,,,0.3,3.2,14.8,,,,0,0.08,,0.08,,,,,,10.6,,,,0,,,,,16,,,,,,,,,,,,,,40.3,,,,,,,,,,,,1964-11-04 00:00:00,"佐賀・福岡県筑後平野東部地域における工業用地下水源,地調月報,1966"
福岡県,朝倉郡立出,130,41,50,33,22,50,,井戸,用水,4.5,,,19.1,,,6.2,6.8,,,,,,,,0.68,,,9.4,3,,,0.3,6.6,23.7,,,,0,0.03,,0.03,,,,,,12.1,,,,0,,,,,32,,,,,,,,,,,,,,52.4,,,,,,,,,,,,1964-11-04 00:00:00,"佐賀・福岡県筑後平野東部地域における工業用地下水源,地調月報,1966"
福岡県,甘木市牛鶴,130,41,40,33,23,50,,井戸,用水,3.6,,,19.2,,,5.8,6.5,,,,,,,,0.53,,,5.1,2,,,0.2,2,14.7,,,,0,0,,0,,,,,,6.4,,,,,,,,,12.7,,,,,,,,,,,,,,15.1,,,,,,,,,,,,1964-11-04 00:00:00,"佐賀・福岡県筑後平野東部地域における工業用地下水源,地調月報,1966"
福岡県,浮羽郡田主丸,130,41,20,33,20,30,,井戸,用水,4.5,,,,,,6.8,7.6,,,,,,,,0.64,,,9.8,3.7,,,,6.1,24.1,,,,,,,0.02,,,,,,13,,,,,,,,,30.4,,,,,,,,,,,,,,46.5,,,,,,,,,,,,1964-11-04 00:00:00,"佐賀・福岡県筑後平野東部地域における工業用地下水源,地調月報,1966"
福岡県,甘木市林田,130,40,40,33,22,10,,井戸,用水,14,,,,,,6.8,7.3,,,,,,,,0.77,,,10.8,5.3,,,0.8,4.8,19.3,,,,0.8,0.58,,0.93,,,,,,6.4,,,,0,,,,,15.2,,,,,,,,,,,,,,57.5,,,,,,,,,,,,1964-11-04 00:00:00,"佐賀・福岡県筑後平野東部地域における工業用地下水源,地調月報,1966"
福岡県,甘木市千代丸,130,39,10,33,24,30,,井戸,用水,6,,,19.2,,,6,6.7,,,,,,,,0.65,,,7.5,3.4,,,0.3,2.3,14.7,,,,0,0.06,,0.06,,,,,,9,,,,0,,,,,12,,,,,,,,,,,,,,14.9,,,,,,,,,,,,1964-11-04 00:00:00,"佐賀・福岡県筑後平野東部地域における工業用地下水源,地調月報,1966"
福岡県,甘木市本上浦,130,38,10,33,23,40,,井戸,用水,10,,,,,,5.8,6.7,,,,,,,,0.81,,,7.2,2.4,,,0.3,4.5,22.9,,,,0.1,,,,,,,,,16.5,,,,0.02,,,,,25.1,,,,,,,,,,,,,,16.7,,,,,,,,,,,,1964-11-04 00:00:00,"佐賀・福岡県筑後平野東部地域における工業用地下水源,地調月報,1966"
福岡県,甘木市倉吉,130,39,0,33,22,30,,井戸,用水,22,,,15.4,,,7.4,7.5,,,,,,,,0.61,,,9.8,2.2,,,0.3,3.4,11.9,,,,0,0.05,,0.05,,,,,,3.6,,,,0,,,,,1,,,,,,,,,,,,,,45.1,,,,,,,,,,,,1964-11-04 00:00:00,"佐賀・福岡県筑後平野東部地域における工業用地下水源,地調月報,1966"
福岡県,三井郡守部,130,37,50,33,21,20,,井戸,用水,27,,,16.1,,,7.4,7.5,,,,,,,,0.69,,,7.7,3.1,,,0.3,2.3,7.6,,,,0,0.03,,0.03,,,,,,2.6,,,,,,,,,1,,,,,,,,,,,,,,52,,,,,,,,,,,,1964-11-04 00:00:00,"佐賀・福岡県筑後平野東部地域における工業用地下水源,地調月報,1966"
福岡県,浮羽郡菅原,130,38,20,33,20,50,,井戸,用水,12.6,,,,,,6.9,7.7,,,,,,,,0.58,,,8.8,4.5,,,,5.6,22.5,,,,,,,0,,,,,,12.5,,,,,,,,,26,,,,,,,,,,,,,,50.4,,,,,,,,,,,,1964-11-04 00:00:00,"佐賀・福岡県筑後平野東部地域における工業用地下水源,地調月報,1966"
福岡県,三井郡大城,130,36,30,33,20,40,,井戸,用水,,,,18.8,,,7.3,7.5,,,,,,,,0.8,,,10.8,3.2,,,0.4,2.4,5.8,,,,0,0.14,,0.14,,,,,,2.6,,,,0,,,,,1,,,,,,,,,,,,,,51.5,,,,,,,,,,,,1964-11-04 00:00:00,"佐賀・福岡県筑後平野東部地域における工業用地下水源,地調月報,1966"
福岡県,三井郡上高橋,130,36,20,33,22,10,,井戸,用水,25,,,19,,,7.2,7.4,,,,,,,,0.53,,,12.4,0.8,,,0.4,3.7,9.2,,,,0,0.05,,0.05,,,,,,8.8,,,,0,,,,,3.6,,,,,,,,,,,,,,38.5,,,,,,,,,,,,1964-11-04 00:00:00,"佐賀・福岡県筑後平野東部地域における工業用地下水源,地調月報,1966"
福岡県,三井郡二森,130,34,10,33,22,30,,井戸,用水,27,,,18,,,7.2,7.4,,,,,,,,0.56,,,10.8,0.9,,,0.3,3,9.7,,,,0.1,0.03,,0.03,,,,,,3.7,,,,0,,,,,1.5,,,,,,,,,,,,,,40,,,,,,,,,,,,1964-11-04 00:00:00,"佐賀・福岡県筑後平野東部地域における工業用地下水源,地調月報,1966"
福岡県,三井郡八坂,130,33,40,33,21,30,,井戸,用水,23,,,18.1,,,7.1,7.3,,,,,,,,1.23,,,17.2,4.1,,,0.8,3,8.1,,,,0.5,1.39,,2.58,,,,,,7.5,,,,0,,,,,1,,,,,,,,,,,,,,53.2,,,,,,,,,,,,1964-11-04 00:00:00,"佐賀・福岡県筑後平野東部地域における工業用地下水源,地調月報,1966"
福岡県,三井郡北野,130,34,50,33,20,30,,井戸,用水,,,,16.6,,,6.6,7,,,,,,,,0.69,,,8.5,4.4,,,0.4,6.3,17.7,,,,0.9,0.47,,0.6,,,,,,11.6,,,,0.01,,,,,24.7,,,,,,,,,,,,,,57.3,,,,,,,,,,,,1964-11-04 00:00:00,"佐賀・福岡県筑後平野東部地域における工業用地下水源,地調月報,1966"
福岡県,久留米市大杜,130,33,20,33,19,40,,井戸,用水,27,,,19.1,,,7.2,7.5,,,,,,,,0.88,,,17.6,5.6,,,0.8,3.9,9.4,,,,0.3,0.01,,0.01,,,,,,3.4,,,,0,,,,,3.7,,,,,,,,,,,,,,59,,,,,,,,,,,,1964-11-04 00:00:00,"佐賀・福岡県筑後平野東部地域における工業用地下水源,地調月報,1966"
福岡県,久留米市八丁島,130,33,50,33,20,30,,井戸,用水,23,,,17.3,,,7.3,7.5,,,,,,,,0.94,,,30.3,9,,,0.2,5.6,14.7,,,,0.3,0.25,,1.58,,,,,,29.7,,,,0.02,,,,,2,,,,,,,,,,,,,,54.5,,,,,,,,,,,,1964-11-04 00:00:00,"佐賀・福岡県筑後平野東部地域における工業用地下水源,地調月報,1966"
福岡県,三井郡,130,33,0,33,24,0,,井戸,用水,100,,,18.2,,,7.2,7.4,,,,,,,,0.53,,,17.2,1.2,,,0.2,1.7,12.3,,,,0,0.02,,0.02,,,,,,5.5,,,,0,,,,,3,,,,,,,,,,,,,,26.4,,,,,,,,,,,,1964-11-04 00:00:00,"佐賀・福岡県筑後平野東部地域における工業用地下水源,地調月報,1966"
福岡県,久留米市,130,30,50,33,19,30,,井戸,用水,45,,,20.1,2736,,7.3,7.7,,,,,,1800,,2.21,,,100,5.8,,,0.3,4.7,16,,,,0.2,0.36,,0.36,,,,,,52,,,,0,,,,,19,,,,,,,,,,,,,,57.3,,,,,,,,,,,,1964-11-04 00:00:00,"佐賀・福岡県筑後平野東部地域における工業用地下水源,地調月報,1966"
福岡県,久留米市,130,30,30,33,18,50,,井戸,用水,100,,,20.2,2400,,7.4,7.6,,,,,,2260,,1.97,,,66.7,7.5,,,0.8,8.3,17.7,,,,1.4,1.39,,3.86,,,,,,53.5,,,,0,,,,,10,,,,,,,,,,,,,,58.5,,,,,,,,,,,,1964-11-04 00:00:00,"佐賀・福岡県筑後平野東部地域における工業用地下水源,地調月報,1966"
福岡県,久留米市,130,32,0,33,18,40,,井戸,用水,86,,,21.3,576,,7.6,7.8,,,,,,4300,,1.39,,,29.4,3.4,,,0.8,3.4,7.4,,,,0.1,0.1,,0.1,,,,,,14.2,,,,0,,,,,2.5,,,,,,,,,,,,,,61.2,,,,,,,,,,,,1964-11-04 00:00:00,"佐賀・福岡県筑後平野東部地域における工業用地下水源,地調月報,1966"
福岡県,久留米市,130,31,50,33,18,0,,井戸,用水,92,,,18.4,720,,7.3,7.4,,,,,,6800,,1.01,,,7.5,3.2,,,0.4,6.3,9.1,,,,0.2,0.61,,1.03,,,,,,5,,,,,,,,,1,,,,,,,,,,,,,,61.5,,,,,,,,,,,,1964-11-04 00:00:00,"佐賀・福岡県筑後平野東部地域における工業用地下水源,地調月報,1966"
福岡県,久留米市,130,32,0,33,17,10,,井戸,用水,120,,,18.8,,,7.1,7.3,,,,,,4700,,0.69,,,10.2,1.3,,,0.3,6.3,21.4,,,,0.1,0.08,,0.08,,,,,,10.6,,,,0.02,,,,,7,,,,,,,,,,,,,,40.3,,,,,,,,,,,,1964-11-04 00:00:00,"佐賀・福岡県筑後平野東部地域における工業用地下水源,地調月報,1966"
福岡県,筑邦町,130,30,20,33,17,10,,井戸,用水,150,,,19.8,1584,,7.3,7.4,,,,,,6100,,0.64,,,8.8,3.2,,,0.3,6.9,11.3,,,,0,0.13,,0.13,,,,,,5.2,,,,0,,,,,3.7,,,,,,,,,,,,,,54.9,,,,,,,,,,,,1964-11-04 00:00:00,"佐賀・福岡県筑後平野東部地域における工業用地下水源,地調月報,1966"
福岡県,筑邦町,130,29,10,33,17,0,,井戸,用水,113,,,19.2,,,7.2,7.4,,,,,,7000,,0.85,,,7.2,3.3,,,0.6,5.2,8.9,,,,0.2,0.61,,1.03,,,,,,3.7,,,,,,,,,0,,,,,,,,,,,,,,61.6,,,,,,,,,,,,1964-11-04 00:00:00,"佐賀・福岡県筑後平野東部地域における工業用地下水源,地調月報,1966"
福岡県,筑邦町,130,30,20,33,16,10,,井戸,用水,164,,,19,1080,,7.3,7.4,,,,,,8500,,0.9,,,6.2,1.6,,,0.4,3.7,9.9,,,,0,,,,,,,,,3.4,,,,0,,,,,1,,,,,,,,,,,,,,48.5,,,,,,,,,,,,1964-11-04 00:00:00,"佐賀・福岡県筑後平野東部地域における工業用地下水源,地調月報,1966"
福岡県,筑邦町,130,30,20,33,16,0,,井戸,用水,106,,,18.3,1000,,7,7.2,,,,,,8500,,0.58,,,6.2,1.9,,,0.4,3.7,10.3,,,,,,,,,,,,,5,,,,0,,,,,1,,,,,,,,,,,,,,50.7,,,,,,,,,,,,1964-11-04 00:00:00,"佐賀・福岡県筑後平野東部地域における工業用地下水源,地調月報,1966"
福岡県,坑道深度450m,,,,,,,,坑道,坑道湧水,,,,30,,,7.8,,,,,,,,,3.1,,,,,,,0.4,3.5,6.2,,,,,0.1,,,,,,,,72.4,,,,,,,,,1.9,,,,,420.9,,,,,,,,,,,,,,,,,,,,,,"諌早炭田北部の地下水,松下久道教授記念論文集,1971"
福岡県,坑道深度520m,,,,,,,,坑道,坑道湧水,,,,,,,8.2,,,,,,,,,2.6,,,,,,,0.8,1.5,3.2,,,,,0.1,,,,,,,,58,,,,,,,,,1,,,,,430.1,,,,,,,,,,,,,,,,,,,,,,"諌早炭田北部の地下水,松下久道教授記念論文集,1971"
福岡県,坑道深度560m,,,,,,,,坑道,坑道湧水,,,,32,,,8.1,,,,,,,,,3.4,,,,,,,0.3,1,3.8,,,,,0,,,,,,,,57.6,,,,,,,,,6.5,,,,,451.4,,,,,,,,,,,,,,,,,,,,,,"諌早炭田北部の地下水,松下久道教授記念論文集,1971"
福岡県,坑道深度600m,,,,,,,,坑道,坑道湧水,,,,33,,,8.1,,,,,,,,,0.6,,,,,,,0.2,1.5,2.5,,,,,0.3,,,,,,,,74.3,,,,,,,,,0.7,,,,,466.4,,,,,,,,,,,,,,,,,,,,,,"諌早炭田北部の地下水,松下久道教授記念論文集,1971"
福岡県,平尾台青龍　,,,,,,,,湧泉,用水,,,,,,,,8.3,,,,,,,,,,,2.5,0.01,,,,1.21,54.2,,,,,,,,,,,,,5.8,,,,,,,,,6.1,,,,,157,,,,,,,,,2.2,,,,,,,,,,,,1979-01-03 00:00:00,"福岡県平尾台の地下水の化学成分,洞窟学雑誌,1979"
福岡県,平尾台青龍　,,,,,,,,湧泉,用水,,,,,,,,8.1,,,,,,,,,,,3.4,0.15,,,,1.45,42,,,,,,,0.011,,,,,,4.7,,,,,,,,,2.8,,,,,128,,,,,,,,,7.9,,,,,,,,,,,,1979-01-04 00:00:00,"福岡県平尾台の地下水の化学成分,洞窟学雑誌,1979"
福岡県,平尾台青龍　,,,,,,,,湧泉,用水,,,,,,,,7.4,,,,,,,,,,,4.7,0.51,,,,0.96,11.7,,,,,,,0.028,,,,,,4.8,,,,,,,,,2.5,,,,,44.4,,,,,,,,,13.6,,,,,,,,,,,,1979-01-04 00:00:00,"福岡県平尾台の地下水の化学成分,洞窟学雑誌,1979"
福岡県,平尾台青龍　,,,,,,,,湧泉,用水,,,,,,,,7.9,,,,,,,,,,,4,0.44,,,,0.96,23,,,,,,,0.039,,,,,,4.8,,,,,,,,,3.2,,,,,78.6,,,,,,,,,10.7,,0,,,,,,,,,,1979-01-04 00:00:00,"福岡県平尾台の地下水の化学成分,洞窟学雑誌,1979"
福岡県,平尾台青龍　,,,,,,,,湧泉,用水,,,,,,,,7.5,,,,,,,,,,,4.4,0.46,,,,1,18.3,,,,,,,0.051,,,,,,4.9,,,,,,,,,3.3,,,,,61.5,,,,,,,,,12.2,,0,,,,,,,,,,1979-01-04 00:00:00,"福岡県平尾台の地下水の化学成分,洞窟学雑誌,1979"
福岡県,平尾台青龍　,,,,,,,,湧泉,用水,,,,,,,,7.2,,,,,,,,,,,4.9,0.46,,,,0.9,6.8,,,,,,,0.025,,,,,,4.8,,,,,,,,,4,,,,,29.8,,,,,,,,,14.5,,0.022,,,,,,,,,,1979-01-04 00:00:00,"福岡県平尾台の地下水の化学成分,洞窟学雑誌,1979"
福岡県,平尾台,,,,,,,,湧泉,用水,,,11.2,12.1,,,7.5,8.6,,,,,,,,,,,2.6,0.07,,,,0.92,49.8,,,,,,,,,,,,,4.8,,,,,,,,,7.2,,,,,128,,,,,,,,,3.9,,,,,,,,,,,,1974-05-05 00:00:00,"福岡県平尾台の地下水の化学成分,洞窟学雑誌,1979"
福岡県,平尾台,,,,,,,,湧泉,用水,,,,11.2,,,7.7,8.5,,,,,,,,,,,3.7,0.36,,,,1.14,39.9,,,,,,,,,,,,,4.9,,,,,,,,,6.5,,,,,118,,,,,,,,,9.9,,,,,,,,,,,,1974-05-05 00:00:00,"福岡県平尾台の地下水の化学成分,洞窟学雑誌,1979"
福岡県,平尾台,,,,,,,,湧泉,用水,,,,,,,,8.3,,,,,,,,,,,3.6,0.32,,,,1.34,50.2,,,,,,,0.013,,,,,,5.6,,,,,,,,,6.3,,,,,146,,,,,,,,,7.1,,0.001,,,,,,,,,,1979-01-04 00:00:00,"福岡県平尾台の地下水の化学成分,洞窟学雑誌,1979"
福岡県,平尾台,,,,,,,,湧泉,用水,,,13.1,13.3,,,7.6,8.6,,,,,,,,,,,3.3,0.17,,,,0.89,56.8,,,,,,,,,,,,,5.7,,,,,,,,,7.1,,,,,140,,,,,,,,,3.9,,,,,,,,,,,,1974-05-05 00:00:00,"福岡県平尾台の地下水の化学成分,洞窟学雑誌,1979"
福岡県,平尾台,,,,,,,,湧泉,用水,,,14,13,,,7.3,8.6,,,,,,,,,,,4.3,0.48,,,,1.35,34.2,,,,,,,,,,,,,5,,,,,,,,,5.5,,,,,108,,,,,,,,,12.8,,,,,,,,,,,,1974-05-03 00:00:00,"福岡県平尾台の地下水の化学成分,洞窟学雑誌,1979"
福岡県,平尾台,,,,,,,,湧泉,用水,,,,14.1,,,7.5,8.5,,,,,,,,,,,4.5,0.51,,,,1.37,32.3,,,,,,,,,,,,,4.8,,,,,,,,,4.9,,,,,104,,,,,,,,,13,,,,,,,,,,,,1974-05-05 00:00:00,"福岡県平尾台の地下水の化学成分,洞窟学雑誌,1979"
福岡県,平尾台,,,,,,,,湧泉,用水,,,,,,,,,,,,,,,,,,,4.9,0.58,,,,1.42,39.7,,,,,,,0.013,,,,,,4.8,,,,,,,,,3.9,,,,,123,,,,,,,,,12.1,,0.024,,,,,,,,,,1977-10-27 00:00:00,"福岡県平尾台の地下水の化学成分,洞窟学雑誌,1979"
福岡県,平尾台,,,,,,,,湧泉,用水,,,,,,,,8.3,,,,,,,,,,,4.7,0.48,,,,1.46,35.8,,,,,,,0.022,,,,,,5.5,,,,,,,,,5,,,,,114,,,,,,,,,13.3,,0.009,,,,,,,,,,1979-01-04 00:00:00,"福岡県平尾台の地下水の化学成分,洞窟学雑誌,1979"
福岡県,平尾台,,,,,,,,湧泉,用水,,,,,,,,8.3,,,,,,,,,,,4.1,0.2,,,,1.23,59.3,,,,,,,0.009,,,,,,8.6,,,,,,,,,9.9,,,,,161,,,,,,,,,3.9,,,,,,,,,,,,1979-01-04 00:00:00,"福岡県平尾台の地下水の化学成分,洞窟学雑誌,1979"
福岡県,平尾台,,,,,,,,湧泉,用水,,,11,13,,,7.6,8.6,,,,,,,,,,,2.8,0.07,,,,0.77,59.6,,,,,,,,,,,,,5.7,,,,,,,,,5.2,,,,,158,,,,,,,,,2.9,,,,,,,,,,,,1974-05-03 00:00:00,"福岡県平尾台の地下水の化学成分,洞窟学雑誌,1979"
福岡県,平尾台,,,,,,,,湧泉,用水,,,13,13.2,,,7.7,8.4,,,,,,,,,,,3.1,0.13,,,,0.86,44.6,,,,,,,,,,,,,5.3,,,,,,,,,7.6,,,,,117,,,,,,,,,0.001,,,,,,,,,,,,1974-05-06 00:00:00,"福岡県平尾台の地下水の化学成分,洞窟学雑誌,1979"
福岡県,平尾台,,,,,,,,湧泉,用水,,,,,,,,,,,,,,,,,,,3.9,0.38,,,,1.39,64.3,,,,,,,0.009,,,,,,4.8,,,,,,,,,5.2,,,,,190,,,,,,,,,6.2,,0.022,,,,,,,,,,1977-10-27 00:00:00,"福岡県平尾台の地下水の化学成分,洞窟学雑誌,1979"
福岡県,平尾台,,,,,,,,湧泉,用水,,,14.6,13.1,,,7.6,,,,,,,,,,,,2.8,0.13,,,,0.79,44.5,,,,,,,,,,,,,,,,,,,,,,,,,,,,,,,,,,,,,,,,,,,,,,,,1974-05-06 00:00:00,"福岡県平尾台の地下水の化学成分,洞窟学雑誌,1979"
福岡県,平尾台,,,,,,,,湧泉,用水,,,12,13.5,,,7.2,8.6,,,,,,,,,,,3.1,0.21,,,,1.25,73,,,,,,,,,,,,,6.2,,,,,,,,,11.6,,,,,185,,,,,,,,,3.9,,,,,,,,,,,,1974-05-03 00:00:00,"福岡県平尾台の地下水の化学成分,洞窟学雑誌,1979"
福岡県,平尾台,,,,,,,,湧泉,用水,,,,,,,7.8,8.6,,,,,,,,,,,4.2,0.68,,,,1.14,48.2,,,,,,,,,,,,,6.5,,,,,,,,,6,,,,,132,,,,,,,,,8,,,,,,,,,,,,1974-05-05 00:00:00,"福岡県平尾台の地下水の化学成分,洞窟学雑誌,1979"
福岡県,平尾台,,,,,,,,湧泉,用水,,,,10.4,,,7.8,8.7,,,,,,,,,,,3.5,0.32,,,,1.53,76.7,,,,,,,,,,,,,7,,,,,,,,,15.2,,,,,207,,,,,,,,,7.5,,,,,,,,,,,,1974-05-06 00:00:00,"福岡県平尾台の地下水の化学成分,洞窟学雑誌,1979"
福岡県,平尾台,,,,,,,,湧泉,用水,,,,9.8,,,7.8,,,,,,,,,,,,2.1,0.21,,,,0.52,46.1,,,,,,,,,,,,,,,,,,,,,,13.3,,,,,,,,,,,,,,13.3,,,,,,,,,,,,1974-05-06 00:00:00,"福岡県平尾台の地下水の化学成分,洞窟学雑誌,1979"
福岡県,平尾台,,,,,,,,湧泉,用水,,,9.7,9.3,,,7.6,,,,,,,,,,,,1.9,0.07,,,,0.52,51.1,,,,,,,,,,,,,,,,,,,,,,14.4,,,,,,,,,,,,,,,,,,,,,,,,,,1974-05-06 00:00:00,"福岡県平尾台の地下水の化学成分,洞窟学雑誌,1979"
福岡県,平尾台,,,,,,,,湧泉,用水,,,,13.9,,,7.7,8.5,,,,,,,,,,,4.8,0.65,,,,1.87,42.6,,,,,,,,,,,,,7.4,,,,,,,,,11.1,,,,,121,,,,,,,,,12.2,,,,,,,,,,,,1974-05-06 00:00:00,"福岡県平尾台の地下水の化学成分,洞窟学雑誌,1979"
福岡県,平尾台,,,,,,,,湧泉,用水,,,13.7,13.7,,,7.7,8.3,,,,,,,,,,,3.6,0.34,,,,1.08,41.6,,,,,,,,,,,,,5.1,,,,,,,,,7.9,,,,,101,,,,,,,,,8.4,,,,,,,,,,,,1974-05-06 00:00:00,"福岡県平尾台の地下水の化学成分,洞窟学雑誌,1979"
福岡県,平尾台,,,,,,,,湧泉,用水,,,12,13.9,,,7,8.3,,,,,,,,,,,9.5,6.6,,,,2.66,22.2,,,,,,,,,,,,,11.8,,,,,,,,,6.9,,,,,90.2,,,,,,,,,57.2,,,,,,,,,,,,1974-05-06 00:00:00,"福岡県平尾台の地下水の化学成分,洞窟学雑誌,1979"
福岡県,平尾台,,,,,,,,湧泉,用水,,,,14.4,,,7.7,8.6,,,,,,,,,,,2.8,0.18,,,,0.95,62.8,,,,,,,,,,,,,5.3,,,,,,,,,7,,,,,159,,,,,,,,,4.7,,,,,,,,,,,,1974-05-06 00:00:00,"福岡県平尾台の地下水の化学成分,洞窟学雑誌,1979"
福岡県,豊前市,,,,,,,,井戸,観測井,124,,,21.5,,,6.1,,,,,,,,,0.5,,,41.2,1.9,,,,9.6,14.8,,,,,,,0.05,,,,,,21.1,,,,,,,,,0.3,,,,,26.8,,,,,,,,,11.1,,,5.5,,15.8,,,,,,,1971,"地下水利用適正化調査に係る地下水位等観測井についての資料,工業用水,1983"
福岡県,二日市町,130,30,47,33,29,1,,不明,温泉・鉱泉,,,27.8,46.2,48.6,,8.9,8.9,,0.9991,,684,,,,,,,281.9,5.717,,,,0.5684,12.3,,,0.06,,0.35,,,,,,,,314.6,,,6.89,,,0.3472,,,24.55,,,,,93.67,37.45,,,21.49,,,,0.1817,,57.89,,,,,,,,,,mg/kg,,"温泉中分析試験,福岡県衛生研究所報3,1953"
福岡県,穂波村,130,40,52,33,37,11,,不明,温泉・鉱泉,,,29.6,42.4,424.5,,9.9,9.9,,0.9984,,300.4,,,,,,,86.56,21.57,,,,0.1751,1.861,,,0.371,,0.5604,,,,,,,,77.17,,,0.5102,,,,,,17.35,,,,,97.5,7.183,,,3.5,,,,,,56.25,,,,,,,,,,mg/kg,,"温泉中分析試験,福岡県衛生研究所報3,1953"
福岡県,杷木町,130,40,54,33,20,55,,不明,温泉・鉱泉,,,7.8,38,7228,,7.4,,,0.9988,,576,,,,,,,184.1,5.365,,,,5.381,18.28,,,0.344,,0.595,,,,,,,,116.7,,,,,,,,,,,,,,382.2,,,,,,,,,,60.06,,,,13.29,,,,,,mg/kg,,"温泉中分析試験,福岡県衛生研究所報3,1953"
福岡県,,130,31,1,33,29,16,,不明,温泉・鉱泉,,,14.2,44.2,111.6,,8.8,8.72,15.26,,,,,,,,,,26.47,3.953,,,,0.6997,10.51,,,,,0.025,,,,,,,,296.9,,,3.697,,,0.8764,,,28.78,,,,,104.4,19.92,,,26.4,,,,0.0363,,57.46,,,,,,,,,,mg/kg,,"福岡県下に於ける温泉分析例,福岡県衛生研究所報4,1956"
福岡県,,130,31,1,33,29,16,,不明,温泉・鉱泉,,,17.4,48,46.2,,8.4,8.65,10.1,,,,,,,,,,245.6,3.774,,,,0.349,9.579,,,,0.004,0.024,,,,,,,,243.9,,,0.085,,,0.232,,,33.05,,,,,100.5,48.67,,,18.58,,,,0.214,,58.38,,,,,,,,,,mg/kg,,"福岡県下に於ける温泉分析例,福岡県衛生研究所報4,1956"
福岡県,,130,46,54,33,20,55,,不明,温泉・鉱泉,,,32,48,15.8,,8.2,8.2,2.6,,,,,,,,,,318.4,1.624,,,,0.416,3.721,,,,,0.131,,,,,,,,175,,,0.063,,,,,,7.271,,,,,339.7,84.9,,,26.9,,,,0.054,,56.34,,,,,,,,,,mg/kg,,"福岡県下に於ける温泉分析例,福岡県衛生研究所報4,1956"
福岡県,,130,46,54,33,20,55,,不明,温泉・鉱泉,,,18,43,116.5,,8.2,8.2,0.74,,,,,,,,,,236.3,2.507,,,,1.882,8.337,,,,,0.203,,,,,,,,121.8,,,1.582,,,0.43,,,3.461,,,,,348.4,31.33,,,23.72,,,,0.032,,57.53,,,,,,,,,,mg/kg,,"福岡県下に於ける温泉分析例,福岡県衛生研究所報4,1956"
福岡県,,130,46,54,33,20,55,,不明,温泉・鉱泉,,,17,50,35.4,,8.2,8.25,0.76,,,,,,,,,,298.8,1.973,,,,1.006,4.508,,,,,0.134,,,,,,,,157.9,,,3.776,,,0.926,,,6.716,,,,,321.3,70.36,,,38.45,,,,0.032,,53.88,,,,,,,,,,mg/kg,,"福岡県下に於ける温泉分析例,福岡県衛生研究所報4,1956"
福岡県,,130,46,54,33,20,55,,不明,温泉・鉱泉,,,25,43,53.4,,8.1,8.1,0.77,,,,,,,,,,240.5,2.472,,,,1.903,8.658,,,,,0.133,,,,,,,,124.7,,,0.017,,,0.628,,,2.554,,,,,298.6,65.86,,,18.76,,,,0.032,,53.62,,,,,,,,,,mg/kg,,"福岡県下に於ける温泉分析例,福岡県衛生研究所報4,1956"
福岡県,玄海町,130,30,48,33,49,7,,不明,温泉・鉱泉,,,31.2,20.4,1,,7.2,7.25,26.1,,,,,,,,,,1226,3.692,,,,45.31,1460,,,0.3,2.169,0.467,,,,,,,,4309,,,,,,,,,313,,,,,130.1,,,,,,,,,,19.43,,,,,,,,,,mg/kg,1951-09-02 00:00:00,"温泉分析について,福岡県衛生研究所報5,1956"
福岡県,筑紫野町,130,30,41,33,28,57,,不明,温泉・鉱泉,,,28,45,123.7,,8.4,8.4,24.62,,,,,,,,,,216,3.359,,,,0.81,7.809,,,,,1.838,,,,,,,,180.8,,,0.068,,,0.854,,,41.13,,,,,122.4,50.1,,,14.56,,,,0.107,,55.24,,,,,,,,,,mg/kg,1951-10-09 00:00:00,"温泉分析について,福岡県衛生研究所報5,1956"
福岡県,北野町,130,37,2,33,20,7,,不明,温泉・鉱泉,,,21,32.3,76.3,,7.4,7.51,1.57,,,,,,,,,,145.7,20.13,,,,5.141,11.02,,,,0.2,1.47,,,,,,,,52.53,,,,,,,,,0.494,,,,,390.75,,,,,,,,0.032,,107.5,4.909,,,80.39,,,,,,mg/kg,1951-11-24 00:00:00,"温泉分析について,福岡県衛生研究所報5,1956"
福岡県,浮羽町,130,48,20,33,21,6,,不明,温泉・鉱泉,,,13,34.4,45.9,,9.2,9.25,13.02,,,,,,,,,,39.92,11.21,,,,0.415,3.509,,,,,0.028,,,,,,,,20.6,,,10.28,,,0.822,,,9.654,,,,,19.2,11.35,,,,,,,0.125,,19.16,,,,,,,,,,mg/kg,1952-03-27 00:00:00,"温泉分析について,福岡県衛生研究所報5,1956"
福岡県,,130,30,48,33,29,37,,不明,温泉・鉱泉,,,15,28,157,,8.1,8.3,14.48,0.999,,435,,,,,,,158.2,0.883,,,,0.503,18.67,,,1.46,,0.03,,,,,,,,101.2,,,0.952,,,1.29,,,53.75,,,,,152.1,42.31,,,2.912,,,,0.032,,53.6,,,,,,,,,,mg/kg,1954-05-06 00:00:00,"温泉分析,福岡県衛生研究所報7,1968"
福岡県,,130,30,48,33,29,37,,不明,温泉・鉱泉,,,4.9,29.2,57,,8.3,8.6,12.14,0.9987,,397,,,,,,,170.9,1.66,,,,0.154,15.71,,,2.145,,0.035,,,,,,,,124.5,,,1.956,,,2.546,,,46.7,,,,,106.4,60.31,,,4.881,,,,0.032,,54.79,,,,,,,,,,mg/kg,1954-05-06 00:00:00,"温泉分析,福岡県衛生研究所報7,1968"
福岡県,,130,31,1,33,29,16,,不明,温泉・鉱泉,,,9,26.8,69,,8.2,8.28,10.1,0.9985,,407,,,,,,,144.1,0.812,,,,0.591,24.55,,,0.3,,0.1,,,,,,,,79.79,,,1.854,,,,,,50.73,,,,,115.1,61.69,9.791,,4.88,,,,0.064,,39.8,,,,,,,,,,mg/kg,1954-01-30 00:00:00,"温泉分析,福岡県衛生研究所報7,1968"
福岡県,,130,31,1,33,29,16,,不明,温泉・鉱泉,,,12.1,39.2,84.3,,8.1,8.3,11.17,0.9987,,424,,,,,,,173.9,2.79,,,,0.394,10.31,,,1.126,,0.401,,,,,,,,133.6,,,4.303,,,0.364,,,31.11,,,,,110,49.96,,,7.335,,,,0.064,,55.88,,,,,,,,,,mg/kg,1954-03-09 00:00:00,"温泉分析,福岡県衛生研究所報7,1968"
福岡県,,130,31,1,33,29,16,,不明,温泉・鉱泉,,,11.7,44.2,57,,8.4,8.8,18.09,0.9987,,528,,,,,,,221.4,3.602,,,,0.306,11.95,,,1.103,,0.15,,,,,,,,200.7,,,26.43,,,1.455,,,38.11,,,,,37.58,48.91,,,9.783,,,,0.107,,60.13,,,,,,,,,,mg/kg,1954-03-09 00:00:00,"温泉分析,福岡県衛生研究所報7,1968"
福岡県,,130,46,44,33,21,58,,不明,温泉・鉱泉,,,19.8,54.2,87,,8.6,8.4,1.55,0.9989,,698,,,,,,,296.6,2.595,,,,0.328,4.651,,,0.377,,1.601,,,,,,,,157.4,,,35.61,,,0.53,,,9.69,,,,,127.3,116.2,,,37.17,,,,0.032,,59.34,,,,,,,,,,mg/kg,1954-06-30 00:00:00,"温泉分析,福岡県衛生研究所報7,1968"
福岡県,,130,46,44,33,21,58,,不明,温泉・鉱泉,,,23.8,53.8,93.7,,8.5,8.55,1.36,0.9988,,651,,,,,,,294.3,2.613,,,0.16,0.306,2.791,,,0.367,,0.075,,,,,,,,153.2,,,8.079,,,2.315,,,7.375,,,,,227.1,104.5,,,37.17,,,,,,60.12,,,,,,,,,,mg/kg,1954-06-30 00:00:00,"温泉分析,福岡県衛生研究所報7,1968"
福岡県,,130,46,44,33,20,50,,不明,温泉・鉱泉,,,33,41.5,168,,8.1,8.3,0.09,0.9977,,614,,,,,,,254.9,3.006,,,,1.285,15.76,,,0.655,,0.01,,,,,,,,108.2,,,0.9,,,,,,0.949,,,,,372.3,48.67,,,24.49,,,,,,60.84,,,,,,,,,,mg/kg,1954-09-03 00:00:00,"温泉分析,福岡県衛生研究所報7,1968"
福岡県,,130,49,48,33,21,37,,不明,温泉・鉱泉,,,32,19.6,24,,8.4,8.6,8.25,0.9977,,542,,,,,,,252.3,1.603,,,,0.219,8.166,,,0.651,,0.031,,,,,,,,96,,,1.31,,,,,,21.03,,,,,186.7,143.1,,,19.57,,,,,,29.31,,,,,,,,,,mg/kg,1954-09-03 00:00:00,"温泉分析,福岡県衛生研究所報7,1968"
福岡県,,130,30,47,33,29,1,,不明,温泉・鉱泉,,,14.7,31,85.3,,8.19,8.2,17.14,0.9986,,457.5,,,,,,,130.4,2.013,,,,,21.82,,,0.903,,0.135,,,,,,,,131.4,,,0.027,,,,,,43.39,,,,,137.7,1.029,1.595,,0.449,,,,,,51.07,4.856,,,2.086,,,,,,mg/kg,1955-03-15 00:00:00,"温泉分析試験成績,福岡県衛生研究所報8,1959"
福岡県,,130,30,47,33,29,1,,不明,温泉・鉱泉,,,18.9,44.6,83,,8.9,8.9,19.85,0.9986,,564.5,,,,,,,188.9,3.39,,,,,7.658,,,0.779,,"0,.094",,,,,,,,217.8,,,0.136,,,,,,35.52,,,,,98.92,4.488,7.771,0.011,3.28,,,,,,51.17,7.279,,,0.308,,,,,,mg/kg,1955-03-15 00:00:00,"温泉分析試験成績,福岡県衛生研究所報8,1959"
福岡県,,130,30,47,33,29,1,,不明,温泉・鉱泉,,,,21.3,51,,,8.5,9.17,0.9985,,388,,,,,,,67.77,0.636,,,0.229,2.933,51.97,,,,,1.534,,,,,,,,59.77,,,0.005,,,,,,51.55,,,,,187.1,0.156,0.262,,,,,,0.107,,42.04,,,,13.13,,,,,,mg/kg,1955-10-28 00:00:00,"温泉分析試験成績,福岡県衛生研究所報8,1959"
福岡県,,130,30,47,33,29,1,,不明,温泉・鉱泉,,,16.4,28.4,81.7,,8.3,8.46,3.31,0.9984,,155.5,,,,,,,36.14,0.671,,,,0.306,8.59,,,0.551,,3.089,,,,,,,,13.28,,,0.496,,,,,,3.214,,,,,104.7,0.198,1.681,0.007,,,,,,,30.07,,,,1.003,,,,,,mg/kg,1955-12-09 00:00:00,"温泉分析試験成績,福岡県衛生研究所報8,1959"
福岡県,,130,30,48,33,29,37,,不明,温泉・鉱泉,,,23.5,27.8,10.14,,8.4,8.5,17.67,0.9983,,435.1,,,,,,,145.9,1.236,,,,,5.582,,,0.798,,0.136,,,,,,,,117.4,,,0.0544,,,,,,51.01,,,,,133.8,2.31,2.467,,1.541,,,,,,40.05,8.432,,,0.963,,,,,,mg/kg,1955-07-08 00:00:00,"温泉分析試験成績,福岡県衛生研究所報8,1959"
福岡県,,130,46,33,33,20,54,,不明,温泉・鉱泉,,,14.8,41.7,46,,8.5,8.7,0.06,0.9984,,630,,,,,,,221.3,6.748,,,0.896,,12.24,,,0.326,,0.094,,,,,,,,147.4,,,0.085,,,,,,2.391,,,,,360.3,10.63,4.695,0.004,4.513,,,,,,47.61,15.41,,,1.729,,,,,,mg/kg,1955-01-18 00:00:00,"温泉分析試験成績,福岡県衛生研究所報8,1959"
福岡県,,130,46,33,33,20,54,,不明,温泉・鉱泉,,,12.1,42,127.5,,8,8.2,0.19,0.9995,,601.5,,,,,,,188.2,6.352,,,0.665,,18.88,,,0.179,,0.215,,,,,,,,109.4,,,0.027,,,,,,1.153,,,,,413.9,3.882,2.112,0.015,1.271,,,,,,67.51,13.7,,,6.262,,,,,,mg/kg,1955-01-18 00:00:00,"温泉分析試験成績,福岡県衛生研究所報8,1959"
福岡県,,130,19,44,33,30,5,,不明,温泉・鉱泉,,,22.8,26.2,42.52,,9.7,9.8,2.6,0.9983,,145,,,,,,,51.55,0.124,,,,0.024,0.996,,,0.017,,,,0.022,,,,,,18.69,,,1.072,,,,,,10.47,,,,,52.53,8.38,25.78,0.639,,,,,,,20.87,,,,,,,,,,mg/kg,1961-06-02 00:00:00,"鉱泉分析,福岡県衛生研究所報,1965"
福岡県,,130,24,10,33,9,9,,不明,温泉・鉱泉,,,27.4,47.9,,,8.5,8.5,0.22,0.9999,,202.3,,,,,,,780.5,5.608,,,1.052,3.059,9.095,,,0.04,,,,1.007,,,,,,826.2,,,0.068,,,,,,0.699,,,,,681.1,6.526,3.23,,4.252,,,,,,40.97,18.14,,,3.046,,,,,,mg/kg,1961-09-26 00:00:00,"鉱泉分析,福岡県衛生研究所報,1965"
福岡県,,130,35,37,33,41,15,,不明,温泉・鉱泉,,,16.4,27.7,,,9.3,9.4,4.2,0.9983,,100,,,,,,,37.04,,,,,0.173,2.212,,,0.029,,,,0.028,,,,,,10.35,,,0.425,,,,,,15.04,,,,,50.41,3.159,13.68,0.004,,,,,,,27.73,,,,4.102,,,,,,mg/kg,1961-05-14 00:00:00,"鉱泉分析,福岡県衛生研究所報,1965"
福岡県,,130,46,54,33,20,55,,不明,温泉・鉱泉,,,15.8,48.8,125.28,,8.4,8.5,0.43,0.9988,,632.5,,,,,,,239.1,1.801,,,,0.845,3.519,,,0.404,,,,0.025,,,,,,162.4,,,0.054,,,,,,4.202,,,,,358.6,2.661,4.371,,3.862,,,,,,70.9,21.09,,,3.908,,,,,,mg/kg,1961-01-17 00:00:00,"鉱泉分析,福岡県衛生研究所報,1965"
福岡県,,130,46,54,33,20,55,,不明,温泉・鉱泉,,,14.8,49.5,77,,8.8,8.8,0.21,0.9988,,719.5,,,,,,,256.1,2.084,,,,0.616,1.645,,,0.048,,,,0.031,,,,,,182.4,,,0.107,,,,,,8.199,,,,,341.3,5.389,7.024,0.007,5.335,,,,,,56.89,14.54,,,1.021,,,,,,mg/kg,1961-04-11 00:00:00,"鉱泉分析,福岡県衛生研究所報,1965"
福岡県,,130,46,54,33,20,55,,不明,温泉・鉱泉,,,14.8,51.7,46,,8.8,8.8,0.39,0.9988,,700.5,,,,,,,251.7,3.355,,,,0.545,4.698,,,0.023,,,,0.042,,,,,,182.4,,,0.107,,,,,,8.899,,,,,341.3,5.389,7.116,0.007,3.999,,,,,,57.71,10.92,,,1.021,,,,,,mg/kg,1961-04-11 00:00:00,"鉱泉分析,福岡県衛生研究所報,1965"
福岡県,,130,48,3,33,21,18,,不明,温泉・鉱泉,,,21.8,45.3,,,8.4,8.4,0.48,0.9987,,574.7,,,,,,,199.3,2.789,,,0.428,3.083,13.97,,,0.043,,,,0.251,,,,,,148.8,,,0.043,,,,,,0.948,,,,,326.1,1.962,2.583,0.004,0.925,,,,,,52.35,6.285,,,1.919,,,,,,mg/kg,1961-11-17 00:00:00,"鉱泉分析,福岡県衛生研究所報,1965"
福岡県,,130,48,40,33,21,22,,不明,温泉・鉱泉,,,26.4,28,81,,8.2,8.3,0.7,0.9984,,165.5,,,,,,,46.56,2.013,,,,0.504,11.59,,,0.018,,,,0.047,,,,,,26.17,,,0.034,,,,,,7.872,,,,,105.7,0.621,1.017,,,,,0.043,,,25.89,,,,1.267,,,,,,mg/kg,1961-08-05 00:00:00,"鉱泉分析,福岡県衛生研究所報,1965"
福岡県,,130,48,40,33,21,22,,不明,温泉・鉱泉,,,32.5,34.9,,,8.8,8.8,0.64,0.9983,,156,,,,,,,57.72,0.389,,,,0.151,1.823,,,0.013,,,,0.069,,,,,,20.12,,,0.107,,,,,,9.148,,,,,109,1.056,3.308,0.008,,,,0.118,,,26.83,,,,0.489,,,,,,mg/kg,1961-09-26 00:00:00,"鉱泉分析,福岡県衛生研究所報,1965"
福岡県,,130,48,40,33,21,22,,不明,温泉・鉱泉,,,12.6,31.4,60,,8.1,8.1,0.02,0.9984,,139.5,,,,,,,45.49,2.332,,,,0.129,8.254,,,0.034,,,,0.007,,,,,,17.56,,,0.027,,,,,,9.108,,,,,105.5,0.369,0.833,0.002,0.056,,,0.162,0.011,,26.76,0.916,,,1.087,,,,,,mg/kg,1961-12-10 00:00:00,"鉱泉分析,福岡県衛生研究所報,1965"
,,,,,,,,,,,,,,,L/min,,,,,,,,,,,,,,,,,,,,,,,,,,,,,,,,,,,,,,,,,,,,,,,,,,,,,,,,,,,,,,,,,,,,,
